,,Gov Id,T1 Diff,T2 Diff,T3 Diff,T4 Diff,T5 Diff,Deads,Formula
448,VikThōr,58883891,373797,1974,21060,15723386,29374465,4317463,100377094
575,义Kakaroto义,96502129,532908,36701,103961,28832397,16414510,3381924,81952961
79,Całî,85689750,91651,5485,7779,23072630,22816194,1981979,80596892
178,Nerf ö,95459238,741784,95808,66842,16112423,19197285,3512311,75580859
373,Shanewarwolf,38232075,234881,108861,74204,10302518,15996776,2896762,59676642
268,TwoFacedMox,64115009,172570,49143,40189,19583686,14598612,732668,53176918
578,义Rengoku,10391630,1081877,351912,262509,12664364,11911942,2522866,51625444
153,Grandpa OG,8042386,68017,7353,37655,9837417,12787911,2264124,48997983
483,diR,37239310,641246,168829,129116,14089726,14590500,888396,48601102
338,RED SnappER,64237899,28785,2009,30514,11720224,14549881,1031069,47006400
434,TheRealMimi,217385,105450,28220,23894,13491569,11063171,1798496,46408887
193,Jedi Mätty,95676399,66460,9766,30173,9704262,10477605,2463606,45441108
532,A T L Ã S,62739007,36,30094,47510,7703579,12163702,1407067,40473385
174,Läzzy,3534140,298190,,180499,5923343,7497009,3220336,40239377
167,Himurã,63598668,170735,430850,232682,9801670,12390696,928180,40152142
172,HotShotTiger,58442808,115719,144998,7338,10054618,12372904,767643,39406284
60,Busterblader,10327115,1734,1306,610,4563364,7443373,3230197,38831292
8,ALMIGHTY BLACK,39756277,102142,52111,20705,7577514,10733437,1424710,37592648
4,义Babyy义,26254887,167730,520817,29922,9392347,8529651,1592684,36007753
293,PABAN,71320446,20286,100898,89407,9169189,11839279,411064,35314131
10,ARISA OG,8918322,73380,10756,146345,10240879,9116805,948895,34167859
269,Mr Bigfish,95676746,159607,5658,85409,7160800,8009021,1672630,33214622
336,RA38  LionsRoar,12782581,25569,56052,420861,9718489,8809111,900377,32738973
493,mantovinii,63932677,20610,4452,1381,7434890,7704519,1633678,32645996
100,Dantss个,50114134,91842,19934,1637,7849994,10328139,674849,32555366
145,GGerard,14138612,499421,39510,1641,9435694,6348298,1607058,31774638
515,xNJx,2796071,230026,131513,126121,7710304,9048610,917855,31314654
356,RubbMyNuts,13816815,65742,14367,14427,6221498,7160185,1412444,29016532
567,乄 Gembel 乄,33305369,-4496191,-689788,-980898,6323358,7948311,1043962,28483752
137,Flexÿ,63955350,30567,9157,3211,4511285,7243765,1523507,28139857
136,FlammA,57141256,49808,10389,5376,6213873,7678893,927669,27137673
449,Vivadiva,96566351,74804,1462,12495,6323985,8701644,544086,26991789
289,Odysseus シ,59797086,164165,8343,41092,7873762,8044544,478675,26834900
597,父 Crystal 父,28618527,24739,9854,5567,4244101,7767756,1156694,26719777
68,CISILIA,63774991,173492,183712,141518,5500750,6500134,1197864,25688202
252,Marcusᴳᴺᴳ,54977338,284011,95700,40116,6106556,6128574,1212244,25637168
122,Executioner AF,18373874,53996,28621,51706,6235529,6081988,1187508,25524553
564,乂 HAXOR 乂,36397118,395176,156772,200011,8193968,3819892,1611010,25499812
451,Vēnomous OG,80489423,348612,106995,87090,6994133,5931137,1044198,25121595
420,SonicSuren,62942972,65864,10732,24218,5238274,6489069,1143537,25077634
213,Kоlуan,62080073,117512,344601,109107,7128652,8066114,301674,25070924
148,Ammye 个,15984647,187260,44351,19259,5510896,6129837,1203025,24988720
378,Sir Rockzo,52619890,194552,54749,11521,5809727,6956840,827786,24690123
536,ᴰᴳ TheWall,683664,291910,23373,30989,7142825,7207125,512484,24631979
501,Nail1ÿ,63886129,262003,2936,2931,4379770,6917456,1007947,24262364
572,38 l Anasboi,67137328,149608,34942,313762,6188600,5939070,978094,23935304
80,ᴿᴬ Chalder,63737713,28442,1009,922,3664999,5793645,1424372,23798521
238,LyoKo,39673397,115362,17413,29285,6883715,6440453,643903,23628039
447,Valkiara,47351877,73145,13620,4877,4749148,5573048,1247435,23379854
38,Barakjiii,76297693,-29819281,-561189,-583837,5034995,5769206,1114149,23258301
278,NEBs,66371997,12474,1032,16084,3664189,7595191,708558,23105919
423,Suga 旬,49911535,228582,11546,52483,5170211,6555332,765881,22876161
161,Haladîr,55086798,34123,4094,2333,5692637,6781009,568945,22668325
47,Big Piens Shake,11694371,-6949325,-4997724,-7955179,4405139,7086509,631314,22366041
309,PhyxiÂ,16759370,1277,1798,752,2969096,5805550,1271321,22208122
467,Yakoo OG,46972060,186605,11606,39290,4792363,7490340,388559,22104397
18,Alungga,23896432,51127,3529,12225,4033031,5489857,1164205,21997975
25,AssAssin A,52419470,65210,21938,18163,3798733,6014640,1009680,21886093
1,1LimitBreakr,28759255,256971,75643,47912,5998326,5552418,764859,21692316
56,B O K U T Oヅ,75888646,40571,3013,18060,6561548,6886287,221608,21663770
127,Fallin000,33726432,11842,4340,7749,5141573,6446740,540393,21277411
173,HunterDemons,56345194,91306,12187,46024,6369794,6149152,417226,21171454
243,M3llow KiNg x,27082807,29679,4687,333898,5218843,3267368,1566733,21153977
59,Bubuhan Paculer,67999885,86008,21068,7396,5021255,5994135,653264,20929109
207,Kingsummer OG,59331015,209887,14307,44958,9430253,5146056,128436,20492981
581,亗BLS EVIL亗,40412748,196379,62478,57693,4109155,6482519,551642,20384045
549,ᵗᵉᵃTime,15689544,40589,9083,8816,4534777,3594670,1410282,20185809
328,주님・PʀøHacJd,12645110,284,0,1,5288624,5492805,648036,20162450
186,IrоnGiant,37732597,109848,99535,84574,4986908,6531801,315000,19940510
592,暗丶BRAYAN亗,33738318,45790,12297,30321,5020143,5940522,463339,19681221
355,RuKh,11904157,97385,85869,237572,4920685,5531064,609919,19642327
456,Wings Shin,19435040,62908,7482,38531,3444963,6020704,661227,19453733
248,MOTOROLА,38980106,16839,8487,27479,4350340,5738977,601981,19440180
175,I Am Tea,95682829,543518,49566,340024,9326565,2521001,822250,19302067
476,a4dani,73551691,-19996128,-1999949,-2000000,5671594,5789477,337467,19275350
94,DHAFIR OG,68543872,135809,5404,14978,1176050,1335009,2570201,19267274
302,PM Nicha,77967742,62338,10051,6486,4127524,6196642,413057,18999150
353,Royal Gazza,46678919,38271,49914,911,3850801,5029442,845392,18982037
93,DARK EVIL 亗,52515492,235718,126562,780,5183233,5713828,360085,18771399
327,Prоstoy,76216620,18877,27427,50814,5692879,5083644,452915,18577657
85,Chrollо,58996561,33921,8874,8974,2957823,5087105,901644,18541897
227,暗 Sham 叁肆,16921563,130884,4907,28232,3866554,4432099,967193,18533910
81,ᴄʜᴀᴘᴏ,12877754,22982,2806,290821,4112506,5404546,582418,18416106
445,VARTOLÒ,52375803,15095,2233,4391,3559624,4702741,869991,18185052
97,DaProd,73870935,298445,144720,25851,5307441,5409355,339478,18163019
222,Lazy Lýnx,63013160,17691,8309,42201,2513746,4199034,1201433,18120412
144,HASAN TIR0,51304605,283966,16927,12209,6707790,4034021,547638,18061660
250,MadPharoh,39759597,150697,27465,90588,3749185,5432990,565595,18008735
482,the PuNisHeR,76923099,5619079,6041387,9359209,7632904,169624,1657444,17916816
151,Maru AF,17736708,65773,13796,174,2193060,3460549,1457151,17857064
385,ItsAki,9957322,147690,159879,41334,3046815,3327580,1331821,17692901
437,TimeWizard x,51632421,1387219,137123,100468,2932120,2550799,1575167,17484720
525,ɳɢʋpɪ OG,59010105,66824,48945,1039,4748417,4208527,685685,17279581
169,Holdimonster,3747243,87002,7808,3,2654437,3965937,1092340,17140351
224,Lazy ﾒ Blue,62946708,32668,10913,3215,3634300,4966211,542755,16823252
485,fluorin4ek,54378153,27226,92225,934,3605937,4314619,754163,16760153
45,BerryMuffins,16512590,63363,7966,2425,3377897,3551155,1041335,16728217
265,Mmarsh,6960423,29470,7693,17591,2171450,3546171,1242722,16720124
372,Drunken Cali,63615619,323064,35200,163699,4035049,4038187,709384,16367727
189,JOLAN,17854556,7874,2345,5,4371480,4625332,453916,16345640
63,Bōt,59324361,4219,60,0,2956710,4796309,629653,16327246
188,Izzy 永,75144155,262665,16399,5231,7272787,2216043,747673,16190911
494,minero21,98013414,2468,2568,9529,3356483,5717270,224684,16139127
239,Lexyyᴿᴬ,76034575,61455,45996,5241,2424364,2691264,1388554,16138216
135,Lazy Phoenician,61944693,78187,5791,20575,2875693,3813278,927280,16065929
499,mustachride,11749129,376763,17427,75723,6951694,2468151,689532,16025188
176,I BlackHeart I,19004552,21638,27256,15288,2671701,4697172,651535,15975255
329,Qitiandsheng永,53459290,23361,372,3288,3846608,4257126,586594,15880424
563,PintossauroRex,40299040,135267,29157,88273,3002191,2865917,1186314,15851909
267,MongD2,58810130,2104,1632,93,2990462,5032850,442378,15710430
43,Beast Doc,34382164,27176,6890,2237,2558769,4087802,800231,15535759
182,i Tommy Shelby,15038629,195516,38444,156278,3881646,3598645,740196,15520112
279,NEMOᴹⱽ,55874646,103928,8616,60577,3698816,2457253,1150307,15515164
208,Drúnken Arina,62608777,43000,6,0,2424226,3922966,841953,15321876
230,ReX ʳᴼᵏ,58216523,65,77017,24150,3424897,5375069,178637,15246857
21,AndrewB2000,7681587,446919,8,85000,3584577,3976420,604130,15162197
41,Battle BEAST,65484538,99952,14405,27342,3865706,4241732,444997,15019152
560,メFeldjager,54912695,7274,72,1,3714254,4578459,357169,15014186
342,Radnaxi,63968661,57560,15612,13161,2066297,2974578,1162240,14988893
245,M3llow Queen x,26877031,8479,7219,4900,3825603,1703341,1283304,14932109
219,Lazy DUST,63453000,54222,29906,1182,4051983,4308758,372762,14906071
454,Wenskiee,84507550,64,0,0,119489,188758,2395425,14869555
565,乂 HYDRA 乂,39250773,109120,388,392,3041879,4579712,442386,14855619
344,GlockDobby,30199415,23957,3568,36589,2217178,3001786,1100254,14822274
598,真心 ąđy,25182362,113403,22537,13728,3221741,3373588,805787,14803639
290,Omniscient いち,43782411,25742,4040,10552,2461786,3473022,879725,14686180
197,Jäzzmine,67202956,134201,16665,64499,2965104,3018692,926824,14563432
218,Lady Manor,13551576,49109,5717,8430,3363062,1712578,1277797,14455000
377,Sir Brraapp,69541181,45640,13008,32410,2181470,2605197,1175891,14447210
113,Dèvalish,76122309,65358,47607,52326,2151376,3022264,1038825,14428854
98,Daduck,53562053,11703,1241,12287,2886406,4153969,536888,14415672
361,SALLOUM44,31352114,6802,2796,9291,4001812,4099554,358930,14354500
229,St0ned Panda420,21998284,42939,6110,46,1462166,2465577,1325600,14346920
126,FHK HellAngel,39637709,66752,1098,4581,3578239,3487130,619312,14268371
5,Pand4Zinc 永,54530345,5346,9086,581,6169892,2450822,526142,14228388
67,CIMO,39412545,93901,7234,32817,3415072,2446018,985771,14221734
251,MaddKING Ragnar,70209602,30795,12007,5846,2821103,2923063,925289,14218963
112,Dårth Invader,41086563,316017,281194,226865,3179492,4078295,465553,14129400
104,DesaSasarean OG,59171934,46395,4252,80,3697432,4395354,269213,14103418
354,TheMachine2211,34054731,4564,45,287,2554913,4647271,359929,14009029
458,Wings of Rainy,44460685,423203,185906,46406,4476028,3064881,560011,13965856
582,实意ʚevyɞ,31895462,63096,13991,10983,2594238,2864593,918508,13834472
254,MarvNNN 46,30236269,26363,9356,97,2611142,3015099,859470,13798160
70,COMANDANDE,59400106,34203,2263,10159,3596840,4086490,323439,13710454
404,ᵂᴬMOSTAFA,46131252,44441,309979,17112,1553582,855057,1735044,13673960
54,Trooper Bobo,96201962,47388,11232,143234,4213394,3331836,462413,13651544
170,Hoolee,5944784,9616,224,157,3167134,3359339,595322,13457744
386,Ch0N,80394569,30529,5468,1698,2139973,2782112,933272,13303829
49,BigTruck,11740217,194143,35692,20966,3246230,2473272,825722,13147106
15,Alischer,6488711,40444,283,63,2467494,3274118,680960,13101490
426,Sytore亗,81772415,2087,29,8,2673114,4550908,218846,13088006
214,LESHiy,62323092,1762,337,1003,2719612,3801444,460246,13083976
524,ĴØЌÉŔR,35538798,45381,28223,5395,3658487,3951212,248732,13053303
232,キトKITOKIちゃんOG,62679050,135142,10891,80843,2341918,3308829,669092,12974128
419,SonStrike,63897345,100998,3227,4452,2405440,2725802,843815,12919934
574,义Headhuntr义,1080643,7181,1918,2313,1520895,3176268,839304,12909255
371,Sgt Muerte,52663991,7132,0,527,2493667,3543517,549695,12878871
204,KillerM92,13780200,45829,29813,17880,4443147,2047472,715554,12831415
281,Nebu l,33851182,26813,12112,1,2659479,3523378,498478,12697103
521,ßIank,75084130,83267,13941,88721,2274792,3445789,582070,12658790
509,tailor p,64044209,39386,1447,312,3537001,3537526,338951,12645759
119,EmhiLy,63122485,162464,13101,37885,2227667,2324187,949057,12570383
235,Liusen,65527076,25240,6706,14233,2883209,4347610,156622,12518161
180,IJOMI OG,76195639,904445,56618,16466,2111834,2866899,769901,12465038
324,Portelá,63595204,41225,31763,848,1725088,2907504,808673,12392134
588,暗 SeroS 戰,20843787,11599,0,0,2565174,3712851,385839,12305910
600,裁决Blade,95678399,24708,2113,2695,2047896,3235623,626380,12277422
393,KvotheSS,49174922,89360,28722,2577,2888397,3538021,378502,12235451
497,moon4lite,20379195,74977,21366,418842,3475711,2979006,462179,12206797
166,High Mage Cowl,53572619,11892,184,2060,2444592,3071556,598812,12180576
90,Cram337,85825206,184181,103465,87626,2382653,2140077,911647,12132689
534,ᴬᵂMalek,90190464,25961,2703,21332,2938893,3867874,242198,12127829
566,乂T E F K A乂,81742039,1875,2428,1741,2087185,3384685,542435,12111165
349,RichKupo,64309507,28323,6875,18249,1851160,2437837,892808,12083682
427,TF26 OG,53639563,86038,21469,30897,2270500,1745724,1051236,12069364
105,Dia X YB,64177151,49492,3458,7964,3588511,3458865,249745,12004711
334,R U M A 云,41779923,27797,2005,5959,4342352,3540272,95572,11996328
346,RickyAF,68599021,33156,9281,15053,1874502,3020504,675821,11970436
503,sant9gо,57442278,2722,578,4680,3080662,3968981,145347,11890706
226,fæ relax 8J,60811314,104570,15014,13476,2911583,3308773,387836,11856145
547,ᴿᵒʸᵃᴵK,51651109,64880,10796,17337,1999479,1940114,994236,11845123
275,MyBubbles,17875970,20561,3107,14104,2261795,3779676,336320,11839067
33,BEP 1,10806254,25521,2877,2949,1642816,2717547,788383,11808208
29,BDGㅊALVINᴿⱽ,64525422,5339,2028,6243,3070794,3703155,219069,11791518
143,Fîshh,62660905,6568,856,1663,2848479,2703314,570500,11678107
140,FrankIyn,7143022,35189,1142,1646,3795813,1044955,952119,11598437
134,FirestormV,63119959,0,0,0,1888170,3384486,486617,11576844
258,Meowkata,13816660,87468,8388,13243,1749226,2048177,947175,11528630
519,Hanie OG,69915557,225547,66132,54077,3744949,2971872,291713,11438971
558,パンダPandà,53565432,14736,1214,3058,2032184,3513387,387626,11384714
177,I M BuồnBank,79498103,47796,38251,10964,2737496,1975507,777376,11352766
552,ᶜCỏ  3 Lá,65767675,1377873,263753,1104210,1274632,388764,1544085,11316670
101,DarthB殺無赦,39190271,98359,182,0,1012538,1258720,1293230,11289358
114,DĒMŒN,61847388,25500,4996,7563,3593070,2866084,313986,11209154
294,PALL0,16709976,50,2575,1253,2284633,2211937,718327,11018469
601,雨Kuma雨,20446496,35360,6243,20634,2518707,2320219,642697,11015327
323,MrPopeNuts,24577697,1183,2940,4,1767761,2651348,654068,10994865
150,Drëkkles,59438289,154228,40567,194867,2979031,2045872,646851,10951881
0,19Alim93,62399898,4366,0,9460,2926717,3451915,171351,10858653
297,PICCO,43307988,75082,12362,290,1292927,2207799,841112,10755197
209,Kiĺĺer wolf,61838834,153240,19610,4842,2091274,3047219,421600,10715312
196,Trooper Morenth,95676642,753946,89732,99183,1812497,2598567,615394,10701995
546,ᴿᴿVARTHAN,78024889,1,0,805,1776588,2427345,673969,10675092
422,Spаniard,76851235,10719,90465,443062,2328458,3425126,240287,10620432
357,Rules OG,76373142,919596,33395,442166,3512277,1217013,771115,10572993
514,xBigWoodx,16710828,8670,36521,0,1158780,2451397,734165,10466564
462,XeLLin,75908772,6033,1346,2246,1140983,2638308,673118,10456307
142,Fàtty,53573536,57147,1416,0,2169063,2886037,418945,10454807
52,Blackshadow26,63559810,382216,77003,50117,1170759,1033069,1200421,10439423
554,くˢᶜᵃʳʸ,29489887,7396,1175,85790,2129025,1759063,798529,10438325
365,SabdopaloN,77946659,26676,1961,15087,1918436,2700683,512888,10397130
30,BDGㅊHR Habib,36145615,11249,58059,6299,2659755,2822878,341369,10353725
459,Wings of Yolo,56223472,355611,9505,26106,1427106,1778665,887505,10309466
20,Amen0sa,38132570,35255,40402,11787,2869677,2856914,281026,10269661
589,暗 Toxic Arrow,17413785,48418,0,0,1805839,3325650,292514,10212223
86,Chuck乂Norris,62399044,60836,212,1471,2007164,3468583,202579,10159804
179,ICHIGO OG,70015615,580437,99081,374888,2492311,1640724,729991,10153705
537,ᴰᴷ mōøvik,76795427,320699,31388,495706,3555700,1134045,721501,10152796
211,Kopi no sugar,64306210,32526,2417,812,2636013,3328742,138524,10124641
506,slanter,43110892,3916,867,471,1189353,3858007,195010,10075427
596,火SmileDance,75398017,1,12,27,2568603,3323052,135603,10028325
286,Nīght Kīng,63480706,175844,164921,12426,2905229,1704985,596082,9891691
341,Rack7,54128420,10272,115439,22191,1459466,2203802,670430,9889650
118,El3ctricity,7568329,36414,5227,12331,1712382,2154003,640670,9864408
376,SinnerPridE,53720198,69485,2439,4879,2998246,2717309,236550,9852164
149,Azalynz DG AF,21463108,215970,33472,27783,2431407,1830939,625808,9848133
360,S i m o   CG,17625084,100264,24118,1980,1769845,2312952,575288,9847477
88,Cooper  X,64394420,21630,469,691,1855804,2225422,581729,9797022
223,Lazy lady bep,55784967,136015,144706,27414,943252,1757805,885291,9770608
102,Dave D,37726163,0,0,0,509903,856058,1258098,9770607
364,SMOKYR,69366835,69263,85347,72666,2415495,2443358,410735,9766621
500,n y a,41925878,108991,13729,9557,2136471,2049892,587283,9759953
433,TheDarkFuryᶰf,71824582,10100,0,120,3345128,2691677,170020,9748602
311,jmcdo4,67133364,129572,32757,56366,1763865,1195710,927554,9720609
35,Bajietong OG,14020401,151911,51134,4455,1878175,1719759,713311,9597559
133,Fiona SMASH,42467519,79102,19350,63585,3227253,1847441,441593,9571693
66,CAP 117,22505871,73408,10910,3472,1399097,2466474,536364,9550229
92,C㋛㋛per,67174967,114892,70594,10398,1835579,1981152,624670,9545903
431,Test Knight,52618268,75398,412,4531,4037863,1853397,296165,9521647
288,OSkadon OG,63921213,22159,19421,2635,1571708,2774905,387408,9445966
486,goeland27,55565597,37373,3016,11123,2496864,1149765,743768,9259002
381,ᴹᴶPanda IND,69765624,78033,2519,24622,1896723,983800,891323,9212261
53,BlēsT,96257100,50146,1737,83,2427947,1696667,558080,9169761
115,Dᵘcᵏ Marley,21464078,25545,17644,10267,1189119,1782846,730063,9135189
120,Erwinlim,67980415,3694,49360,7349,1274912,3064851,284328,9110582
591,暗 pequod,15186568,23158,9873,15,1603173,2034804,570800,9097581
26,Atreus591,70857667,160936,8251,34764,2179362,2927466,166057,9030636
181,IamGilbo,20462120,185912,33472,24326,2199710,2738479,220563,9000046
77,Capn Toph,62853017,157575,35335,35282,2021901,1722457,583699,8969009
351,Ring shoes care,45764094,1228,1776,4289,1670575,2281912,453878,8957667
221,Lazy Luffy,61950882,187782,24414,14617,1987268,1955670,509320,8954528
446,VEGASS X,23025917,18712,457,248,1789246,2443217,367414,8880164
350,Rin OG,60134257,84537,138086,99604,1786561,2086201,485572,8872395
50,Blue 义 Balls,50653451,140704,266335,212919,2224048,1591122,561971,8778118
418,Sol InvictuS,67145172,95682,21556,50658,2409658,1428240,574878,8715406
160,HAYzOM,29587991,13112,20561,183,1854406,2463550,316010,8677566
319,カEitschiカ,42028782,2787,2666,743,636353,1736296,756964,8650729
87,Cimeng OG,81263107,85711,25953,19588,1007661,887362,970855,8607515
492,lunav,32601257,24522,20818,2088,1331690,1973338,548754,8570890
517,zaidoun,64085623,15690,3426,79869,1715908,2095060,439029,8540202
110,Driscie,83619899,81949,72248,50059,2842975,1588028,412439,8493665
82,Chinese299,51061315,68251,22791,2334,2867260,1347314,487194,8485052
457,Wings of Lib,56316995,30945,4858,7573,1830010,2092263,407258,8458084
184,Irenerene,20533430,13601,4800,5970,1941172,2354180,283110,8348192
272,Mschief Manage,76180743,126425,11400,125218,1067223,1080943,847811,8315975
270,Mr Kaoz,55851284,29455,2539,13151,2393913,2156605,264969,8296937
171,Hopesyy,27737243,0,110,1,1994830,2667067,159640,8286804
595,火Ҝaramag火,75397619,31667,224,705,1890439,2870240,69479,8047793
165,Hhh2,63871718,8200,32726,8,410281,617055,1066878,8045659
580,ᴷᴳ김사나ᶤᶺ,83068025,127285,73933,15382,2053969,1741089,416976,8038003
194,Jessy Jr,17256004,46633,19492,5672,1451536,1948441,437537,7973640
425,Syaorân Li,25531562,36820,3982,0,1313253,2087307,402266,7901463
75,IrenêAdler,67195299,1,3,8483,360195,517896,1083172,7895019
477,artemɪsɪa,25534380,46847,10226,11415,2131021,1844270,330188,7800689
374,Sheldecksss,96209643,367365,426975,574939,2736748,1094689,468708,7738374
210,Konstantinos Ma,63179189,26201,4185,12435,769453,1063367,806873,7737425
441,Twiceborn two,26291665,74406,3204,2360,1795540,1433644,509237,7718250
255,Mashmattatoe,33910779,1005,1335,0,1729804,2285556,232016,7693012
273,Murdøc,97560095,35998,26890,686,2033356,2604410,73849,7685270
307,Pat kingllll,62720594,198311,26952,68047,1471227,1278279,608341,7677831
453,Warlord Ragnär,63751320,51887,51527,172340,1509372,1685772,463216,7660212
212,Kyłe,83956095,3649,18319,535,1879002,1473364,472082,7658222
74,Callysta34,62687626,2683,40,0,790736,1295915,696064,7558950
390,Jorgańdr,72969016,38095,9658,6877,1915375,1347899,471074,7437617
107,Dod OG,69851361,263933,2706,14,1262332,2000112,362444,7437220
22,AngelOfImpurity,63858590,51398,8065,18564,1137913,1565516,526269,7426559
198,J E L i B E A N,12358600,1425,8127,1014,1572746,2118046,268159,7417792
330,Queen Risk人,76869735,12833,4533,7168,2072448,1564864,362833,7379174
76,Candyrain,48281776,58967,55437,15693,1945376,1883607,276241,7370036
308,Phorak,11328321,18459,16593,7035,1557299,1545464,439095,7282797
468,Yavuz EVIL,37112672,23060,3487,1861,1972308,1915231,228223,7172108
7,ABØ AŁ HASSAN,63896422,6359,582,275,1819532,1745547,309156,7165562
249,MUshO,12971051,87954,33308,17241,1233997,1364977,529202,7139163
412,SiDji ᶤᶺ,83310067,33017,7200,17219,1772057,1525901,364754,7012383
587,暗 Moises P,17376374,1746,19668,2,1747245,1430119,396862,6988655
472,Zea OG,52710496,79155,20193,25068,1104887,1048153,629542,6978445
215,LITTLE Jon,63573884,26259,39021,31068,963588,1440678,521162,6971916
586,愛麗絲Alíce,95560188,47196,0,36931,1971879,990318,483969,6856329
304,PR㋛LETAR,35224446,38445,56660,11897,961796,1647569,430122,6837666
366,Sapper88,37773820,186702,43379,24735,2052094,1103250,419034,6772798
398,Shadowofnite,64023189,7717,14886,0,819641,1332676,544500,6751993
6,A7X fold,63900101,26626,215,28,715192,1141114,624533,6744618
318,Legendᴷᵒˢ,16272006,42543,5459,7978,1777525,1344897,379497,6744301
471,Z theFarmer,57177740,2955,63,488,985689,1732817,376160,6708283
71,CRAZY HAPIT,61918448,240390,112966,62283,2144645,919099,449708,6681091
2,1P FOX,52435883,8653,773,0,725414,1513754,481841,6643968
320,M3llow Plydz,61498739,22340,29167,225,839931,1001392,630235,6624125
505,shadow 0805,63080564,8537,2865,2340,1164152,961055,568886,6499578
91,Craneokid,96219972,611,0,5,828384,1113547,557663,6401456
84,ChongChong84,62189019,381026,63610,201916,1631048,970931,465339,6364944
590,暗 Winter,16908012,643,3596,0,1722168,1346191,324664,6362534
183,Imperator Venum,81744680,23238,3882,79,858601,860797,628205,6349425
528,ʟaᴜʀa ᴏɢ,80449273,11515,7332,2590,1201982,1582663,328459,6338062
576,义Pillow义,96569933,442690,28674,140047,1178371,1745844,256838,6211087
469,YouGotCrabs,12182229,14354,45928,12215,1754853,1397920,274536,6197909
510,toops405,63733625,175450,34583,24233,1110662,1288260,415018,6177290
111,Duᶜᵏ Peachy,10882519,29712,9628,72951,1197223,1262496,406325,6160165
191,Fr소nchy,16028895,49892,25544,1870,1867822,1037402,355378,6074894
158,GÃËTØŪ,81750678,283676,3229,3108,1437010,1056885,416742,6051232
402,KinG 2020,67180833,3608,3578,1821,1084954,1377586,350887,5945448
206,KinSy,60296881,47412,8845,3238,1323921,1466895,275695,5911881
162,HarukoHanada,62326004,32087,89150,69789,864250,1085520,478933,5908888
220,Lazy Dark,61954227,30323,3390,3931,676655,1045817,521022,5894421
322,Pooty Slayer,75767119,6,0,0,1081927,1229238,386286,5858119
352,Ringo X,63894724,3595,12,193,1257495,1113496,390142,5825339
295,PERSAIN,11904784,0,0,0,565325,1691588,305087,5779023
460,WomBort,17736681,14749,2068,0,1673557,2032210,3674,5760021
551,ᵛⁿMr Crab,52130105,75003,3566,9458,2397199,973284,235468,5756575
392,AlfatherKrawaTR,29216170,32966,68380,59656,1237633,786559,479496,5687727
44,Beast Eicosoco,39418334,33825,342,0,551861,976371,529249,5680097
11,AbbyRigg Hèró,1616635,11996,0,345,1225565,1820517,134555,5673929
556,ッDBッ,95681780,23845,517,711,2607743,1227017,101802,5672589
523,Đumoƞt,37765024,1082971,278216,8812,2212225,1007247,230996,5612695
233,Lego Batman,62935309,148,0,0,1226240,1835566,119061,5611738
247,M3llowMabrock x,63811771,494867,55631,9319,2311375,964444,224239,5585697
13,Ahmad 81,53474171,1,0,0,1283547,1462404,223878,5551623
502,o POMPEY o,73901502,15121,85,81,1066102,1232415,335572,5544364
17,AlphaOmegA,11915882,122301,11020,7357,1420783,1420225,199071,5455659
276,Míck Dundee,91393098,62711,16146,19431,818066,1057765,417545,5438866
199,Jœÿ,30421620,7335,1910,156,1062588,1877885,100723,5422696
313,WO SpiderSam,56558968,7778,9306,57059,2399963,867341,213781,5417331
282,Nemesis523,63860398,143108,1249,0,762095,1690346,209013,5396865
31,BDGㅊHridxᴿⱽ,62756828,39954,11684,2098,576436,684258,569645,5362822
593,SI OPTIMUM PRED,70132784,9149,2301,4551,1117479,775989,444582,5336949
99,Danrif 冬,53702653,28649,111,403,1345103,1027374,311775,5270501
573,义Galatian义,67184899,34504,17612,8093,679333,889626,458603,5210203
512,vɪcᴛoʀɪᴀ,40541417,13016,4290,292,781842,1190174,340208,5203438
461,XNXX IND jowo,61932165,36584,17116,14655,1458782,606372,417086,5174042
190,Jackncoke,6017556,26875,9903,374,642308,1067616,395727,5151902
200,Mr Lonely Kaoz,95678089,9,0,1049,1586660,1691787,28625,5141984
157,Guan Chau OG,61178797,68280,184,409,537768,414400,625166,5117564
416,SlickRiick,73399169,9054,0,0,1492712,1506005,99885,5104032
259,MetteHit,79910580,44058,17805,25372,797883,765352,447686,5014703
405,ARGOBEL,64905605,0,1382,2562,436555,494739,584634,4933837
331,Queen Terrible,69765691,15911,2755,2299,473599,802343,474158,4923233
51,bigstone,33876264,34805,38698,13095,584262,1104528,353928,4916886
531,۞Lissa۞,37756270,31298,1309,11304,1128571,825469,348494,4870473
380,Sirvano,60954941,219615,69189,95449,1598355,773597,285554,4858873
599,自由ㅅ 自在,59967543,31352,5881,636,659199,205662,615250,4762023
368,Scott I武统,95317724,965859,115234,225631,3123840,789561,8986,4756878
452,WIN CôngĐạt,67246450,126300,14843,47021,1118736,870463,305024,4689806
139,Fluff n Fatale,62104788,64414,30095,1332,1198096,1237232,166533,4671758
522,ßRÉÉŽŸ,96558455,5318,73,193,767026,1618140,110726,4667662
95,DRIFTERS187,62166694,3932,19924,1690,392511,730840,461184,4621295
61,Bye Tuga,63575767,57544,14556,14650,627937,450648,515182,4620325
27,AtticusWiggleBs,80187532,17427,30,267,609033,798467,398964,4599751
256,MatYaki,56267611,15228,6563,533,1262349,591039,358445,4595097
407,MikeScofield OG,59692706,15915,7726,4705,534523,702229,440505,4582011
192,JealousSs,67147404,41099,11003,1694,617415,748155,409675,4571775
470,Yura09 OG,59151829,17910,10492,28006,841531,586597,426116,4571421
345,ᴬMinnie,86176618,3764,21112,93846,894405,865147,324124,4569443
409,Gunarboy,66802116,5568,2352,4356,805601,808078,356023,4557895
475,Zãnøagã,83526855,38486,0,161,1283942,1484368,49580,4550158
14,Alex18Croatia,21090207,0,0,0,889476,1418710,133578,4528364
463,XyouX,63627672,50301,5601,5656,412099,469615,527065,4513719
391,F2P KiMi,80781472,10130,1005,15,673226,620566,431694,4504522
335,R4j44,63951987,35511,4911,5822,561876,608967,446884,4461114
236,Louie13,69545360,17676,0,20,867370,1134916,217234,4440606
384,Prëtty,66903398,4819,4,962,526144,818702,369511,4380614
3,Sumitomo SH210,66337757,160990,140,2758,883845,471822,425387,4379811
69,COBIN,44665294,36884,0,0,917351,730525,328557,4349743
539,ᴹʳ ŦǤØ,88203498,68458,36815,4451,683173,960437,287571,4329473
569,Lord卩nus,78804129,12864,589,3606,481491,722203,398001,4313903
316,Tias666,79884545,1880,4316,463,556499,892756,326509,4301065
152,Gilded Goat,96242448,54953,2463,2749,388179,750948,396795,4270845
202,KhaLᴇᴇsí,73925214,186,91,2832,650841,673917,374973,4248513
46,Big Daddy BaBa,30316476,21988,5037,3898,732105,1062957,227988,4225947
413,MeFiSt0ᶤᶺ,83571282,30487,7665,3,724704,559978,396297,4222442
424,Sugar๛ 0070,77846662,811675,276368,641847,1973299,97766,339564,4206215
432,The Clownfish,11075518,68374,98668,38436,884859,1228474,141846,4192883
340,RV EMONᴮᴰ,61834122,12515,5303,0,585005,937382,270518,4082877
540,ᴹᴬᴸer OG,74585022,912066,79394,841033,506288,394544,461261,4062942
300,TP I BENTURK,75712086,13604,1163,96060,865052,463328,372086,4024224
490,Anarchy lord,51415089,0,0,0,17879,87630,619198,3908327
379,SirKage,21464563,51708,4108,115776,850025,631837,290611,3857365
527,ʇuɐɥɔɹǝW,39693303,16659,2507,717,981887,953764,154353,3815533
543,ᴹᴰjrwn,9322230,8990,4009,812,929379,487548,317096,3807051
479,bArBaBiAnCa,63686087,230419,179936,14,634053,626546,317484,3792049
303,PREDATOŔ,68605432,43319,8307,543,397271,386741,435268,3782361
481,bioruben,67058811,0,0,0,594397,1186433,131360,3755423
488,lady talia,63469420,50720,4516,2304,597677,633243,300796,3668939
274,Mve,3094944,66565,1952,2808,780477,594809,273691,3612241
333,QuicheeeX,51380796,9904,6750,0,1012522,674493,201710,3571768
195,Aoi  Sora,68399761,8831,453,415,461271,539178,332308,3533475
579,义Sala义,66466622,6309,2427,10813,641867,606037,270963,3479719
305,PT PTT  ジ,77930129,3335,140,3,1016544,1052702,57613,3467626
363,SHAFINᴿⱽ,62017877,9890,2804,933,561828,532466,305559,3460114
246,M3llow Row,97465809,20830,417,350,675217,662936,235662,3415061
217,ZettuS,84895741,4141,864,2917,819827,256991,337232,3357201
285,Novalk ALL,67116818,86359,3901,4484,588508,547827,277729,3350536
231,SmileMorning,66817290,20109,7737,808,315197,468664,344213,3317803
337,RC STING,58359807,74762,3798,6197,1327384,301206,220271,3251422
429,Taco Banderas,12168880,1,2451,20,647243,855591,146466,3237221
187,ItsAki II,16353531,38505,55977,1786,213637,38844,486296,3209101
399,亗 FJ zi 亗,37421375,30910,532,4991,678980,449824,253258,3098176
156,Guam81,63720400,192949,50087,200029,597596,575391,223721,3090704
130,Fatima Az zahra,68715283,1044959,1673,193,517146,614057,220278,3066928
410,Cousᶤᶺ,83660407,11579,533,243,365482,361897,322555,3024606
116,EVillord,65935461,57709,7,209,713695,1060631,30588,3018485
72,CYBele,60297432,20031,2322,3909,341578,428601,302204,3012004
284,NjörD,79774474,9922,590,20,959163,289744,242458,2993399
585,恒纪元之星,42882386,6354,46891,30418,1233068,431953,146888,2978302
103,DedZēd,81744337,2721,718,3307,394226,755679,177691,2971730
125,M3llow FAITH,83201249,7643,850,105,887733,721711,103516,2952251
65,CANİK TR,79444007,22300,40080,82175,666471,238268,300194,2944171
132,FaustPicaro,62074305,0,0,271,254584,1093991,83391,2942912
370,Seon deok,56084361,12,0,0,1075420,889254,6273,2891566
201,Loard2002 OG,71064808,2210,529,5045,762118,915264,49658,2890594
312,ˢᵗᵐ R4J44,67130734,1212,79,296,504534,402715,259301,2865770
529,Тuz,76218861,-8998389,-3000000,-4999919,1049917,400349,169043,2864873
466,ᴬbe happy bro,22020212,1675,620,0,535991,645221,172259,2859987
382,GXarwana,53938211,0,0,0,165792,354029,330667,2857852
465,YONUS,34359083,0,0,0,272471,292951,321836,2789389
406,XxxNOBLExxX,76025975,1,4867,5,777895,598089,130983,2759971
228,ETHx,19626853,127,0,0,274198,221149,338619,2748210
526,ɴooᴅʟᴇ,5716022,4984,97,0,1274575,356333,122205,2720471
237,Louylou,9771821,10024,14312,13584,325842,561203,208828,2701216
375,Simontx OG,69847791,179177,16066,55057,495722,403990,232705,2699932
438,Traxxxx,17780812,1308,0,0,724036,942889,7663,2655792
421,SpartaCouilles,82856645,20733,8493,17512,589500,515667,169117,2635536
299,B AL AZS,63572648,0,0,0,737549,528023,139382,2629887
548,ᵀᴴᴱWIZARD,53803289,6420,0,0,400649,283841,276358,2626479
513,x   Z I O N   x,70218713,6675,1997,0,247975,300482,285842,2563991
163,Harutya OG,60334815,1271,0,8120,708621,696369,73232,2540751
473,Zenxer,58195110,23248,2397,10672,492182,707285,97391,2491098
400,Paroquetᶤᶺ,83714282,3589,9103,1923,330100,373226,226836,2437568
397,safred,65429385,1662,4124,77102,219016,285514,269329,2406018
257,Melo 06,55846661,113845,610968,1819744,675179,0,286749,2395673
292,Oxiurus Maximus,53317858,37350,0,0,622610,880336,0,2383282
507,oeschapa,43366078,319,0,6345,347643,357840,217234,2366727
411,MmDASHᶤᶺ,57403982,1034,70,0,131788,189802,308653,2363310
415,twєєtч,73802284,0,0,0,490154,814990,38700,2352334
395,NEMOˢᵃᵈ,62241563,0,0,0,112591,64775,350791,2346887
571,Trøøpër LKW,96215472,5690,2270,0,732786,696186,35160,2336118
242,Goolins,57418518,431772,1032141,252632,830131,405341,115532,2334005
498,mustachfarm,16578265,0,0,11,165285,224190,270351,2235771
147,Gaia Kight Chao,15800654,3,1,468,566877,60689,250052,2188567
553,ᶦᶰᵈカラス,63286295,298,0,162,427377,468905,137173,2188225
383,Hispaniaᶤᶺ,83556524,1625,97,19,210881,363687,202977,2156117
487,kokoroo OG,39976329,20,555,0,222097,455083,164343,2118321
389,Ali Gátor,86002978,68504,1639,2314,267618,357184,182263,2075564
138,Flintチだ院,74919143,0,0,0,250833,283356,209583,2075043
310,R38 Hunter,85832280,0,0,52,715772,554116,40140,2064844
584,尺V AsiF,62017843,265616,48652,61446,318417,681609,63079,2060109
533,ᴍʀ Delaney,89893125,10444,6485,2333,222892,276299,205615,2009180
39,Barbosah,53734445,0,0,0,529818,654718,22659,1975208
117,EDD XXXVII,61069638,9285,22506,16,687342,310062,110384,1969770
37,Bangᴿⱽ,58615587,1,0,2441,305954,496691,108956,1953072
387,Dwardo1,63601569,16698,0,0,395284,529067,79392,1929770
298,BIICHO DORADO,17502418,13086,2442,1191,277661,474429,114106,1911155
321,Pochemuchka,10154350,3571,940,0,552522,549846,42791,1908960
414,G A N J A A A,79819283,61299,52841,128068,840209,312777,70542,1889015
339,RJMB,76158410,1546,341,0,408504,406919,109598,1879930
430,Tesssssss,33738298,9569,28,0,251044,268522,179173,1863126
185,ackerman тит,38390141,3873,129,0,650756,438996,53783,1851446
394,NOBÎTA,45486740,4971,1504,567,350817,440713,101388,1840571
36,Bamboo ALL,67074469,20366,0,0,318315,462070,96749,1822949
403,ᵀᴶ Badboy,69199791,1,0,0,207574,493726,96459,1773780
306,Equuleus,55567655,5141,163,992,319941,281221,146431,1760969
550,ᵛⁿDVHⁿᵛ,84652781,0,0,0,132996,433757,125899,1755904
57,Brown Sugar KWT,96204830,4078,0,0,206154,336186,138167,1707528
408,Adragar ᶤᶺ,83307848,7684,0,273,365904,151635,169989,1689108
518,ÆTERNALS,57922872,20822,2454,0,564438,374278,51882,1624286
428,TabZkie,27960822,0,0,0,472665,572955,0,1618575
484,么LFA TR,21494429,82069,149364,74326,70018,180236,192824,1587434
535,ᴮᴰNIMROD,76490131,21069,4632,890,295250,213661,141108,1569220
266,Momma Chode,2743724,0,0,0,366942,516336,27011,1561680
32,BENORAN,79083099,14863,27222,110,228400,444134,65668,1510676
478,axiaKing ツ OG,40823396,17169,1653,6835,420870,447358,31849,1506680
332,Queen jail,69665867,3507,756,0,309500,400591,65234,1502086
64,C h i K a,47257003,216625,72719,12449,1011076,102884,47091,1499390
516,xpad,76218406,2599,8455,609,296870,417964,58188,1481926
538,ᴷᴳ김사나,77683403,91647,7994,3535,219552,226135,120935,1397432
16,Alotta Fagina,16891821,129,0,0,408089,494156,0,1396401
369,Seed420,65750039,0,0,0,422186,441446,8613,1356756
277,NAIF EVIL,85880212,7742,1799,4682,232026,353702,68475,1350280
141,Funtôme Sakura,34869648,1803,435,0,113020,192642,141582,1347796
545,ᴾᵁ Dreams,83563824,19206,0,9,270347,381074,49503,1329513
388,云 Ericarenee,79607276,11366,9799,13450,287916,180003,112296,1321698
154,GremlinQUEEN,23205212,35933,2710,905,141172,221428,122488,1318956
417,Small SupDup,97102262,5,0,0,143238,379552,57299,1246136
12,义ShAdEnO5义,61109803,8323,3767,13408,477203,221909,49912,1220493
109,Dotsawnt,96196248,0,0,0,13966,593101,0,1200168
203,Khaled Ben Wali,46217069,0,0,0,77457,26987,172292,1165183
326,Pro RoK,38895906,436,0,506,123637,471422,8785,1119191
164,Heo Bé Ba,79756107,7954,4511,354,167474,303273,57336,1118036
301,ç ī m ø ľ,71363203,7830,1932,2342,342675,121134,85110,1095603
496,miss u wim,60891605,0,11,247,429742,175810,52248,1094850
168,Hoa Queen,49219204,1,0,0,314262,369878,0,1054018
544,ᴾᴿᴼシ F1,79837494,35925,0,0,563327,128873,31989,1013007
83,Chipi2021,84863879,20695,391,56,163511,214666,67772,999475
348,RichCupcake,66006431,0,0,0,97481,98108,113043,971955
464,Y Amlak K,73670637,26430,1140,0,291856,212565,41240,964426
260,Mighty Ares OG,60222813,1635,438,210,321849,191144,38623,935875
511,viddik,29137686,1002,0,0,412647,252693,0,918033
244,M3llow Poro,96055460,1,0,0,256662,198739,42950,911840
396,么LFA  TR,77544243,4286,294,5372,157180,133540,78778,896928
555,サイタマ one punch,38997259,0,0,0,229223,330118,826,894415
557,ヅIsmail 义,34358347,0,0,0,149853,93100,80765,820643
159,G҉a҉r҉i҉p҉,68627238,1,0,0,209924,298620,0,807164
594,火 Z E Y Z,71841266,12038,431,0,104886,97513,78763,772490
34,MV KAOZ,48452348,0,0,0,74103,31822,103790,760487
440,Vieja Tsunade,55094256,1,94,108,165165,190018,35072,755633
40,BassPirateRed,62608636,0,0,0,127633,312614,0,752861
55,Boemen,37461942,0,0,0,165211,62932,75438,743703
240,Lýnx Farm Boss,63115280,318400,0,0,45361,120645,73195,725821
489,ll Taiga ll,19036336,34866,0,0,166083,167455,34273,706631
96,DaBanker jr,23041197,0,0,0,89491,287107,3088,682233
124,Explosive Skull,13371305,0,0,0,64241,287861,0,639963
570,么 Explech 么,62289360,0,0,0,255131,170535,0,596201
442,Tôn Vủ,67663968,2,0,0,115758,199797,12896,592728
401,ˢᵑ SimonLP,75075936,0,0,0,127098,176290,9,479732
443,UmayKhan,84881332,0,0,0,152400,147675,0,447750
131,Fatima Azahra,78593770,2095247,1350,0,298633,65049,0,428731
362,SEMRUK,43133759,0,0,0,99184,159149,0,417482
314,Tante Jin,63495915,58,130,0,139421,119447,4787,407037
9,AMNA CASB,51213820,8373,0,0,91198,143208,0,377614
73,CallMeTea1,15888946,771,492,4238,64960,10478,42457,340658
480,Killer X Robobo,95677486,0,0,0,59347,120486,0,300319
283,NjörD Farm,66144116,0,0,0,298987,0,0,298987
455,Wiggly lou,12529038,4,0,197,45176,43451,20912,257550
62,Byxoy Batya,23038649,0,0,0,38966,94643,0,228252
42,BaxeN,63790695,0,0,0,29886,90146,0,210178
287,KowC,70504681,0,1148,0,60467,41740,0,143947
315,H O P E L E S S,49691603,0,0,0,47239,47554,0,142347
23,Apocó,18881145,0,0,0,9973,19588,14506,136185
561,ヤ DarkHadi,72502696,0,0,0,29245,51109,0,131463
155,GroundZilla,63918303,0,0,0,41786,39507,0,120800
450,VonLohengramm,85009635,0,0,0,18436,45001,0,108438
541,ᴹᴰAken,84425529,1252907,19,0,13897,996,13917,99391
562,ヤGetLost,84039013,37,0,0,95585,0,0,95585
603,모조 Mojo M,63082694,0,0,0,18626,37155,0,92936
504,sh3rl0ck,17742942,1,0,0,13766,36894,0,87554
347,RichCheese,63636671,1,0,0,42834,19662,0,82158
317,YourLapu2xYard,65094873,0,0,0,6881,28710,0,64301
129,FarmingBubbles,21257492,0,0,0,0,27191,0,54382
296,Pulcino PICCO,73495285,0,0,0,54160,0,0,54160
24,Aquilasia,62763532,0,0,0,12426,11348,0,35122
358,RunnerD,55584994,1,0,0,6670,11097,0,28864
435,TheTrueFarmer,41855461,0,0,0,4442,5347,0,15136
78,Castle Black69,68737021,404,112570,0,0,0,2014,12084
264,Miniᴳᴺᴳ,55136170,0,0,0,4893,877,0,6647
123,Executioner V3,22926716,0,0,0,4723,0,0,4723
261,Mini HYDRA,34330811,0,0,0,0,1741,0,3482
583,尤吉歐Eugéo,68007996,0,0,0,1287,0,0,1287
367,Schylur,20528847,0,0,0,561,0,0,561
19,Amaiaz,25866777,0,0,0,0,0,0,0
28,A죽음,66226973,0,0,0,0,0,0,0
48,BigLoai,69220396,1,0,0,0,0,0,0
58,BubblesLvs2Farm,58698652,0,0,0,0,0,0,0
89,Corhejlo,5128347,0,0,0,0,0,0,0
108,DolphynPanchito,10078313,0,0,0,0,0,0,0
121,Evangelion00,76274398,0,0,0,0,0,0,0
128,Fallin0001,39666473,0,0,0,0,0,0,0
146,GIYU T0MI0KA,97830892,11299,35276,0,0,0,0,0
205,Killplus,58310757,0,0,0,0,0,0,0
225,Lazzys beefstew,40419140,0,0,0,0,0,0,0
234,Lil Flexy I am8,73915182,2003,22999,0,0,0,0,0
241,M WARSONGᴿᴬ,67465056,0,0,0,0,0,0,0
253,Marsh Farm 1,1181144,0,0,0,0,0,0,0
262,Mini Marsh 01,1519039,0,0,0,0,0,0,0
263,Mini Marsh 02,1518877,0,0,0,0,0,0,0
280,CRI tiểu miu,60244782,0,0,0,0,0,0,0
343,Ranger 61,24899358,0,0,0,0,0,0,0
359,RussDaRabbit VS,80867484,0,0,0,0,0,0,0
436,TheWhiteAki,14739629,0,0,0,0,0,0,0
439,ZR Hüntęr,53653040,0,0,0,0,0,0,0
474,Zãnøagã F7,10918651,0,0,0,0,0,0,0
491,lovebird1,79101788,0,0,0,0,0,0,0
495,mini Hoolee,5551404,0,0,0,0,0,0,0
520,Îrïs,25782702,0,0,0,0,0,0,0
542,ᴹᴰKentttyyy,9589695,0,0,0,0,0,0,0
577,义Pirate义,77753647,1,0,0,0,0,0,0
604,황신원 of Rose,49964501,0,0,0,0,0,0,0
271,MrBANvn,78823033,-122965,-592095,-645809,-3046661,-157680,431506,-772985
559,メDorukメ,79819300,859808,248928,489748,2475826,768452,-874240,-1232710
216,LORDOFDRAGONS,43893200,-200000,-300000,-100000,-1000000,-162520,0,-1325040
568,乄Daver乄,9775721,-33344,-7950,-42942,-1660207,-563291,42760,-2530229
530,معصب المهاجرB,62770125,-283894,-3000000,-3999712,-1908970,-457703,20685,-2700266
602,齐天大圣17,57069821,-200000,-200000,-100000,-1000000,-1029258,0,-3058516
325,Princeツ,85918614,15635,4804,52508,448484,305873,-784177,-3644832
106,Dixie  Normous,17539883,-20000,-1000,-20000,-2600000,-1300300,0,-5200600
508,small big boy,76251114,33608,7213,2260,2828778,3666146,-2872671,-7074956
444,User 21,13373896,-30000000,-498515,-30000,-5890638,-2939932,48447,-11479820
291,BabyfuzZy,12168629,-586963,-385893,-1989799,-19215546,-10963691,486240,-38225488
605,Ｓｌoｔｈ,10621502,2238,407,110,800625,1171131,458794,