Governor ID,Name,Date,Ranking,KVK Contrib,Kills Contrib,Deads Contrib,RSS Contrib
58883891,VikThōr,2022-01-01,1,134978282.0,95453398,37024884,2500000.0
85689750,CałîTheGreat,2022-01-01,2,105221780.0,86992958,17328822,900000.0
96502129,义Kakaroto义,2022-01-01,3,92222679.0,69043051,20639628,2540000.0
95459238,I am Nerf,2022-01-01,4,83975197.104,60642258,23332938,1.104
38232075,Shanewarwolf,2022-01-01,5,69335518.0,47502132,17833386,4000000.0
64115009,Moxina,2022-01-01,6,64681091.0,57104753,7336338,240000.0
95676399,Jedi Mätty,2022-01-01,7,58386028.0,37581132,16804896,4000000.0
217385,TheRealMimi,2022-01-01,8,56495387.0,39367699,13127688,4000000.0
37239310,diR,2022-01-01,9,56109329.0,49616605,6272724,220000.0
8042386,Grandpa OG,2022-01-01,10,54775819.0,39773635,15002184,0.0
10391630,义Rengoku义,2022-01-01,11,54212930.0,37719722,16493208,0.0
64237899,RED SnappER,2022-01-01,12,50772370.0,43945834,6826536,0.0
14138612,GGerard,2022-01-01,13,49183769.0,38452785,10650984,80000.0
63598668,Himurã,2022-01-01,14,49173684.0,42183054,6990630,0.0
58442808,HotShotTiger,2022-01-01,15,48904458.0,42133956,5210502,1560000.0
71320446,PABAN,2022-01-01,16,46192034.0,40013230,4818804,1360000.0
3534140,I Am Lazzÿ,2022-01-01,17,45491249.956,23603753,20746734,1140762.956
10327115,Busterblader,2022-01-01,18,45481161.0,21339815,20561346,3580000.0
95676746,Mr Bigfish,2022-01-01,19,45070499.0,29920907,12329592,2820000.0
62739007,คtlคs,2022-01-01,20,44338251.0,35789967,8548284,0.0
12782581,LionsR0ar,2022-01-01,21,43869763.0,36620449,7249314,0.0
39756277,ALMIGHTY BLACK,2022-01-01,22,42883765.028,33251421,9412344,220000.028
8918322,ARISA OG,2022-01-01,23,41978010.0,33233762,8344248,400000.0
26254887,BabyPuto,2022-01-01,24,41953846.976,29679866,10773978,1500002.976
2796071,xNJx,2022-01-01,25,40478770.276,32618172,7820598,40000.276
63955350,Flexÿ,2022-01-01,26,39190033.0,25661967,9528066,4000000.0
63932677,mantovinii,2022-01-01,27,38319135.0,27685437,10393698,240000.0
63737713,Chalder,2022-01-01,28,37151012.656,23892153,12198858,1060001.656
66371997,NEBs,2022-01-01,29,36218106.0,28812292,7385814,20000.0
50114134,Dantss个,2022-01-01,30,35673698.0,30861884,4811814,0.0
33305369,乄 Gembel 乄,2022-01-01,31,32268342.984,24273823,7134618,859901.984
80489423,Vēnomous OG,2022-01-01,32,31841418.0,23605464,8235954,0.0
96566351,Vivadiva,2022-01-01,33,31766142.0,27236814,4529328,0.0
57141256,FlammA,2022-01-01,34,31635561.0,25398529,6217032,20000.0
62080073,Kоlуan,2022-01-01,35,31242248.0,27724448,2917800,600000.0
13816815,RubbMyNuts,2022-01-01,36,31230318.0,22100016,9130302,0.0
54378153,fluorin4ek,2022-01-01,37,31097287.36,21151827,8908464,1036996.36
46972060,Yakoo OG,2022-01-01,38,30811635.0,26782359,3729276,300000.0
63774991,CISILIA,2022-01-01,39,30345023.0,21094613,8410410,840000.0
59797086,Odysseus シ,2022-01-01,40,30097499.0,27225449,2872050,0.0
28618527,父 Crystal 父,2022-01-01,41,29803704.024,21515816,7767888,520000.02400000003
54977338,Marcusᴳᴺᴳ,2022-01-01,42,29495920.0,21004968,8330952,160000.0
49911535,Suga 旬,2022-01-01,43,29215403.0,23341307,5874096,0.0
19435040,Wings Shin,2022-01-01,44,28448674.0,21729040,6719634,0.0
11694371,Big Piens Shake,2022-01-01,45,28237970.0,23395094,4842876,0.0
62942972,SonicSuren,2022-01-01,46,28171617.0,20355861,7815756,0.0
36397118,乂 HAXOR 乂,2022-01-01,47,28120098.276,16650962,9869136,1600000.276
73551691,a4dani,2022-01-01,48,27782845.0,23066017,4536828,180000.0
76297693,EzItzOnlyJay,2022-01-01,49,27592228.528,16997545,6769176,3825507.528
18373874,Executioner AF,2022-01-01,50,27414703.0,19638405,7736298,40000.0
63886129,nail1ÿ,2022-01-01,51,27381757.508,20175144,6784752,421861.50800000003
52419470,AssAssin A,2022-01-01,52,27022400.016,19821988,6680412,520000.016
52619890,Sir Rockzo,2022-01-01,53,26991942.0,21305472,5686470,0.0
23896432,Alungga,2022-01-01,54,26907782.0,17510342,7766400,1631040.0
15984647,GangstaAmmye个,2022-01-01,55,26694539.0,18951455,7743084,0.0
47351877,Valkiara,2022-01-01,56,26455662.0,16926860,8828802,700000.0
683664,ᴰᴳ TheWall,2022-01-01,57,26374873.0,22835575,3539298,0.0
98013414,minero21,2022-01-01,58,26274512.0,22719518,1454994,2100000.0
75888646,BokuToヅ,2022-01-01,59,25793914.0,22540214,2753700,500000.0
40412748,亗BLS EVIL亗,2022-01-01,60,25368993.232,19177739,5572608,618646.232
3747243,Holdimonster,2022-01-01,61,25304157.552,14008983,8415174,2880000.552
58996561,Chrollо,2022-01-01,62,25086394.524,15901288,7649898,1535208.524
67137328,义Anasboi义,2022-01-01,63,25028095.784,18663338,6099192,265565.784
38132570,Amen0sa,2022-01-01,64,24755766.0,18093084,6662682,0.0
51304605,G A M  OG,2022-01-01,65,24732721.0,16964697,3768024,4000000.0
31895462,实意ʚevyɞ,2022-01-01,66,24649674.524,12809810,10435494,1404370.524
39673397,LyoKo,2022-01-01,67,24649270.0,19965852,3863418,820000.0
52515492,DARK EVIL 亗,2022-01-01,68,24589922.708,19826244,3763356,1000322.708
63013160,Lazy Lýnx,2022-01-01,69,24527337.0,11619683,8907654,4000000.0
11904157,RuKh,2022-01-01,70,24395075.0,19486115,4908960,0.0
12877754,Chapo Taco,2022-01-01,71,23997760.0,15914994,4082766,4000000.0
12645110,PʀøHᴀcJJk,2022-01-01,72,23973395.004,19703469,4249926,20000.004
37732597,IrоnGiant,2022-01-01,73,23708954.0,21691850,2017104,0.0
16512590,BerryMuffins,2022-01-01,74,23698288.0,14590410,8707878,400000.0
67999885,Bubuhan Paculer,2022-01-01,75,23502126.0,19000536,4381590,120000.0
27082807,M3llow KiNg x,2022-01-01,76,23444887.0,12320445,9464442,1660000.0
16759370,PhyxiÂ,2022-01-01,77,23285766.656,15460227,7745538,80001.656
33726432,Fallin000,2022-01-01,78,23195587.0,19232731,3662856,300000.0
46678919,Royal Gazza,2022-01-01,79,23137586.0,16470680,6666906,0.0
55086798,Haladîr,2022-01-01,80,22916553.0,19482883,3413670,20000.0
72969016,Slayer X Jørg,2022-01-01,81,22796732.064,5636403,15733074,1427255.064
28759255,1LimitBreakr,2022-01-01,82,22517753.0,17471307,4906446,140000.0
59010105,ɳɢʊpɪ OG,2022-01-01,83,22433735.032,16616449,5657286,160000.032
65484538,Battle BEAST,2022-01-01,84,22431613.576,16097359,3941274,2392980.576
63615619,Sham Crackers,2022-01-01,85,22370496.0,13444598,4925898,4000000.0
52375803,VARTOLÒ,2022-01-01,86,22356108.024,15427112,6288996,640000.024
39250773,乂 HYDRA 乂,2022-01-01,87,22271805.0,17335659,4936146,0.0
38980106,MOTOROLА,2022-01-01,88,22031357.0,17380153,3651204,1000000.0
77967742,PM Nicha,2022-01-01,89,21976889.0,17986855,3530034,460000.0
43782411,Omniscient いち,2022-01-01,90,21875439.04,15021053,6754386,100000.04000000001
33738318,暗丶BRAYAN亗,2022-01-01,91,21392747.0,17808471,2784276,800000.0
51632421,TimeWizard x,2022-01-01,92,21350908.0,10349440,10941468,60000.0
76216620,Prоstoy,2022-01-01,93,21323813.0,17608947,3214866,500000.0
56345194,HunterDemons,2022-01-01,94,21175486.0,18672130,2503356,0.0
9957322,Slayer X Aki,2022-01-01,95,21133570.0,11603200,9410370,120000.0
55874646,NEMOᴹⱽ,2022-01-01,96,21014966.0,10779300,9855666,380000.0
34382164,Beast Doc,2022-01-01,97,20969741.0,16018571,4951170,0.0
95682829,I Am Tea,2022-01-01,98,20691816.004,15205350,5486466,0.004
59331015,Kingsummer OG,2022-01-01,99,20669745.0,19899009,770736,0.0
15689544,ᵗᵉᵃTime,2022-01-01,100,20649854.276,11954794,8655060,40000.276
62946708,Lazy ﾒ Blue,2022-01-01,101,20534373.0,15293509,5040864,200000.0
16921563,暗丶CaliSham,2022-01-01,102,20460944.84,13916284,6144660,400000.84
15038629,Ibn E Ijaz,2022-01-01,103,20372809.0,15008917,5363892,0.0
62679050,LegendKitoki OG,2022-01-01,104,20273561.444,12736618,5256942,2280001.444
25182362,真心 ąđy,2022-01-01,105,20174943.032,13358911,6801360,14672.032000000001
81772415,Sytore亗,2022-01-01,106,20141340.0,15594420,4186920,360000.0
41086563,Dårth Invader,2022-01-01,107,19955481.0,15784851,4170630,0.0
39759597,MadPharoh,2022-01-01,108,19847364.0,14800422,3426942,1620000.0
1080643,义Headhuntr义,2022-01-01,109,19670159.116,10167123,6567054,2935982.116
95673384,㐅1 cödè ㋛,2022-01-01,110,19592565.0,9201887,6390678,4000000.0
68543872,DHAFIR OG,2022-01-01,111,19578161.0,4068749,15509412,0.0
13551576,Lady Manor,2022-01-01,112,19313275.0,7266081,8047194,4000000.0
96201962,Bobö,2022-01-01,113,19263782.0,15042218,4221564,0.0
73870935,DaProd,2022-01-01,114,19164208.0,17034700,2129508,0.0
49174922,Slayer X Kvothe,2022-01-01,115,19038263.004,12504795,3693468,2840000.004
58216523,Legend ReX,2022-01-01,116,18883220.0,17300972,1582248,0.0
40299040,㋛Marreta Preta㋛,2022-01-01,117,18730340.0,9936820,8273520,520000.0
11749129,mustachride,2022-01-01,118,18685301.0,13348229,5337072,0.0
31352114,SALLOUM44,2022-01-01,119,18682891.188,13220924,2210844,3251123.188
30199415,RedPrinceAzazel,2022-01-01,120,18589477.1,8964950,7024524,2600003.1
59324361,Bōt,2022-01-01,121,18507477.0,14040813,4466664,0.0
17736708,GangstaMaruDGAF,2022-01-01,122,18488561.0,9566633,8921928,0.0
63968661,Radnaxi,2022-01-01,123,18319861.0,9154933,9164928,0.0
7681587,AndrewB2000,2022-01-01,124,18214471.004,13349329,4865142,0.004
19004552,I BlackHeart I,2022-01-01,125,18189547.0,13965323,4204224,20000.0
80394569,Slayer X Ch0N,2022-01-01,126,18186026.0,9575204,6990822,1620000.0
30236269,MarvNNN591,2022-01-01,127,18176783.0,11293317,5783466,1100000.0
61944693,Fist me Daddy,2022-01-01,128,18144071.032,11579777,6324294,240000.032
63595204,Portelá,2022-01-01,129,18124532.0,8187886,5936646,4000000.0
6960423,Mmarsh,2022-01-01,130,18040748.0,10212710,7828038,0.0
10806254,BEP 1,2022-01-01,131,17994677.0,9354125,7440552,1200000.0
76923099,daNny,2022-01-01,132,17916816.0,7972152,9944664,0.0
79498103,I M StoneBank,2022-01-01,133,17769841.496,10174166,6821358,774317.496
75144155,Izzy 永,2022-01-01,134,17704853.0,12542545,4582308,580000.0
64044209,tailor p,2022-01-01,135,17683938.0,12708516,4975422,0.0
11740217,BigTruck,2022-01-01,136,17617734.8,10360946,5933508,1323280.8
95678399,裁决Blade,2022-01-01,137,17611797.0,12935679,4676118,0.0
58810130,MongD2,2022-01-01,138,17429929.0,14239045,3190884,0.0
17854556,JOLAN,2022-01-01,139,17314788.0,14590320,2724468,0.0
63119959,FirestormV,2022-01-01,140,17266581.0,12993155,4233426,40000.0
36145615,BDGㅊHR Habib,2022-01-01,141,17117492.0,12511986,4585506,20000.0
76034575,Léxyy,2022-01-01,142,17081012.796,7909688,8331324,840000.796
33851182,Nebu I,2022-01-01,143,16954841.0,11675659,4999182,280000.0
16710828,xBigWoodx,2022-01-01,144,16939852.0,9733552,7206300,0.0
69541181,Sir Brraapp,2022-01-01,145,16928236.0,8017316,8590920,320000.0
26877031,M3llow Queen x,2022-01-01,146,16821741.0,7345205,7756536,1720000.0
85825206,Cram337,2022-01-01,147,16820873.0,10053875,6766998,0.0
6488711,Alischer,2022-01-01,148,16737171.0,12091411,4085760,560000.0
75084130,ßIank,2022-01-01,149,16676511.372,11986998,4449510,240003.372
76373142,Rules OG,2022-01-01,150,16661440.0,7180158,5481282,4000000.0
62608777,Kira Kira Arina,2022-01-01,151,16599765.0,10368047,5051718,1180000.0
21998284,Legend Kobe,2022-01-01,152,16544668.004,6754698,9089970,700000.004
76851235,Spаniard,2022-01-01,153,16534222.0,11333960,3080262,2120000.0
70209602,MaddKING Ragnar,2022-01-01,154,16422047.252,9686189,6495858,240000.252
46131252,SlayerX MUSTAFA,2022-01-01,155,16353306.0,4196610,12156696,0.0
39637709,FHK HellAngel,2022-01-01,156,16323959.0,12271181,4052778,0.0
34054731,RoҜメMACHINEメ,2022-01-01,157,16206637.0,13694651,2371986,140000.0
63453000,Lazy DUST,2022-01-01,158,16180914.0,13413386,2547528,220000.0
54530345,4Zinc 永,2022-01-01,159,16116388.0,12144844,3971544,0.0
96257100,BlēsT,2022-01-01,160,16086681.0,9321421,4405260,2360000.0
59171934,DesaSasarean OG,2022-01-01,161,16044000.0,13920258,2123742,0.0
65527076,Liusen,2022-01-01,162,16030541.088,13140127,1775796,1114618.088
55851284,Mr Kaoz,2022-01-01,163,15994528.0,11470778,4023750,500000.0
56223472,Wings of Yolo,2022-01-01,164,15896144.784,7182251,8085732,628161.784
53459290,Qitiandsheng永,2022-01-01,165,15880424.0,12360860,3519564,0.0
63897345,SonStrike,2022-01-01,166,15688730.0,9390252,5978478,320000.0
76122309,Dèvalish,2022-01-01,167,15663275.104,8845090,6818184,1.104
64525422,BDGㅊALVINᴿⱽ,2022-01-01,168,15607791.0,12182049,3425742,0.0
67202956,Jäzzmine,2022-01-01,169,15490160.0,9474508,5915652,100000.0
90190464,ᴬᵂMalek,2022-01-01,170,15433874.0,13505876,1927998,0.0
25531562,Syaorân Li,2022-01-01,171,15389681.0,10542581,4847100,0.0
53562053,Daduck,2022-01-01,172,15240796.0,11920204,3320592,0.0
63122485,Emhily,2022-01-01,173,15223360.0,7884284,6659076,680000.0
21463108,GangstaAza DGAF,2022-01-01,174,15145331.0,6787891,4357440,4000000.0
39412545,CIMO,2022-01-01,175,15090049.0,8858827,6231222,0.0
76195639,IJOMI OG,2022-01-01,176,14950471.0,8968205,5962266,20000.0
84507550,Wenskiee,2022-01-01,177,14869555.0,497005,14372550,0.0
64177151,Dia X YB,2022-01-01,178,14620462.004,12546310,2074152,0.004
20843787,暗 SeroS 戰,2022-01-01,179,14573427.0,11248997,2924430,400000.0
43110892,slanter,2022-01-01,180,14422881.0,11491893,2930988,0.0
52663991,Sgt Muerte,2022-01-01,181,14414123.0,11050859,3363264,0.0
44460685,Wings of Rainy,2022-01-01,182,14321255.0,10961189,3360066,0.0
62660905,Fîshy,2022-01-01,183,14264830.02,10276794,3768036,220000.02000000002
68399761,Jurabige,2022-01-01,184,14234414.0,3115312,7119102,4000000.0
62323092,LESHiy,2022-01-01,185,14227938.0,10910166,3317772,0.0
59400106,COMANDANDE,2022-01-01,186,14166296.0,12145662,1940634,80000.0
76251114,small big boy,2022-01-01,187,14146442.252,10404164,3202278,540000.252
5944784,Hoolee,2022-01-01,188,14146065.0,10470075,3675990,0.0
70015615,ICHIGO OG,2022-01-01,189,14125848.008,7379806,5646042,1100000.008
13780200,KillerM92,2022-01-01,190,14099724.0,9340350,4759374,0.0
17875970,MyBubbles,2022-01-01,191,14018617.0,11811847,2146770,60000.0
68599021,No Zig For You,2022-01-01,192,13914300.0,9245082,4669218,0.0
53639563,TF26 OG,2022-01-01,193,13841700.0,6626918,6814782,400000.0
53573536,FàttyPrime,2022-01-01,194,13758521.468,9854240,3234870,669411.468
53572619,High Mage Cowl,2022-01-01,195,13688651.46,8587704,3592872,1508075.46
61847388,DĒMŒN,2022-01-01,196,13631484.0,9429168,4202316,0.0
41779923,R U M A 云 OG,2022-01-01,197,13631465.0,12749849,881616,0.0
20446496,雨Kuma雨,2022-01-01,198,13622523.0,9150567,4471956,0.0
67133364,Pirate Jmcdo4,2022-01-01,199,13593374.2,5696275,7409358,487741.2
22505871,CAP 117,2022-01-01,200,13538932.0,8319376,5219556,0.0
41925878,n y a,2022-01-01,201,13528747.0,7642031,5626716,260000.0
77946659,SabdopaloN,2022-01-01,202,13472872.0,9599902,3872970,0.0
57442278,sant9gо,2022-01-01,203,13433297.0,12394013,1039284,0.0
81263107,Cimeng OG,2022-01-01,204,13327924.0,3113604,6214320,4000000.0
69915557,Élyséen OG,2022-01-01,205,13312814.008,11029604,2283210,0.008
60811314,fæ relax 8J,2022-01-01,206,13308005.624,10680977,2627010,18.624
69851361,Dod OG,2022-01-01,207,13255278.0,7594752,3560526,2100000.0
95676642,Just Morenth,2022-01-01,208,13253166.564,8244915,4568250,440001.564
7568329,El3ctricity,2022-01-01,209,13169958.0,7199840,4670118,1300000.0
67174967,C㋛㋛per,2022-01-01,210,13142735.0,7537419,5165316,440000.0
67980415,Erwinlim,2022-01-01,211,13110582.0,7404614,1705968,4000000.0
35538798,ĴØЌÉŔR,2022-01-01,212,13086657.0,11594265,1492392,0.0
16709976,PALL0,2022-01-01,213,12893641.004,8105221,4788420,0.004
53720198,SinnerPridE,2022-01-01,214,12880273.0,10629787,2250486,0.0
13816660,Meowkata,2022-01-01,215,12877219.0,6373861,6443358,60000.0
43307988,PICCO,2022-01-01,216,12828668.052,6822286,5966382,40000.052
81742039,乂T E F K A乂,2022-01-01,217,12804276.0,9547662,3256614,0.0
78024889,ᴿᴿVARTHAN,2022-01-01,218,12495018.0,8266890,4228128,0.0
64309507,RichKupo,2022-01-01,219,12473922.0,7111512,5362410,0.0
23025917,VEGASS X,2022-01-01,220,12457683.0,9714297,2743386,0.0
45764094,Ring shoes care,2022-01-01,221,12403580.0,7607394,3756186,1040000.0
7143022,FrankIyn,2022-01-01,222,12398437.0,5885723,5712714,800000.0
63480706,Nīght Kīng,2022-01-01,223,12334592.0,8282234,3812358,240000.0
29489887,くˢᶜᵃʳʸ,2022-01-01,224,12236863.508,6676625,5560236,2.508
20379195,Moon4lite,2022-01-01,225,12206797.0,9433723,2773074,0.0
17413785,暗 Toxic Arrow,2022-01-01,226,12167583.0,9936537,2231046,0.0
80644934,Pirate Thorine,2022-01-01,227,12137084.912,913785,8231826,2991473.912
52618268,Test Knight,2022-01-01,228,12126769.792,9199044,2827722,100003.792
80449273,ʟaᴜʀa OG,2022-01-01,229,12102536.0,5233918,2868618,4000000.0
59438289,GangstaDrëkles,2022-01-01,230,12079441.0,7298335,3881106,900000.0
51061315,Chinese299,2022-01-01,231,12074230.0,7722372,4131858,220000.0
76869735,Queen Risk人,2022-01-01,232,12070259.0,6949903,3520356,1600000.0
15800654,Gaia Kight Chao,2022-01-01,233,12054624.0,1392434,6662190,4000000.0
64085623,zaidoun,2022-01-01,234,12051104.94,7408112,3559098,1083894.94
63921213,OSkadon OG,2022-01-01,235,12003034.0,9198458,2784576,20000.0
83956095,Kyłe,2022-01-01,236,11932226.276,6819334,5012892,100000.276
51651109,ᴿᵒʸᵃᴵK,2022-01-01,237,11915608.0,5910192,5965416,40000.0
71824582,TheDarkFuryᶰf,2022-01-01,238,11893884.0,9887764,1446120,560000.0
68694772,nguyennopro,2022-01-01,239,11889710.0,521156,11368554,0.0
62399044,Chuck乂Norris,2022-01-01,240,11729659.232,9153057,2576394,208.232
69090210,Slēep,2022-01-01,241,11720633.004,2994460,7383558,1342615.004
75908772,XeLLin,2022-01-01,242,11713883.0,7192751,4521132,0.0
29216170,Slayer X Krawa,2022-01-01,243,11566818.036,3140448,8426370,0.036000000000000004
53565432,パンダPandà,2022-01-01,244,11444588.008,9118832,2325756,0.008
61950882,Lazy Luffy,2022-01-01,245,11437779.0,7087317,4350462,0.0
83297380,SlayerQueenCali,2022-01-01,246,11418406.0,817620,10440786,160000.0
62166694,DRIFTERS187,2022-01-01,247,11391521.0,4396569,6974952,20000.0
33910779,Mashmattatoe,2022-01-01,248,11354034.004,7799582,2134452,1420000.004
50653451,Bigboybobo,2022-01-01,249,11309468.004,6047376,3562092,1700000.004
83619899,Driscie,2022-01-01,250,11304080.44,7391806,3607794,304480.44
39190271,DarthB殺無赦,2022-01-01,251,11289358.0,3529978,7759380,0.0
37773820,Sapper88,2022-01-01,252,11288071.0,6563159,4704912,20000.0
54128420,Rack7,2022-01-01,253,11226192.0,6280290,4945902,0.0
24577697,PopeTheFvckBoy,2022-01-01,254,11180063.016,7127125,4012938,40000.016
15186568,暗 pequod,2022-01-01,255,11144984.0,6965792,4179192,0.0
62399898,19Alim93 Dealer,2022-01-01,256,11051550.004,9937512,1114038,0.004
61924943,Arif Rh01,2022-01-01,257,11011985.044,1768266,9176232,67487.044
67184899,义Galatian义,2022-01-01,258,11003547.0,3581723,3421824,4000000.0
16028895,JaneHunston,2022-01-01,259,10967425.0,6203617,4223808,540000.0
35224446,PR㋛LETAR,2022-01-01,260,10933217.0,6318579,4534638,80000.0
76795427,ᴰᴷ mōøvik,2022-01-01,261,10916393.0,6345991,4410402,160000.0
17647992,Laokiror,2022-01-01,262,10906580.0,2205622,4700958,4000000.0
55784967,Lazy lady bep,2022-01-01,263,10905501.0,5008963,5816538,80000.0
63751320,Warlord Ragnär,2022-01-01,264,10879310.0,6123632,4275678,480000.0
61838834,Kiĺĺer wolf,2022-01-01,265,10835312.0,8185712,2529600,120000.0
63559810,Blackshadow26,2022-01-01,266,10791227.0,3248701,7202526,340000.0
60134257,Rin OG,2022-01-01,267,10750722.068,6958386,2952336,840000.068
64306210,Kopi no sugar,2022-01-01,268,10589813.0,9511955,1077858,0.0
37765024,Đumoƞt,2022-01-01,269,10548287.848,5119332,3806568,1622387.848
83310067,SlayerˣSiDji,2022-01-01,270,10543971.004,5774797,3489174,1280000.004
1616635,AbbyRigg Hèró,2022-01-01,271,10483460.0,7479194,3004266,0.0
96209643,Sheldecks雷龘,2022-01-01,272,10481578.0,7201414,3280164,0.0
14020401,Bajietong OG,2022-01-01,273,10420056.0,5871300,4548756,0.0
64394420,Cooper  X,2022-01-01,274,10396614.44,6732509,3664098,7.44
76180743,Mschief Manage,2022-01-01,275,10392017.0,4157495,6234522,0.0
17625084,S i m o   CG,2022-01-01,276,10378851.0,6927123,3451728,0.0
95677203,Mr GerNbET,2022-01-01,277,10310811.028,4587543,4403268,1320000.028
42467519,Fiona SMASH,2022-01-01,278,10273682.104,7299649,2674032,300001.104
75398017,火SmileDance,2022-01-01,279,10243230.0,9429612,813618,0.0
60954941,Sirvano,2022-01-01,280,10163055.0,6031353,4131702,0.0
11328321,Phorak,2022-01-01,281,10061783.0,6541481,3520302,0.0
37726163,Dave D,2022-01-01,282,9996402.0,2440482,7555920,0.0
61498739,Playdz,2022-01-01,283,9993978.0,3739778,5074200,1180000.0
69366835,SMOKYR,2022-01-01,284,9980066.0,7416080,2563986,0.0
96708632,Kuzäッ,2022-01-01,285,9949853.0,861305,9088548,0.0
37756270,۞Lissa۞,2022-01-01,286,9888918.0,4132110,3476808,2280000.0
80264477,M3llow Angelヅ,2022-01-01,287,9832027.0,2985777,5606250,1240000.0
95681780,ッNoLubeTheFvckr,2022-01-01,288,9676370.0,6606218,2830152,240000.0
57177740,Z theFvcker,2022-01-01,289,9663131.0,5817485,3845646,0.0
70857667,Atreus591,2022-01-01,290,9622217.0,8495891,1126326,0.0
16908012,暗 Winter,2022-01-01,291,9571639.0,7214011,2357628,0.0
61918448,CRAZY HAPIT,2022-01-01,292,9570911.624,5971713,3023934,575264.6240000001
62853017,Capn Toph,2022-01-01,293,9552050.0,5651264,3900786,0.0
17376374,暗 Moises P,2022-01-01,294,9545973.0,6473369,2432604,640000.0
32601257,lunav,2022-01-01,295,9529020.0,5650080,3758940,120000.0
42028782,PirateカEitschiカ,2022-01-01,296,9524900.0,4659626,4865274,0.0
62720594,Pat kingllll,2022-01-01,297,9418723.0,4839381,4419342,160000.0
69765624,Skaylerr IND,2022-01-01,298,9392260.996,3864323,5347938,179999.996
55565597,goeland27,2022-01-01,299,9359002.0,4796394,4462608,100000.0
12971051,MUshO,2022-01-01,300,9357885.0,4705111,4152774,500000.0
17256004,Jessy Jr,2022-01-01,301,9315987.0,6115143,3200844,0.0
20462120,IamGilbo,2022-01-01,302,9280046.0,7676668,1323378,280000.0
67145172,Sol InvictuS,2022-01-01,303,9267076.0,5781080,3465996,20000.0
69545360,Louie13,2022-01-01,304,9243882.0,5873034,3370848,0.0
20533430,Irenerene,2022-01-01,305,9145709.0,7058759,2086950,0.0
95317724,Scott I武统,2022-01-01,306,9144129.0,7108707,2035422,0.0
21464078,Dᵘcᵏ Marley,2022-01-01,307,9135189.0,4754811,4380378,0.0
75397619,火Karamag火,2022-01-01,308,9126345.0,8621961,504384,0.0
50379414,Slayer X Stag,2022-01-01,309,9119092.0,968472,7390620,760000.0
56316995,Wings of Lib,2022-01-01,310,9090830.0,6463142,2627688,0.0
27737243,Hopesyy,2022-01-01,311,9040027.0,6590647,1429380,1020000.0
63627672,XyouX,2022-01-01,312,9028638.0,1416368,3612270,4000000.0
29587991,HAYzOM,2022-01-01,313,9013029.0,6936979,2056050,20000.0
97560095,Murdøc,2022-01-01,314,8997047.38,7242868,1694178,60001.380000000005
29028720,BloodhounderSpy,2022-01-01,315,8968183.0,1605321,7142862,220000.0
63896422,ABØ AŁ HASSAN,2022-01-01,316,8938727.0,5383791,1854936,1700000.0
62687626,Callysta34,2022-01-01,317,8846554.6,3382566,4176384,1287604.6
63871718,Hhh2,2022-01-01,318,8767285.0,1773335,6433950,560000.0
52435883,1P FOX,2022-01-01,319,8721555.0,4988691,3732864,0.0
26291665,Twiceborn two,2022-01-01,320,8675250.0,5157750,3517500,0.0
83068025,乛ᴷᴳ김사나暁,2022-01-01,321,8663197.056,5820809,2714388,128000.056
11904784,PERSAIN,2022-01-01,322,8649219.0,5827235,2541984,280000.0
85766430,Berserkerシ,2022-01-01,323,8625962.992,7167985,1383606,74371.992
95674238,VoidPsycho,2022-01-01,324,8608694.0,4556296,3712398,340000.0
66817290,Legend SabaT,2022-01-01,325,8577567.0,1896485,2681082,4000000.0
78599363,Suepapi,2022-01-01,326,8552637.02,3845511,2931126,1776000.02
63900101,A7X fold,2022-01-01,327,8529873.0,3555297,4974576,0.0
96204648,Trooper Clînt,2021-12-02,328,8488218.0,267330,8220888,0.0
81750678,GÃËTØŪ,2022-01-01,329,8481061.004,4904939,3556122,20000.004
95560188,愛麗絲Alíce,2022-01-01,330,8466723.0,4229019,4237704,0.0
37112672,Yavuz EVIL,2022-01-01,331,8460491.952,5999938,1391856,1068697.952
21090207,Alex18Croatia,2022-01-01,332,8410785.0,6277023,2133762,0.0
73393192,Pirate LoMboK,2022-01-01,333,8395092.0,2544048,5747124,103920.0
63894724,Ringo X,2022-01-01,334,8375517.0,4559271,3696246,120000.0
12358600,JēliBēคN,2022-01-01,335,8352316.004,6279798,2032518,40000.004
63179189,Konstantinos Ma,2022-01-01,336,8337425.024,2896187,4841238,600000.024
64023189,Slayer X Shadow,2022-01-01,337,8310894.0,4744380,3566514,0.0
96291019,紫英 Amethy,2022-01-01,338,8296055.0,6340107,1935948,20000.0
76760949,SAAD EVIL,2022-01-01,339,8230483.884,5261652,2202072,766759.884
85371359,Salah Dawod,2022-01-01,340,8210548.492,2383940,5628954,197654.492
77846662,Wings of rss,2022-01-01,341,8206215.0,2168831,2037384,4000000.0
63858590,AngelOfImpurity,2022-01-01,342,8196676.0,4528640,3168036,500000.0
73901502,o POMPEY o,2022-01-01,343,8184009.0,5246445,2877564,60000.0
86176618,ReindeerGames,2022-01-01,344,8140410.044,3693235,3522804,924371.044
12182229,YouGotCrabs,2022-01-01,345,8128498.484,5925846,2182650,20002.484
67195299,Pir8IrenêAdler,2022-01-01,346,8102412.0,1443380,6499032,160000.0
63573884,LITTLE Jon,2022-01-01,347,8036185.0,4352659,3683526,0.0
53702653,Danrif 冬,2022-01-01,348,8013487.0,5133805,2879682,0.0
16353531,ItsAki II,2022-01-01,349,7934790.0,522339,3445056,4000000.0
81744680,Imperator Venum,2022-01-01,350,7924242.544,3329352,4496016,98874.54400000001
48281776,Candyrain,2022-01-01,351,7853147.0,5970275,1882872,0.0
25534380,artemɪsɪa,2022-01-01,352,7818104.0,5836976,1981128,0.0
97127787,AmeAmeAmeAmeAme,2022-01-01,353,7789481.0,5769509,2019972,0.0
69967186,乂TekasHI乂,2022-01-01,354,7746794.116,6142408,1356432,247954.116
67130734,Pirate R4J44,2022-01-01,355,7733568.0,2174430,5559138,0.0
96569933,义Pillow义,2022-01-01,356,7687986.0,5606178,2021808,60000.0
62189019,ChongChong84,2022-01-01,357,7677848.0,4867754,2810094,0.0
87426831,Jöss īī,2022-01-01,358,7662547.0,2806117,4856430,0.0
53474171,Ahmad 81,2022-01-01,359,7654471.0,5102185,2552286,0.0
63478483,Pirate Zapp,2022-01-01,360,7647150.0,2570526,5076624,0.0
71406414,Kraken Paris,2022-01-01,361,7638923.0,1528251,3930672,2180000.0
62326004,HarukoHanada,2022-01-01,362,7615813.0,4070839,3544974,0.0
67180833,KinG 2020,2022-01-01,363,7547494.0,4812274,2735220,0.0
83566332,SlayerMarieJ,2022-01-01,364,7537522.0,3058582,4430940,48000.0
57087134,Roi René 49,2022-01-01,365,7495541.196,293710,7089258,112573.196
79819300,メDorukメ,2022-01-01,366,7480399.0,4917319,2563080,0.0
10882519,Duᶜᵏ Peachy,2022-01-01,367,7421938.0,4779062,2562876,80000.0
80252834,M3llow Beardy,2022-01-01,368,7394241.032,1931013,4863228,600000.032
11915882,AlphaOmegA,2022-01-01,369,7355480.0,5594070,1681410,80000.0
96249805,Legend Heimam,2022-01-01,370,7303853.0,3883039,2876814,544000.0
78804129,乇mperor卩nus,2022-01-01,371,7287880.776,2953161,3939768,394951.776
52710496,Zea OG,2022-01-01,372,7278445.0,3201193,3777252,300000.0
61954227,Lazy Dark,2022-01-01,373,7251379.0,3374253,3861126,16000.0
63354285,乂JØN GØD乂,2022-01-01,374,7240028.016,2845576,4354452,40000.016
66374084,M3llow Pe㋛rs,2022-01-01,375,7238608.0,2462924,3543684,1232000.0
60141103,Talivan MX,2022-01-01,376,7237971.0,3932985,3304986,0.0
96219972,Craneokid,2022-01-01,377,7222988.0,3438458,3784530,0.0
75767119,Pooty Dealer,2022-01-01,378,7211509.0,4138995,2852514,220000.0
56911574,Ahok OG,2022-01-01,379,7153846.0,2387408,4686438,80000.0
74585022,ᴹᴬᴸer OG,2022-01-01,380,7121349.0,2772307,4269042,80000.0
96547985,〤Amskit〤,2022-01-01,381,7096349.0,2982093,2810256,1304000.0
16272006,Pirateᴀᴄᴇ,2022-01-01,382,7080139.0,4651519,2428620,0.0
60296881,KinSy,2022-01-01,383,7065218.0,4851326,2213892,0.0
63951987,R4j44,2022-01-01,384,7045641.0,3117495,3928146,0.0
39418334,Beast Eicosoco,2022-01-01,385,7028574.0,3190110,3838464,0.0
91393098,Míck Dundee,2022-01-01,386,7003836.0,3688992,3254844,60000.0
70132784,火 FUEGOLEON,2022-01-01,387,6944029.0,3310303,3585726,48000.0
56267611,MatYaki,2022-01-01,388,6937218.0,3427602,3509616,0.0
75712086,PIRATE BARBAROS,2022-01-01,389,6930200.0,2918228,4011972,0.0
76050609,Pirate D waow,2022-01-01,390,6908905.0,4285183,2623722,0.0
96464896,cBЯToU Dealer,2022-01-01,391,6868077.0,3489807,3378270,0.0
78823033,MrBANvn1st,2022-01-01,392,6758159.0,2856251,3901908,0.0
84895741,LUKMANHAKIM,2022-01-01,393,6714402.0,1333809,2023392,4000000.0
96188922,PrZBeeblebrox,2022-01-01,394,6705994.36,4176060,2513934,16000.36
56668188,Pirate Solo,2022-01-01,395,6656147.432,4020328,2578074,57745.432
95677291,亗 Mezy,2022-01-01,396,6641045.0,2127425,4513620,0.0
84084376,SlayerˣSophieM,2022-01-01,397,6619302.0,601392,6017910,0.0
85773434,We7ed Evilメ,2022-01-01,398,6554276.568,4303820,2210028,40428.568
96216683,SlayerˣPosty,2022-01-01,399,6513875.0,2721269,3792606,0.0
92123052,DaCura,2021-12-14,400,6510956.0,57940,3197538,4000000.0
66408786,Eriegums,2022-01-01,401,6506322.0,2005056,4501266,0.0
63080564,shadow 0805,2022-01-01,402,6499578.0,3086262,3413316,0.0
63733625,toops405,2022-01-01,403,6497589.0,3812745,2684844,0.0
6017556,Jackncoke,2022-01-01,404,6401745.0,3358185,3043560,0.0
59692706,MikeScofield OG,2022-01-01,405,6376568.0,2432126,3824442,120000.0
62935309,Lego Batman,2022-01-01,406,6339892.0,5333494,1006398,0.0
66765325,ツĀV㋛ŤĀŔ,2022-01-01,407,6337680.0,2721094,3596586,20000.0
62756828,BDGㅊHridxᴿⱽ,2022-01-01,408,6327968.0,2540048,3787920,0.0
80343055,M3llowSlice,2022-01-01,409,6318246.372,1235332,5009760,73154.372
95678089,KAOZ the FVCKER,2022-01-01,410,6316595.0,5337259,219336,760000.0
84468452,Dr Bruce,2022-01-01,411,6307550.0,634120,5153430,520000.0
96293177,Bobopudge,2021-12-09,412,6293663.0,2472801,3788862,32000.0
56558968,Pirate SamKtr41,2022-01-01,413,6277331.0,4134645,1282686,860000.0
62104788,Fluff n Fatale,2022-01-01,414,6215219.0,4730165,1485054,0.0
84483508,511 pirate,2022-01-01,415,6199490.004,1108010,4551480,540000.004
44986862,SAYUR KÖL,2022-01-01,416,6194565.0,1657231,4409334,128000.0
82308267,M3llow bsunny,2022-01-01,417,6192152.004,2722458,3389694,80000.004
9570341,jedijason123,2022-01-01,418,6187935.0,3072303,3115632,0.0
80223445,Slayer 乂 Yput,2022-01-01,419,6174643.0,2975647,3198996,0.0
69765691,Queen Terrible,2022-01-01,420,6172479.0,2308335,3864144,0.0
61932165,XNXX IND jowo,2022-01-01,421,6171169.0,3109445,2981724,80000.0
40541417,vɪcᴛoʀɪᴀ,2022-01-01,422,6171162.0,3568578,2542584,60000.0
15570213,Laffty,2022-01-01,423,6154704.076,2653525,3237468,263711.076
81439535,LOKI123,2022-01-01,424,6147845.0,4098797,1929048,120000.0
85349703,Legend Hades21,2022-01-01,425,6136703.0,2946169,3174534,16000.0
80781472,Slayer X KiMi,2022-01-01,426,6133431.0,2706263,3387168,40000.0
63601569,Slayer X Dwardo,2022-01-01,427,6107987.0,2101733,4006254,0.0
80207342,WaterM3llow,2022-01-01,428,6023296.032,2648131,2133702,1241463.0320000001
59151829,Yura09 OG,2022-01-01,429,6018382.0,2452322,3486060,80000.0
17736681,WomBort,2022-01-01,430,5960674.0,5938630,22044,0.0
96471500,Psychologyst,2022-01-03,431,5959727.0,738917,5189610,31200.0
12168629,OnlyFuzZ,2022-01-01,432,5935608.276,2958168,2917440,60000.276
73399169,SlicckRiick,2022-01-01,433,5913457.0,4825697,647760,440000.0
66802116,SlayerˣBoy,2022-01-01,434,5899670.0,2876588,3023082,0.0
10621502,Ｓｌoｔｈ,2022-01-01,435,5895651.0,3142887,2752764,0.0
73925214,KhaLᴇᴇsí,2022-01-01,436,5887116.416,2753824,3053274,80018.416
17780812,Traxxxx,2022-01-01,437,5860235.032,4383553,1136682,340000.032
61086085,Pirate Baio,2022-01-01,438,5770880.0,2347244,3375636,48000.0
70654401,ʷʷ Hoshi,2022-01-01,439,5769788.0,4288512,1461276,20000.0
63811771,M3llowMabrock x,2022-01-01,440,5758755.0,4346931,1411824,0.0
52130105,ᵛⁿMr Crab,2021-12-29,441,5756575.0,4343767,1412808,0.0
88203498,ᴹʳ ŦǤØ,2022-01-01,442,5732654.0,3530586,2002068,200000.0
83526855,Zãnøagã,2022-01-01,443,5696743.0,4349451,407292,940000.0
69584739,Death Z7o55,2021-12-14,444,5652703.0,2532781,3119922,0.0
21464563,SirKage,2022-01-01,445,5642883.556,3139249,2483634,20000.556
67609112,EKSESô,2022-01-01,446,5499737.172,2147644,2555856,796237.172
63469420,lady talia,2022-01-01,447,5489692.016,2256202,3233490,0.016
30316476,Big Daddy BaBa,2022-01-01,448,5449620.0,3640038,1809582,0.0
30421620,Jœÿ Dealer,2022-01-01,449,5422696.0,4818358,604338,0.0
96242448,Gilded Goat,2022-01-01,450,5422580.0,2357628,2804952,260000.0
51380796,QuicheeeX,2022-01-01,451,5419116.8719999995,3539320,1331280,548516.872
63860398,Nemesis523,2022-01-01,452,5396865.0,4142787,1254078,0.0
44665294,COBIN,2022-01-01,453,5333862.0,2974818,2359044,0.0
67246450,WIN CôngĐạt,2022-01-01,454,5309806.0,2859662,1830144,620000.0
80187532,AtticusWiggleBs,2022-01-01,455,5256723.0,2596969,2656074,3680.0
67147404,JealousSs,2022-01-01,456,5212390.0,2214340,2458050,540000.0
70130949,ᴰᴰBlackHawk,2021-12-14,457,5190711.004,3802497,788214,600000.004
95681157,Mr Ǥuss,2021-12-29,458,5185413.0,2466255,2719158,0.0
31074420,iKingRagnar,2022-01-01,459,5181960.0,1854972,3291900,35088.0
64905605,SlayerXARGOBEL,2022-01-01,460,5181726.0,1593922,3507804,80000.0
61178797,Guan Chau OG,2022-01-01,461,5158514.0,1398236,3760278,0.0
96265564,M3llow Quinton,2022-01-01,462,5138602.0,2190372,2728230,220000.0
79910580,MetteHit,2022-01-01,463,5113422.0,2379870,2733552,0.0
66903398,Slayer Prëtty,2022-01-01,464,5104919.0,2265137,2299782,540000.0
96119113,Aɢɴɪ,2022-01-01,465,5100559.0,3056991,2023968,19600.0
84118914,ᴳᵂKzadé 왕자,2022-01-01,466,5080176.0,726228,4353948,0.0
70189040,SLAYERDanny,2022-01-01,467,5053766.0,2728146,1405620,920000.0
80727532,M3llow Orphic,2022-01-01,468,5053138.0,1693658,2575800,783680.0
67074469,Bamboo ALL,2022-01-01,469,5024027.244,2503405,2211942,308680.244
92000528,G U E V A R Aツ,2022-01-01,470,5004799.108,2880375,1916424,208000.108
33876264,Bigstone,2022-01-01,471,5002281.0,2798713,2123568,80000.0
65935461,EVillord,2022-01-01,472,4980357.0,3251251,629106,1100000.0
60334815,Harutya OG,2022-01-01,473,4967390.0,4176324,651066,140000.0
63686087,bArBaBiAnCa,2022-01-01,474,4949535.0,2241837,2467698,240000.0
62241563,Slayer X Nemo,2022-01-01,475,4927938.0,295515,2168454,4000000.0
66337757,338 Win kvk,2022-01-01,476,4923809.0,1923817,2599992,400000.0
67116818,Novalk ALL,2022-01-01,477,4851377.0,2374751,2476626,0.0
79444007,CANİK TR,2022-01-01,478,4793594.0,1673042,3120552,0.0
55846661,Melo 06,2022-01-01,479,4791346.0,675179,1720494,4000000.0
59967543,自由ㅅ 自在,2022-01-01,480,4762023.0,1070523,3691500,0.0
79884545,PirateBootstrap,2022-01-01,481,4754159.0,2580767,2173392,0.0
87615855,VR Sage,2022-01-01,482,4741504.0,3126076,1255428,360000.0
96234720,BloodViking57,2022-01-01,483,4729880.0,2800538,1569342,360000.0
63575767,Bye Tuga,2022-01-01,484,4724369.0,1633277,3091092,0.0
96558455,ßRÈÈŽŸ,2022-01-01,485,4668150.0,4003794,664356,0.0
86883323,Pirates AbuZaki,2022-01-01,486,4639459.676,528773,4110462,224.67600000000002
57418518,M3llow Goolins,2022-01-01,487,4605534.0,1739274,706260,2160000.0
63375965,Pirate Adjie,2022-01-01,488,4509076.0,1263382,3245694,0.0
71366499,HarryPoTHeaD420,2022-01-01,489,4482103.024,1086374,3022668,373061.02400000003
68605432,PREDATOŔ,2022-01-01,490,4455288.0,1572840,2882448,0.0
76112824,Cim Cimeterium,2022-01-01,491,4452866.0,1781468,2671398,0.0
62351996,Pirate Nanaメ,2022-01-01,492,4450785.0,1560559,2858226,32000.0
61834122,RV EMONᴮᴰ,2022-01-01,493,4428668.0,2598062,1830606,0.0
57403982,SlayerˣDASH,2022-01-01,494,4414033.0,632969,3221064,560000.0
95677201,Small Snow,2022-01-01,495,4370123.0,1160215,3145908,64000.0
83571282,SlayerₓFiSt0,2022-01-01,496,4328848.0,1951066,2377782,0.0
96240899,M3llow Treez,2022-01-01,497,4319414.0,464821,1694886,4000000.0
9322230,ᴹᴰjrwn,2022-01-01,498,4310828.0,2136750,2094078,80000.0
96215472,义 LKW 义,2022-01-01,499,4303377.0,3184557,878820,240000.0
86108244,Sułtąnąツ,2022-01-01,500,4297912.0,1443424,2314488,540000.0
84998606,Lemonちゃん,2022-01-01,501,4285949.0,1025983,3219966,40000.0
3094944,Mve,2022-01-01,502,4280020.0,2508622,1771398,0.0
97061961,I AM STIK,2022-01-01,503,4275809.004,1674693,2521116,80000.004
11075518,The Clownfish,2022-01-01,504,4251994.0,3400918,851076,0.0
95680750,ᴄᴏʀᴘsᴇ,2022-01-01,505,4241802.0,945546,3284256,12000.0
96191862,ExileANt,2022-01-01,506,4229847.0,2333031,1896816,0.0
85506145,césar le bon,2022-01-01,507,4199963.996,1295672,2472612,431679.996
83681926,FREEZEDOM,2022-01-01,508,4189756.0,2540240,1569516,80000.0
61069638,Edd Teague 37,2022-01-01,509,4180419.0,1554177,2086242,540000.0
15856222,I Am NoTTeA,2022-01-01,510,4164245.0,642211,2774034,748000.0
63572648,PIRATE BALAZS,2022-01-01,511,4161952.324,2278236,1328874,554842.324
57008215,M3llow Abdi1838,2022-01-01,512,4159446.0,1054238,2801208,304000.0
74357168,仒 Changretta,2022-01-01,513,4147169.06,1469761,2594742,82666.06
76158410,RJMB,2022-01-01,514,4136544.0,2554116,1582428,0.0
56084361,Seon deok,2022-01-01,515,4117926.0,3967716,150210,0.0
7696305,BunnyOfImpurity,2022-01-01,516,4113910.0,816761,1240194,3040000.0
39693303,ʇuɐɥɔɹǝW,2022-01-01,517,4108234.0,3098938,1009296,0.0
95629433,LiarsV,2022-01-01,518,4100553.0,2589093,1511460,0.0
66466622,义Sala义,2022-01-01,519,4090378.0,2286640,1803738,0.0
12168880,Taco Banderas,2022-01-01,520,4001380.052,2667172,878796,455412.052
84457284,Doctor Magu,2022-01-01,521,4000651.0,1254961,2745690,0.0
97465809,M3llow Row,2022-01-01,522,3997288.636,2301596,1530300,165392.636
69972191,August ᴰᴷ,2022-01-01,523,3989363.0,1950749,2038614,0.0
86002978,Ali Gátor,2022-01-01,524,3971781.0,2094703,1317078,560000.0
84422173,Cr3epsReborn,2022-01-01,525,3946128.06,1593002,2231250,121876.06
53803289,ᵀᴴᴱWIZARD,2022-01-01,526,3934346.316,1161990,1904748,867608.316
77683403,ᴷᴳ김사나,2022-01-01,527,3918828.0,820308,1139106,4000000.0
69847791,Simontx OG,2022-01-01,528,3915466.0,1537468,2377998,0.0
68715283,Fatima Az zahra,2022-01-01,529,3908664.0,2308104,1600560,0.0
51415089,lord Sitrix,2022-01-01,530,3908327.0,193139,3715188,0.0
33752045,連Lin15,2021-12-14,531,3865999.736,2589009,65598,1211392.736
83303668,Slayer XTogepik,2022-01-01,532,3857382.996,1632639,2208744,15999.996000000001
96653681,Slayer Kowalski,2022-01-01,533,3791165.0,1762005,1865160,164000.0
66284657,亗Pirate Lee,2022-01-01,534,3772383.0,2150653,1481730,140000.0
67058811,bioruben,2022-01-01,535,3755423.0,2967263,788160,0.0
71064808,Loard2002 OG,2022-01-01,536,3751804.004,3139822,611982,0.004
43366078,slayerxoeschapa,2022-01-01,537,3724938.96,1589145,2021238,114555.96
58359807,RC STING,2022-01-01,538,3714248.0,2278142,1436106,0.0
97435707,ImAnRSoul,2022-01-01,539,3690555.0,1154923,1015632,1520000.0
80244425,TheDANdaLoRiaN,2022-01-01,540,3673758.34,1357204,2289072,27482.34
76025975,SlayerXNoble,2022-01-01,541,3667847.72,2355999,873066,438782.72000000003
55179400,Slayer X Lexa,2022-01-01,542,3634070.0,155432,3478638,0.0
97287877,Jarvis Ztech,2022-01-03,543,3621617.0,1120209,2176908,324500.0
76218861,Lykth,2022-01-01,544,3613421.0,2420225,1193196,0.0
53938211,Slayer GX,2022-01-01,545,3612529.0,1241823,2330706,40000.0
95680616,ɪɴsᴀɴᴇ,2022-01-01,546,3593366.0,844258,2625108,124000.0
77930129,PT PTT  ジ,2022-01-01,547,3576213.0,3150535,345678,80000.0
39750664,义pirate Cange,2021-12-29,548,3534872.0,1324064,2210808,0.0
96294305,QasehManje,2022-01-01,549,3529417.0,1098443,2206974,224000.0
70218713,x   Z I O N   x,2022-01-01,550,3499054.0,1547050,1952004,0.0
65750039,Seed420,2022-01-01,551,3493703.0,2965267,188436,340000.0
90184186,D U N K E R,2022-01-01,552,3487310.0,1344092,2143218,0.0
62017877,SHAFINᴿⱽ,2022-01-01,553,3460114.0,1626760,1833354,0.0
96095459,ᴺᴼMęrcy,2022-01-01,554,3447712.0,631382,1092474,4000000.0
96237983,SlayerVannalla,2022-01-01,555,3435348.0,1882080,1313268,240000.0
19626853,Legend CöCö,2022-01-01,556,3425489.0,1203857,2221632,0.0
63720400,Guam81,2022-01-01,557,3409231.0,2046905,1342326,20000.0
99495030,Slayer ˣPēēp,2022-01-03,558,3370942.0,1059880,2311062,0.0
37421375,Slayer X Zi,2022-01-01,559,3362988.0,1792626,1570362,0.0
96272429,M3llow Linh,2022-01-01,560,3361426.0,495274,2026152,840000.0
96282361,fOLLOWyOURfUN,2022-01-01,561,3354164.0,858436,1735728,760000.0
79774474,NjörD,2022-01-01,562,3310513.0,1790833,1519680,0.0
83714282,Slayer Xenicus,2022-01-01,563,3286365.0,1823913,1402452,60000.0
63286295,ᶦᶰᵈカラス,2022-01-01,564,3262807.0,1607929,1594878,60000.0
91384301,HaeSoö,2022-01-01,565,3242048.0,2311862,834186,96000.0
97822225,SlayerˣØrney,2022-01-01,566,3191457.0,1136247,2055210,0.0
67548799,JOSE2,2022-01-01,567,3180465.0,382635,2173830,624000.0
74919143,Flintチだ院,2022-01-01,568,3152484.0,1183416,1969068,0.0
84087218,Slayer 乂 Dext,2022-01-01,569,3121329.0,1900187,1203342,17800.0
97642297,M3LLOW SQUIRREL,2022-01-01,570,3119409.0,1284509,1374900,460000.0
81744337,DeadZēd,2022-01-01,571,3097829.0,2031683,1066146,0.0
95677008,Brals ᴾᴴ,2022-01-01,572,3096157.528,1007073,549084,1540000.528
9771821,Louylou,2022-01-01,573,3068372.0,1774478,1293894,0.0
96105156,CHANBAOKAN,2022-01-01,574,3066634.0,649811,883506,4000000.0
71268595,Slayer X Minato,2022-01-01,575,3063204.0,1130258,1772946,160000.0
76490131,ᴮᴰNIMROD,2022-01-01,576,3057074.0,1363070,1694004,0.0
96255688,Slayer X Morlan,2022-01-01,577,3051073.0,1346233,1704840,0.0
77427239,shark vn,2022-01-01,578,3032171.0,548937,2103234,380000.0
22020212,Ya ustal pzd,2022-01-01,579,3030290.0,1996736,1033554,0.0
83660407,SlayerˣCous,2022-01-01,580,3024606.0,1089276,1935330,0.0
60297432,CYBele,2022-01-01,581,3018691.0,1205467,1813224,0.0
57922872,ÆTERNALS,2022-01-01,582,3004286.588,1312994,311292,1380000.588
76585321,A i n gˢᶠ,2022-01-01,583,2991920.0,1244834,1747086,0.0
85461131,乂DEAD MAN乂,2022-01-01,584,2981972.0,1462076,1279896,240000.0
42882386,恒纪元之星,2022-01-01,585,2978302.0,2096974,881328,0.0
96224387,Pᴇʀɪsɪᴋ,2022-01-01,586,2971302.0,1642842,1328460,0.0
82856645,SpartaCouilles,2022-01-01,587,2967695.0,1865111,1102584,0.0
83201249,F A I T H 善,2022-01-01,588,2952251.0,2331155,621096,0.0
62074305,FaustPicaro,2022-01-01,589,2942912.0,2442566,500346,0.0
96253628,Dr Ragnarson,2022-01-01,590,2903664.4,1531480,1132830,239354.4
74264682,Spider mansasin,2022-01-01,591,2903112.0,383020,2320092,200000.0
91218417,Koruoa MINI,2022-01-01,592,2895103.0,1438693,1456410,0.0
84452211,RagnaRöK,2022-01-01,593,2842214.0,816694,1805520,220000.0
65429385,Slayer X Safred,2022-01-01,594,2817661.0,935893,1750728,131040.0
89893125,ᴍʀ Delaney,2022-01-01,595,2814813.0,1349193,1454580,11040.0
34359083,YONUS,2022-01-01,596,2789389.004,858373,1931016,0.004
80025938,M3llow Evë,2022-01-01,597,2781084.004,862806,1798278,120000.004
95689782,Tōkyo,2022-01-01,598,2771209.848,1472327,1109874,189008.848
83594081,SlayerDmoniak93,2022-01-01,599,2748919.0,853921,1894998,0.0
96675956,Legend MoRpeh シ,2022-01-01,600,2744982.66,1305846,1193490,245646.66
5716022,ɴooᴅʟᴇ,2022-01-01,601,2720471.0,1987241,733230,0.0
84623577,Adley H,2022-01-01,602,2719353.0,1848993,870360,0.0
83311677,Slayer x SooKe,2022-01-01,603,2690110.968,806447,1853322,30341.968
88905382,M3llow Spider,2022-01-01,604,2687621.0,1722527,965094,0.0
88318766,Pirate Lofted,2022-01-01,605,2687398.004,1486454,1180944,20000.004
16578265,mustachfarm,2022-01-01,606,2682610.0,677722,2004888,0.0
97560016,Ᵽinkie,2022-01-01,607,2648691.0,2492793,155898,0.0
85261054,ᴼˢGrupeFrait,2022-01-01,608,2632230.0,2097144,535086,0.0
48452348,BOB the FVCKER,2022-01-01,609,2620290.0,567057,743088,3318263.588
53317858,Oxiurus Maximus,2022-01-01,610,2610996.0,2491248,119748,0.0
96130941,virus dz,2022-01-01,611,2602388.636,1030743,1208448,363197.636
73802284,Slayer乂Tweety,2022-01-01,612,2586909.0,2351367,235542,0.0
83556524,Slayer Hispania,2022-01-01,613,2534563.0,1047477,1447086,40000.0
96204830,Brown Sugar KWT,2022-01-01,614,2518447.0,1333933,1184514,0.0
85448673,WeFiSt0ᶤᶺ,2022-01-01,615,2516927.0,1028023,1448904,40000.0
87137976,Pirate Drughi,2022-01-01,616,2505478.0,1510666,994812,0.0
95676183,mAdzz y҉,2022-01-01,617,2496208.0,774806,921402,800000.0
61460506,BUNNYメID,2022-01-01,618,2491901.0,791661,1620240,80000.0
58195110,Zenxer,2022-01-01,619,2491098.0,1906752,584346,0.0
95636110,Trooper Farmer,2022-01-01,620,2484564.0,2237472,247092,0.0
2743724,Momma Chode,2022-01-01,621,2473664.0,2141882,331782,0.0
23205212,GremlinQUEEN,2022-01-01,622,2427215.0,724217,1702998,0.0
68635481,Harald OG,2022-01-01,623,2407121.0,1424903,982218,0.0
80699071,M3llow Gypsy,2022-01-03,624,2404674.28,946218,1458456,0.28
86151634,I Am Brayan,2022-01-01,625,2396314.736,1481320,712050,202944.736
83301961,Slayer x Luffy,2022-01-01,626,2344511.016,589943,1754568,0.016
27730064,Jon Snow KN,2022-01-01,627,2335842.0,123672,2212170,0.0
96119582,Spider Bøy,2021-12-29,628,2331084.0,1272732,1058352,0.0
48439949,BigBlkClock,2022-01-01,629,2325791.0,1276493,1049298,0.0
96181565,Lady Nude,2022-01-01,630,2325748.0,879400,1446348,0.0
69199791,Slayer x badboy,2022-01-01,631,2263535.0,1639987,583548,40000.0
38895906,Pro RoK,2022-01-01,632,2238382.0,1066481,52710,4000000.0
91434902,PIlyo,2022-01-01,633,2205530.0,1546286,659244,0.0
76218406,xpad,2022-01-01,634,2202353.0,1712321,490032,0.0
34869648,Funtôme Sakura,2022-01-01,635,2201504.0,849392,1160112,192000.0
45486740,Slayer X NOBITA,2022-01-01,636,2170909.0,1562581,608328,0.0
55567655,Parrot Equuleus,2022-01-01,637,2162898.0,901408,881490,380000.0
83446660,Jablay Pirate,2022-01-01,638,2142901.0,1034269,1108632,0.0
49964501,황신원 of Roseee,2022-01-01,639,2137740.0,586458,482412,4000000.0
85832280,Pirate Hunter38,2022-01-01,640,2136294.0,1895454,240840,0.0
33738298,Tesssssss,2022-01-01,641,2121591.0,1006485,1115106,0.0
39976329,kokoroo OG,2022-01-01,642,2118321.0,1132263,986058,0.0
84472406,Antź,2022-01-01,643,2105091.0,1190943,914148,0.0
93578062,M3llow AMIR,2022-01-01,644,2081363.0,780303,1221060,80000.0
85918614,Princeツ,2022-01-01,645,2070821.0,1203985,766836,100000.0
62017843,尺V AsiF,2022-01-01,646,2060109.0,1681635,378474,0.0
28653501,Ru Gaming,2022-01-01,647,2033883.0,1382439,651444,0.0
79819283,SlayerₓGANJA,2022-01-01,648,2029015.0,1465763,423252,140000.0
71363203,PIRATE x MAUNG,2022-01-01,649,2007618.8360000001,584943,510660,912015.836
96198317,MAMPOS KAU SITU,2022-01-01,650,1981627.0,1250779,730848,0.0
53734445,Barbosah,2022-01-01,651,1975208.0,1839254,135954,0.0
58615587,Bangᴿⱽ,2022-01-01,652,1973072.0,1299336,653736,20000.0
96200352,DJ 143,2022-01-01,653,1970399.0,634661,1335738,0.0
90147351,ProfZebu,2022-01-01,654,1946657.0,833017,953640,160000.0
66006431,RichCupcake,2022-01-01,655,1943910.0,293697,678258,2220000.0
17502418,PIRATE  BIICHO,2022-01-01,656,1935176.0,1250540,684636,0.0
73670637,Y Amlak K,2022-01-01,657,1928852.0,716986,247440,4000000.0
40823396,axiaKing ツ OG,2022-01-01,658,1914136.0,1565878,348258,0.0
83307848,SlayerˣAdragar,2022-01-01,659,1911648.0,858270,1053378,0.0
10154350,Pochemuchka,2022-01-01,660,1908960.0,1652214,256746,0.0
84652781,ᵛⁿDVHⁿᵛ,2022-01-01,661,1894182.0,1138788,755394,0.0
96259184,ㅡLIGHTㅡ,2021-12-29,662,1886326.0,988864,897462,0.0
68627238,G҉a҉r҉i҉p҉,2022-01-01,663,1884840.0,1605438,279402,0.0
69665867,Queen jail,2022-01-01,664,1856275.412,1223317,391404,241554.412
64520739,PIRATE vilmos,2022-01-01,665,1854592.0,247348,1607244,0.0
38390141,Irélia Rx,2022-01-01,666,1851446.0,1528748,322698,0.0
85779450,oCcr16,2022-01-01,667,1845189.624,1632972,150000,62217.624
76153330,slayerxCROSFIRE,2022-01-01,668,1829277.0,660553,968724,200000.0
96241549,Bl4cK Wid0W,2022-01-01,669,1802103.0,1394157,407946,0.0
55587705,MBDB,2022-01-01,670,1747203.0,834825,852378,60000.0
84992368,ᴹᴰ Kanako,2022-01-01,671,1740426.0,358802,1312944,68680.0
84863879,Chipi2021,2022-01-01,672,1739475.0,592843,406632,740000.0
87989436,GweC,2022-01-01,673,1732680.0,682224,184116,4000000.0
79837494,ᴾᴿᴼシ F1,2022-01-01,674,1714194.936,924355,477210,312629.936
76603428,ˢᶦ Rippat,2022-01-01,675,1706699.0,813915,860784,32000.0
79756107,Heo Bé Ba,2022-01-01,676,1695108.0,1009476,685632,0.0
21494429,eagle tr,2022-01-01,677,1687434.0,430490,1156944,100000.0
64059118,Slayer x kentru,2022-01-01,678,1671853.0,302103,1269750,100000.0
83563824,ᴾᵁ Dreams,2022-01-01,679,1648740.296,1246376,297018,105346.296
78939625,AgentCarterRN,2022-01-01,680,1640700.0,356400,1284300,0.0
92573671,Slayer Azzahra,2022-01-01,681,1637501.0,798317,839184,0.0
84469048,Giock,2022-01-01,682,1631578.0,821670,649908,160000.0
75577618,Slayer ˣ The0,2022-01-01,683,1621174.0,491416,1129758,0.0
27960822,TabZkie,2022-01-01,684,1618575.0,1618575,0,0.0
95668784,Changé 嫦娥,2022-01-01,685,1616608.0,1495980,20628,100000.0
11963714,PIRATE Zebu,2022-01-01,686,1584354.0,466090,678264,440000.0
79935816,BoUnCeR61,2022-01-01,687,1582455.0,747001,803454,32000.0
49219204,Hoa Queen,2022-01-01,688,1546030.0,1532434,13596,0.0
84934733,Little Jūles,2022-01-01,689,1531481.0,783663,715818,32000.0
79083099,BENORAN,2022-01-01,690,1516581.0,1122573,394008,0.0
47257003,C h i K a,2022-01-01,691,1499390.0,1216844,282546,0.0
22967631,Pirate Bellamy,2022-01-01,692,1489104.0,544320,944784,0.0
61109803,AdolfфStalin,2022-01-01,693,1460493.0,921021,299472,240000.0
63115280,Lýnx Farm Boss,2022-01-01,694,1451642.0,286651,439170,4000000.0
4445859,not ryn,2022-01-01,695,1439705.0,732635,707070,0.0
71318742,JustFocusTheKVK,2021-12-14,696,1410112.0,1085704,324408,0.0
90920459,Mutaseeem,2022-01-01,697,1401587.0,738587,655800,7200.0
16891821,Alotta Fagina,2022-01-01,698,1396402.104,1396401,0,1.104
60891605,miss u wim,2022-01-01,699,1373564.0,916916,456648,0.0
71224394,ScReamOuS,2022-01-01,700,1373272.0,616486,696786,60000.0
29137686,viddik,2022-01-01,701,1361228.0,1330832,30396,0.0
34601789,FLOPO,2021-12-14,702,1353647.004,537509,816138,0.004
85880212,N A I F 个,2022-01-01,703,1350280.0,939430,410850,0.0
61647508,Oddᵗᵘᵍᵃ,2022-01-01,704,1346584.0,758456,268128,320000.0
82428994,sᴿ Mentum,2022-01-01,705,1336499.0,303137,1033362,0.0
70821752,Dybala junior,2022-01-01,706,1325503.0,240721,1084782,0.0
79607276,Slayer X Erica,2022-01-01,707,1321698.0,647922,673776,0.0
96238368,M3llow Blawb,2022-01-03,708,1301712.0,796440,505272,0.0
96244148,Jagermiester,2022-01-01,709,1250034.0,77034,1173000,0.0
97102262,Small SupDup,2022-01-01,710,1246136.0,902342,343794,0.0
83318918,Slayer aBo Rwan,2022-01-01,711,1244495.0,870363,299412,74720.0
96055460,M3llow Poro,2022-01-01,712,1242987.0,915067,307920,20000.0
16519446,THUG  القرم,2021-12-14,713,1235612.0,479560,138246,939897.284
96593085,M3llow TNT,2022-01-01,714,1220121.0,563511,656610,0.0
84899781,LUKMAN CAVA,2022-01-01,715,1202350.0,601175,0,4000000.0
96196248,Dotsawnt,2022-01-01,716,1200168.0,1200168,0,0.0
82052885,Pirate Kyy,2022-01-01,717,1198858.0,244618,954240,0.0
46217069,Khaled Ben Wali,2022-01-01,718,1165183.0,131431,1033752,0.0
76319094,PolarT,2022-01-01,719,1125848.0,294418,268506,1978664.864
96246071,M3llow Thinker,2022-01-01,720,1107726.0,224271,329592,1240000.0
77544243,Slayer X ORHAN,2022-01-01,721,1056877.0,581791,475086,0.0
84483050,Z3roCooL,2022-01-01,722,1049913.32,473351,375582,200980.32
83552022,Salao Pablitox,2022-01-01,723,1029207.0,724671,304536,0.0
9775721,乄Daver乄,2022-01-01,724,1023879.0,767319,256560,0.0
34358347,ヅIsmail 义,2022-01-01,725,1020985.0,336395,484590,200000.0
60222813,Mighty Ares OG,2022-01-01,726,1010475.0,778737,231738,0.0
56567751,piratepunisher,2022-01-01,727,981825.0,526137,455688,0.0
13373896,User 21,2022-01-01,728,976233.0,685551,290682,0.0
62770125,مصعب المهاجر,2022-01-01,729,968299.0,472813,495486,0.0
90084857,SlayerˣTjoho,2022-01-01,730,937684.0,702040,235644,0.0
83664660,G v B,2022-01-01,731,922154.0,842154,0,80000.0
38997259,サイタマ one punch,2022-01-01,732,894415.0,889459,4956,0.0
84482307,Jackosville,2022-01-01,733,893286.0,566058,327228,0.0
96233893,Babelou,2022-01-01,734,870756.0,284064,526692,60000.0
84496079,popie the great,2022-01-01,735,851212.0,260710,542502,48000.0
72346203,Mrpoppoybutthol,2021-12-02,736,845439.0,104145,741294,0.0
23041197,DaBanker jr,2022-01-01,737,842233.0,663705,18528,160000.0
59951634,Red Hulk Smash,2022-01-01,738,817446.0,186921,221802,816000.0
67663968,Tôn Vủ,2022-01-01,739,813784.0,736408,77376,0.0
84061546,Moustfa,2022-01-01,740,811763.0,444537,191226,176000.0
71841266,火 Z E Y Z,2022-01-01,741,784549.0,311971,472578,0.0
84489261,busdriver01,2022-01-01,742,779361.0,141809,477552,160000.0
88367615,Lan Thương,2021-12-14,743,777547.0,777547,0,0.0
37461942,Boemen,2022-01-01,744,761065.0,308437,452628,0.0
55094256,Tsunade  Dealer,2022-01-01,745,755633.0,545201,210432,0.0
62608636,BassPirateRed,2022-01-01,746,752861.0,752861,0,0.0
96549640,〤MôSsMô〤,2022-01-01,747,750223.0,552539,102024,95660.0
85790011,Reaperメ,2022-01-01,748,747084.0,406098,340986,0.0
82284361,QuȺcksilver,2022-01-01,749,735700.0,478258,257442,0.0
91433759,Moonraiser 2,2022-01-01,750,735321.0,192429,542892,0.0
85229521,Nuạnoi,2022-01-01,751,720750.0,178095,182280,4000000.0
19036336,ll Taiga ll,2022-01-01,752,706631.0,500993,205638,0.0
62548492,Slayer Almada,2022-01-01,753,689292.0,249300,439992,0.0
65107216,SlayerX Blablaa,2022-01-01,754,670754.0,361490,69264,240000.0
51213820,AMNA CASB,2022-01-01,755,651621.0,622323,29298,0.0
13371305,Explosive Skull,2022-01-01,756,639963.0,639963,0,0.0
6432716,Not RK,2022-01-01,757,633884.0,271770,162114,200000.0
27364120,BokutoTW,2022-01-01,758,620172.0,59820,250266,3863452.108
95677955,Ryoujii,2022-01-01,759,618880.0,351654,263226,4000.0
43133759,SEMRUK,2022-01-01,760,616987.824,417482,0,199505.824
66144116,NjörD Farm,2022-01-01,761,597974.0,298987,0,1027164.468
62289360,么 Explech 么,2022-01-01,762,596201.0,596201,0,0.0
84468847,ᴰᴴWidoW,2022-01-01,763,560084.0,250838,309246,0.0
70615113,Dod 1,2022-01-01,764,554844.0,26058,251364,1234148.408
95676768,Mr Kiraln,2022-01-01,765,548631.0,306993,241638,0.0
79394174,CisiliA JR,2022-01-01,766,548540.0,274270,0,4000000.0
12529038,Wiggly lou,2022-01-01,767,538300.0,143678,125472,341025.78
68734401,Kayy00,2022-01-01,768,527528.552,134552,392976,0.552
84981994,SLAYERxVëdgë,2022-01-01,769,519042.0,454244,35358,29440.0
83321029,AlbabtooˣSalyr,2022-01-01,770,506272.0,405856,100416,0.0
74240206,Harryslad,2022-01-01,771,495633.0,495633,0,0.0
75075936,Slayer Zain,2022-01-01,772,490772.0,479678,54,11040.0
89179743,Pirate Desrt,2022-01-01,773,474591.0,370837,71754,32000.0
56131025,Åmmōnïå,2021-12-14,774,468461.0,468461,0,0.0
89617826,GeasLite,2022-01-01,775,456836.0,456686,150,0.0
23038649,Byxoy Batya,2022-01-01,776,456504.0,228252,0,720000.0
84881332,UmayKhan,2022-01-01,777,447750.0,447750,0,0.0
60304697,Slayer X Jixco,2022-01-01,778,446783.0,402553,28038,16192.0
61901644,Saddam68,2021-12-14,779,445209.008,445209,0,0.008
91606916,Slayer X BTK,2021-12-14,780,434604.0,217302,0,2174877.3680000002
78593770,Fatima Azahra,2022-01-01,781,428731.0,428731,0,0.0
53399282,Memorize 150421,2022-01-01,782,426473.0,343115,83358,0.0
77220907,Pirate Wind,2022-01-01,783,409456.0,409456,0,0.0
63495915,Pirate TanteJiN,2022-01-01,784,407037.0,378315,28722,0.0
96616712,Trooper Aomlove,2022-01-01,785,390877.0,165583,177294,48000.0
95486999,ツLeGeND SiTA,2022-01-01,786,384412.184,219188,54402,110822.18400000001
14739629,ItsAki III,2022-01-01,787,375772.0,58244,129642,4000000.0
15888946,CallMeTea1,2022-01-01,788,340658.0,85916,254742,0.0
81531635,LUKMAN ARCHER,2022-01-01,789,336346.0,168173,0,4000000.0
77645158,BankOfRisk人,2022-01-01,790,334944.0,167472,0,880000.0
77762406,Doggytanian,2022-01-01,791,330221.0,218221,0,112000.0
95544761,A7 fold f2P,2021-12-29,792,325358.0,162679,0,740000.0
75316554,Sartorial Man,2022-01-01,793,317408.0,158704,0,4000000.0
83529205,Mikhæl,2022-01-01,794,315405.0,229013,46392,40000.0
84578178,Pseudonymmm,2022-01-01,795,310052.0,155026,0,1079076.712
95667863,Small Mitsuki,2022-01-01,796,309852.0,66594,88332,497727.332
95677486,baby Robobo,2022-01-01,797,300319.0,300319,0,0.0
79282837,Bitasuka,2021-12-09,798,293826.0,146913,0,1437528.24
70504681,OG SN0WMAN,2022-01-01,799,287894.0,143947,0,381327.832
49691603,Pirate of Death,2022-01-01,800,284694.0,142347,0,283335.596
95676053,Trooper 尺ひﾉ,2022-01-01,801,283162.0,221590,61572,0.0
76058615,LYN ZERO,2022-01-01,802,279047.0,279047,0,0.0
18881145,Apocó,2022-01-01,803,272374.0,49151,87036,1600000.0
68350663,IchigoF1,2022-01-01,804,267586.0,133793,0,380000.0
96004591,M3llow Set,2021-12-09,805,259342.0,129671,0,160000.0
96165300,Jerooooo,2022-01-01,806,255417.0,191541,63876,0.0
76771772,ṩĶÿ ễ,2021-12-14,807,246996.0,246996,0,0.0
95822497,slayerX Qqueen,2022-01-01,808,239891.0,239891,0,0.0
96224409,Pirate Arcane,2022-01-01,809,235695.0,235695,0,0.0
96007827,RikoSaikawa,2022-01-01,810,232565.0,232565,0,0.0
3909496,ItsAki IV,2022-01-01,811,227798.0,39487,74412,3470758.592
63918303,GroundZilla,2022-01-01,812,222435.372,123722,0,98713.372
87481833,Duckinpirates,2022-01-01,813,211032.564,176882,0,34150.564
63790695,BaxeN,2022-01-01,814,210178.0,210178,0,0.0
89303794,busdriver02,2022-01-01,815,205672.0,102836,0,600000.0
84039013,ヤGetLost,2022-01-01,816,191170.0,95585,0,2775326.588
80858495,Slayer ROSE,2022-01-01,817,188898.0,148898,0,40000.0
65094873,PirateLapu2x,2022-01-01,818,179711.0,179711,0,0.0
62988416,Pirate Begal,2021-12-14,819,179196.0,89598,0,3724164.304
63636671,RichCheese,2022-01-01,820,164316.0,82158,0,2140000.0
20528847,Schylur,2022-01-01,821,153698.0,76849,0,2734332.468
84993931,ᴹᴰSoma,2021-12-09,822,151373.0,131053,0,20320.0
62903562,Kvitravn Q,2022-01-01,823,151116.0,75558,0,3461184.004
96299025,paul04,2022-01-01,824,149391.0,149391,0,0.0
23947755,Old Theory,2022-01-01,825,145208.0,145208,0,0.0
96101018,xMalcom,2022-01-01,826,139084.0,139084,0,0.0
72502696,ヤ DarkHadi,2022-01-01,827,131463.0,131463,0,0.0
68019444,BlēstFoodz,2022-01-01,828,130494.0,65247,0,4000000.0
73461895,Queen Tigro,2022-01-01,829,126106.0,126106,0,0.0
98091482,ㅤPirate  Peace,2022-01-01,830,115812.0,115812,0,0.0
95492445,Pirate Scarlett,2022-01-01,831,109699.0,109699,0,0.0
21257492,FarmingBubbles,2022-01-01,832,108764.0,54382,0,3617918.0640000002
85009635,VonLohengramm,2022-01-01,833,108438.0,108438,0,0.0
63082694,모조 Mojo M,2022-01-01,834,108340.0,108340,0,0.0
41855461,TheTrueFarmer,2022-01-01,835,103578.0,51789,0,4000000.0
69070665,JonnyKr 爺 2,2022-01-01,836,101323.0,21805,79518,0.0
96287173,M3llow ZooTeR,2022-01-01,837,100252.0,100252,0,0.0
84425529,ᴹᴰAken,2022-01-01,838,99391.0,15889,83502,0.0
36769449,jedifarm,2022-01-01,839,96322.0,48161,0,2261359.532
17742942,sh3rl0ck,2022-01-01,840,87554.0,87554,0,0.0
86570708,ロストチャイルド,2022-01-01,841,82162.0,41081,0,1920000.0
54234687,SoujiroLEE,2022-01-01,842,76918.0,76918,0,0.0
79488330,ᴰᵀVƯƠNG,2022-01-01,843,76409.0,76409,0,0.0
85942663,チュパ,2022-01-01,844,75684.0,37842,0,1420000.0
96577092,Shahrivar,2022-01-01,845,70081.0,70081,0,0.0
63706408,TinyTifa2,2022-01-01,846,66588.0,33294,0,2257009.376
5091253,NotSpicyMikee,2022-01-01,847,57774.0,57774,0,0.0
55584994,RunnerD,2022-01-01,848,57728.0,28864,0,3166203.572
58839227,HEathens,2022-01-01,849,57286.0,28643,0,53120.0
86290332,SM Jupiter 98,2022-01-01,850,56358.0,1305,26874,4000000.0
73495285,PICCO Farm,2022-01-01,851,54160.0,54160,0,0.0
58351719,M3llow Choncc,2022-01-01,852,53891.0,53891,0,0.0
73993251,Valkixo,2022-01-01,853,50722.0,25361,0,1727011.5
20619443,xM3llow KiNg,2022-01-01,854,49488.0,24744,0,1354418.956
1097477,HISPAN0,2022-01-01,855,48162.0,24081,0,26418.84
95676757,亗 Solo Igris,2022-01-01,856,46574.0,46574,0,0.0
66424168,Guan Chau 2,2022-01-01,857,46118.0,23059,0,4000000.0
70764354,Pirate Nemo,2022-01-01,858,45978.0,22989,0,4000000.0
35820841,iKingRagnarr,2022-01-01,859,44882.0,22441,0,194273.736
88010657,LegendsNevaDie,2022-01-01,860,43464.0,21732,0,2198019.936
12971479,CallMeTea2,2022-01-01,861,42738.0,5814,36924,0.0
96410358,TeMeHb,2022-01-01,862,41754.0,41754,0,0.0
80959999,彡1 Angel ヅ,2022-01-01,863,40198.0,20099,0,1612000.0
60303728,AhBengKoh,2022-01-01,864,39926.0,19963,0,280000.0
62763532,Aquilasia,2022-01-01,865,35122.0,35122,0,0.0
85461302,Atyaf H,2022-01-01,866,34136.0,34136,0,0.0
73884186,Haniyasu G,2022-01-01,867,27824.0,27824,0,0.0
79799254,KillerXLeonidas,2022-01-01,868,26818.0,26818,0,0.0
68737021,Castle Black69,2022-01-01,869,25408.0,620,12084,160017.664
15114224,PRADA013,2022-01-01,870,24914.0,24914,0,0.0
80257931,Pirate Sage,2022-01-01,871,22041.0,22041,0,0.0
66190912,Nighty Fury,2022-01-01,872,21646.0,10823,0,2119022.228
64319584,Lýnx Boss Farm,2022-01-01,873,20012.0,10006,0,4000000.0
22274656,BoosShakeShack,2022-01-01,874,17496.0,8748,0,1398780.712
83345137,Leo 0,2022-01-01,875,16992.0,8496,0,4000000.0
92688471,KOLAYMAUNG,2022-01-01,876,15538.0,15538,0,0.0
45187068,M3llow Shawarma,2021-12-14,877,15316.0,15316,0,0.0
84993930,ManiLAPIRATES,2021-12-14,878,14788.0,14788,0,0.0
96217658,Jounin Rey Vago,2022-01-01,879,14720.0,14720,0,0.0
36594863,ナハト ファウスト,2022-01-01,880,14430.0,14430,0,0.0
59069826,퀸GuangLingメ,2022-01-01,881,14280.0,14280,0,0.0
58968368,ゼロツー      002,2022-01-01,882,13469.0,13469,0,0.0
55136170,Miniᴳᴺᴳ,2022-01-01,883,13294.0,6647,0,2953943.44
70093676,乂BILLY乂,2021-12-09,884,12269.02,12269,0,0.02
67704983,义 daeny 义,2022-01-01,885,11698.0,11698,0,0.0
38821571,Katara0304,2022-01-01,886,11328.0,11328,0,0.0
70797559,Rifmoplet,2021-12-14,887,10882.0,5441,0,516189.664
86238869,Akenkeren2,2022-01-01,888,10581.0,10581,0,0.0
86247358,IM BLAGUK777,2022-01-01,889,9780.0,0,4890,2094478.736
22926716,Executioner V3,2022-01-01,890,9446.0,4723,0,1195293.496
60244782,NINOOX,2022-01-01,891,8372.0,4186,0,390416.716
6438579,Shepinski,2022-01-01,892,8176.0,4088,0,4000000.0
95677139,LegendDingus,2021-12-14,893,7613.0,7613,0,0.0
34330811,Mini HYDRA,2022-01-01,894,6964.0,3482,0,2325634.396
57637301,Farm Nit,2022-01-01,895,6540.0,3270,0,1658504.144
77727751,VALIANT Gekk,2021-12-14,896,6435.0,6435,0,0.0
78025780,Slugger187,2022-01-01,897,4654.0,4120,534,0.0
64016617,Pirate Pengwing,2022-01-01,898,4278.0,4278,0,0.0
81517208,City xpd,2022-01-01,899,3734.0,1867,0,2460000.0
65163560,Proseccco,2022-01-01,900,2854.0,1427,0,3669100.08
27930287,Deadly Arrow,2022-01-01,901,2750.0,1375,0,2938360.8680000002
68007996,尤吉歐Eugéo,2022-01-01,902,2574.0,1287,0,1340000.0
90562328,Sudirman OG,2022-01-01,903,2468.0,1234,0,3615575.392
28491704,Low Fi Daver,2022-01-01,904,2380.0,1190,0,80000.0
58025104,sinnerpride2,2022-01-01,905,1772.0,886,0,3040462.924
53410809,HatredCopter,2022-01-01,906,1528.0,764,0,4000000.0
79101788,lovebird1,2022-01-01,907,1227.0,1227,0,0.0
70882216,SiBuluBulu,2022-01-01,908,1146.0,573,0,2625766.236
29801029,Pirate Alim,2022-01-01,909,888.0,444,0,4000000.0
78782252,analuiso,2021-12-14,910,696.0,696,0,0.0
66506925,LaserCannondeth,2022-01-01,911,616.0,308,0,2484886.576
59160864,rank dark ue,2022-01-01,912,484.0,242,0,4000000.0
85366544,Fehme,2022-01-01,913,424.0,424,0,0.0
50846273,Grandpa Farm4,2022-01-01,914,280.0,140,0,4000000.0
91438459,GerNbET,2021-12-09,915,112.0,56,0,1880000.0
96197563,M3llows Thorgir,2021-12-09,916,0.0,0,0,0.0
96581509,M3llow 7empest,2021-12-09,917,0.0,0,0,0.0
96128033,Pirate Cyclöne,2021-12-09,918,0.0,0,0,0.0
96130927,Mr Pëppër,2021-12-09,919,0.0,0,0,0.0
96583489,Pirate Kyozelia,2021-12-09,920,0.0,0,0,0.0
96121928,Q80 HUNTER,2022-01-01,921,0.0,0,0,0.0
96131574,Here Cums Elmo,2021-12-09,922,0.0,0,0,0.0
96204359,M3llow W44RD,2021-12-09,923,0.0,0,0,0.0
96970314,TilValhallaa,2021-12-09,924,0.0,0,0,0.0
96776653,PirateMatuPatu,2021-12-09,925,0.0,0,0,0.0
51796131,Persian King 87,2021-12-14,926,0.0,0,0,0.0
96126999,Princess Avalie,2021-12-09,927,0.0,0,0,0.0
99203747,Will Tuga III,2021-12-09,928,0.0,0,0,0.0
98398193,BLACKVAGOAL,2021-12-09,929,0.0,0,0,0.0
21361332,12belaguks,2021-12-09,930,0.0,0,0,0.0
96139324,Pirate McStouty,2021-12-09,931,0.0,0,0,0.0
97075355,父SɦǟʀҜ父,2021-12-09,932,0.0,0,0,0.0
96104411,Dr AnderStrange,2021-12-09,933,0.0,0,0,0.0
99283317,Blueberriesi,2021-12-09,934,0.0,0,0,0.0
97078494,Mr BushCyrix,2021-12-14,935,0.0,0,0,0.0
96057102,M3llow Adam,2021-12-09,936,0.0,0,0,0.0
96207548,Interim Name,2021-12-09,937,0.0,0,0,0.0
97086973,SwordsManZoro,2021-12-09,938,0.0,0,0,0.0
96054558,M3llow FatChub,2021-12-09,939,0.0,0,0,0.0
96053409,Trooper Cacimo,2021-12-09,940,0.0,0,0,0.0
96025702,JouninﾒH1R4Mﾒ,2021-12-09,941,0.0,0,0,0.0
96008726,KannaK0bayashi,2021-12-09,942,0.0,0,0,0.0
96595307,Davy Chajones,2021-12-09,943,0.0,0,0,0.0
96201947,Small JucCy,2021-12-09,944,0.0,0,0,0.0
96140979,M3llow Airumi,2021-12-09,945,0.0,0,0,0.0
96700452,Pirate Ryōta,2021-12-09,946,0.0,0,0,0.0
96645283,Pirate cass,2021-12-09,947,0.0,0,0,0.0
96195946,M3llow Touch,2021-12-09,948,0.0,0,0,0.0
96195262,TINApie,2021-12-09,949,0.0,0,0,0.0
96650925,SlayerXSkipper,2021-12-09,950,0.0,0,0,0.0
55889857,CAP Farm,2022-01-01,951,0.0,0,0,0.0
96197953,x ETH x Farm,2021-12-14,952,0.0,0,0,0.0
96625552,SlayerˣCaboツ,2021-12-09,953,0.0,0,0,0.0
96191138,Small REnAR,2021-11-22,954,0.0,0,0,0.0
96212776,Killer Riaz,2021-12-09,955,0.0,0,0,0.0
55986797,Slayer X Leoboy,2022-01-01,956,0.0,0,0,4000000.0
96199430,Killer X Marco,2021-12-09,957,0.0,0,0,0.0
98020847,DE4DPO0L,2021-12-09,958,0.0,0,0,0.0
96617124,ÁltairSTARS,2021-12-09,959,0.0,0,0,0.0
97101811,Q U E E N I E E,2021-12-09,960,0.0,0,0,0.0
96176549,Mr neGspoD,2021-12-09,961,0.0,0,0,0.0
96200949,IronMan z4,2021-12-09,962,0.0,0,0,0.0
96174821,x  ACE  x,2022-01-01,963,0.0,0,0,0.0
96170888,M3llow Rod,2021-12-09,964,0.0,0,0,0.0
98226089,D3VYN,2021-12-09,965,0.0,0,0,0.0
96201419,M3llow IFF,2021-12-09,966,0.0,0,0,0.0
96167374,Boss Paperkylla,2021-12-09,967,0.0,0,0,0.0
96161791,Aşhu Maşhu,2021-12-09,968,0.0,0,0,0.0
96603070,Pirate beaver,2021-12-09,969,0.0,0,0,0.0
96153296,Rømanoff,2021-12-09,970,0.0,0,0,0.0
96148458,Nāyeon,2021-12-09,971,0.0,0,0,0.0
96197094,Thor pipaskat,2021-12-09,972,0.0,0,0,0.0
96143916,CaptJackShadow,2021-12-09,973,0.0,0,0,0.0
96212053,nøødle,2021-11-22,974,0.0,0,0,0.0
96260831,Pirate SOMALIA,2021-12-09,975,0.0,0,0,0.0
96214090,Midlánèr,2021-12-09,976,0.0,0,0,0.0
97194125,CaptEarl,2021-12-09,977,0.0,0,0,0.0
97201220,Trooper Luffy,2021-12-09,978,0.0,0,0,0.0
96253645,Jounin Temp,2021-12-09,979,0.0,0,0,0.0
97206229,SilverSurferz,2021-12-09,980,0.0,0,0,0.0
97223990,WraithShot,2021-12-09,981,0.0,0,0,0.0
96272103,Bully Maguire4,2021-12-09,982,0.0,0,0,0.0
97224201,Lethal Pirate,2021-12-09,983,0.0,0,0,0.0
97091387,Chuunin Swag,2021-12-09,984,0.0,0,0,0.0
97144363,Small Odin,2021-12-09,985,0.0,0,0,0.0
96253426,VceN,2021-12-09,986,0.0,0,0,0.0
96273739,KillerX Nnoitra,2022-01-01,987,0.0,0,0,0.0
53653040,Troll Hüntęr,2022-01-01,988,0.0,0,0,1826744.5
97250821,Pirate SM00th,2021-12-09,989,0.0,0,0,0.0
97125698,THOR 27PH,2021-12-09,990,0.0,0,0,0.0
96273838,M3llow Ewert,2021-12-09,991,0.0,0,0,0.0
96250012,M3llow Tuna,2021-12-09,992,0.0,0,0,0.0
97387239,Miss Riah Swann,2021-12-09,993,0.0,0,0,0.0
96274309,nr456 Chvaściu,2021-12-09,994,0.0,0,0,0.0
55157892,4Zinc,2021-12-09,995,0.0,0,0,0.0
96277498,K9Nate,2021-12-09,996,0.0,0,0,0.0
96254479,Trooper Mox,2021-12-14,997,0.0,0,0,0.0
96254604,GangsofWasepur,2021-12-09,998,0.0,0,0,0.0
96280450,EntropicMalice,2021-12-09,999,0.0,0,0,0.0
96267065,Jounin Necro99,2021-12-09,1000,0.0,0,0,0.0
96259916,Slayer x yMt3,2021-12-09,1001,0.0,0,0,0.0
96261561,Capo Spartanu,2021-12-09,1002,0.0,0,0,0.0
96259471,M3llow Yami,2021-12-09,1003,0.0,0,0,0.0
96006500,Slayer X Lukob,2021-12-09,1004,0.0,0,0,0.0
97160911,Miss Chemical,2021-12-09,1005,0.0,0,0,0.0
97175946,M3llow Khęprį,2021-12-09,1006,0.0,0,0,0.0
96258521,MexiSpideyJay,2021-12-09,1007,0.0,0,0,0.0
96258173,M3llow hello,2021-12-09,1008,0.0,0,0,0.0
96258082,M3llow Switch,2021-12-09,1009,0.0,0,0,0.0
96261631,M3llow Rëën,2021-12-09,1010,0.0,0,0,0.0
96257326,Small JMQ,2022-01-01,1011,0.0,0,0,0.0
96256955,KÖNİGSRASSE,2021-12-09,1012,0.0,0,0,0.0
96262558,master758,2021-12-09,1013,0.0,0,0,0.0
96265202,Cotton95,2021-12-09,1014,0.0,0,0,0.0
96256699,M3llow Death,2021-12-09,1015,0.0,0,0,0.0
97184158,Jota San,2021-12-09,1016,0.0,0,0,0.0
96255103,M3llow JCO,2021-12-09,1017,0.0,0,0,0.0
96254835,Ashwillmore,2021-12-09,1018,0.0,0,0,0.0
96265209,økills,2021-12-09,1019,0.0,0,0,0.0
96248420,Steelrone,2021-12-09,1020,0.0,0,0,0.0
96246383,Under Boss Para,2021-12-09,1021,0.0,0,0,0.0
96214479,Slàyer X Uchí,2021-12-09,1022,0.0,0,0,0.0
96427511,乄Pirate Val,2021-12-09,1023,0.0,0,0,0.0
20946021,Pico10yearsold,2021-12-29,1024,0.0,0,0,1218774.924
96239466,Happy Honda,2021-12-09,1025,0.0,0,0,0.0
96239377,Small Bürgerm,2021-12-09,1026,0.0,0,0,0.0
96482453,KAITx Kz,2021-12-09,1027,0.0,0,0,0.0
5551404,mini Hoolee,2022-01-01,1028,0.0,0,0,4000000.0
96234544,ᵉᵐᶦ,2021-12-09,1029,0.0,0,0,0.0
96486128,F2P Dealerr,2021-12-09,1030,0.0,0,0,0.0
96230581,M3llow Dude,2021-12-09,1031,0.0,0,0,0.0
96229112,Nicolau07,2021-12-09,1032,0.0,0,0,0.0
97123715,Mr sheaffer,2021-12-09,1033,0.0,0,0,0.0
96553958,M3llow Silence,2021-12-09,1034,0.0,0,0,0.0
96228988,Pirate kicking,2021-12-09,1035,0.0,0,0,0.0
21362209,Slayer X Rakay,2022-01-01,1036,0.0,0,0,0.0
97830892,GIYU T0MI0KA,2022-01-01,1037,0.0,0,0,0.0
52148124,JamesVeryT,2021-12-14,1038,0.0,0,0,0.0
96218659,Scarlgard,2021-12-09,1039,0.0,0,0,0.0
10205602,Sherl0cked,2022-01-01,1040,0.0,0,0,0.0
97121989,Trooperkamikaze,2021-12-09,1041,0.0,0,0,0.0
96216646,lepreal,2021-12-09,1042,0.0,0,0,0.0
96429615,Slayer X Teavis,2021-12-09,1043,0.0,0,0,0.0
96240225,Mr Trandom,2021-12-09,1044,0.0,0,0,0.0
96285664,LITE MAN,2021-12-09,1045,0.0,0,0,0.0
96424810,PirateShinyJack,2021-12-09,1046,0.0,0,0,0.0
96245923,m3llow mannkalo,2021-12-09,1047,0.0,0,0,0.0
55133103,Tsunade     WTF,2021-11-22,1048,0.0,0,0,0.0
96245101,Falcon Solider,2021-12-09,1049,0.0,0,0,0.0
55127138,TrollHüntręss,2022-01-01,1050,0.0,0,0,542157.8
96295361,headless ripper,2021-12-09,1051,0.0,0,0,0.0
96297228,Kobe00,2021-12-09,1052,0.0,0,0,0.0
96242763,CaptainFelixᴿ,2021-12-09,1053,0.0,0,0,0.0
96298101,Small Murloc,2021-12-09,1054,0.0,0,0,0.0
96299115,Welongsw,2021-12-09,1055,0.0,0,0,0.0
96312657,M3llow Fast,2021-12-09,1056,0.0,0,0,0.0
96326411,TigerSosa,2022-01-01,1057,0.0,0,0,0.0
96241263,Sneaky Link,2021-12-09,1058,0.0,0,0,0.0
96240941,Mr TomaHawk,2021-12-09,1059,0.0,0,0,0.0
96337662,Slayer X Snakę,2021-12-09,1060,0.0,0,0,0.0
97125033,Trooper Mal,2021-12-29,1061,0.0,0,0,0.0
96365102,dik fury,2021-12-09,1062,0.0,0,0,0.0
96378030,KillerX aloneF,2021-12-09,1063,0.0,0,0,0.0
96399935,M3llow Frîja,2021-12-09,1064,0.0,0,0,0.0
55423883,suppermen  1,2022-01-01,1065,0.0,0,0,4000000.0
97091638,Groot DK,2021-12-09,1066,0.0,0,0,0.0
4,SoujiroLEE,2021-11-22,1067,0.0,0,0,0.0
95936756,Baby Ravenx,2021-12-09,1068,0.0,0,0,0.0
62458819,自由ㅅ 小怪,2021-11-22,1069,0.0,0,0,0.0
76345171,RengoJR,2021-12-02,1070,0.0,0,0,0.0
35309022,LeugimPT2,2021-12-14,1071,0.0,0,0,0.0
76274398,Evangelion00,2022-01-01,1072,0.0,0,0,4000000.0
35511600,Tests fckup,2022-01-01,1073,0.0,0,0,442517.384
29115500,DN0,2022-01-01,1074,0.0,0,0,0.0
76023324,Pirate POPEYEラ,2021-12-09,1075,0.0,0,0,0.0
26164401,A Coffee God,2021-12-09,1076,0.0,0,0,0.0
75881042,pirate omponG,2021-12-09,1077,0.0,0,0,0.0
17739137,BabyChoda,2021-12-02,1078,0.0,0,0,0.0
75596898,Chrollo 2,2021-11-22,1079,0.0,0,0,0.0
75341412,Organic Orange,2022-01-01,1080,0.0,0,0,0.0
75209116,Lýnx Mini Farm,2022-01-01,1081,0.0,0,0,4000000.0
25947549,Oreana,2022-01-01,1082,0.0,0,0,2550376.1720000003
1518877,Mini Marsh 02,2022-01-01,1083,0.0,0,0,0.0
74522049,Master Tèo,2021-12-09,1084,0.0,0,0,0.0
74504631,BFLO,2021-12-09,1085,0.0,0,0,0.0
74307326,tomizasu 0,2022-01-01,1086,0.0,0,0,4000000.0
73915182,Lil Flexy I am8,2022-01-01,1087,0.0,0,0,140000.0
1519039,Mini Marsh 01,2022-01-01,1088,0.0,0,0,0.0
17539883,Dixie  Normous,2022-01-01,1089,0.0,0,0,0.0
72628943,Grrlglglg,2022-01-01,1090,0.0,0,0,3456000.004
72557634,Hector133,2021-12-09,1091,0.0,0,0,0.0
72466066,Polcadot,2021-12-29,1092,0.0,0,0,1258967.2280000001
76502028,Bar Liar Y,2021-12-29,1093,0.0,0,0,4000000.0
76856995,M3llow Izzy x,2021-12-09,1094,0.0,0,0,0.0
95922939,maLdiTa,2021-12-09,1095,0.0,0,0,0.0
34497254,Bitcorn,2022-01-01,1096,0.0,0,0,959567.72
80309379,PirateDickHead,2021-12-09,1097,0.0,0,0,0.0
80223861,Pirate Wiz,2021-12-09,1098,0.0,0,0,0.0
22634309,LAAMO,2021-12-09,1099,0.0,0,0,0.0
18401805,stoned farm 6,2021-11-22,1100,0.0,0,0,0.0
80104536,Millzz,2021-12-09,1101,0.0,0,0,0.0
80093965,S P L l F F,2021-12-09,1102,0.0,0,0,0.0
7996506,BABY Jolan,2021-12-09,1103,0.0,0,0,0.0
79940825,Hʋŋtɘʀ,2021-12-09,1104,0.0,0,0,0.0
61983631,FDantss,2022-01-01,1105,0.0,0,0,2379223.592
79360533,屮 Escan0r 屮,2021-12-14,1106,0.0,0,0,0.0
78844814,Slayer LegionX,2021-12-09,1107,0.0,0,0,0.0
78825352,nhàtaocóTV,2021-12-09,1108,0.0,0,0,0.0
47030081,Marreta Preta I,2022-01-01,1109,0.0,0,0,957834.884
78800403,NASTHAEL,2022-01-01,1110,0.0,0,0,4000000.0
78546222,XHĐ1989,2021-12-02,1111,0.0,0,0,0.0
78405318,Pirate cimut,2021-12-09,1112,0.0,0,0,0.0
77796370,R R THANKS,2022-01-01,1113,0.0,0,0,0.0
77771007,DjieSamSoee,2021-12-09,1114,0.0,0,0,0.0
77753647,义Pirate义,2022-01-01,1115,0.0,0,0,0.0
77644159,BabyBlackshadow,2022-01-01,1116,0.0,0,0,1821297.788
77529769,rjmb,2021-11-22,1117,0.0,0,0,0.0
77415864,KangBakso471,2021-12-09,1118,0.0,0,0,0.0
45778024,SlanterFarm,2022-01-01,1119,0.0,0,0,3650216.748
72334719,Taurus 0,2022-01-01,1120,0.0,0,0,2440000.0
37447605,ToTA966,2021-12-02,1121,0.0,0,0,0.0
71782184,OmniManToo,2022-01-01,1122,0.0,0,0,0.0
44071135,Fiona BASH,2022-01-01,1123,0.0,0,0,2540000.012
39494780,tookax,2022-01-01,1124,0.0,0,0,2118207.892
4209884,AndrewB2017,2022-01-01,1125,0.0,0,0,2445487.004
39666473,Fallin0001,2022-01-01,1126,0.0,0,0,3299055.536
24899358,Ranger 61,2022-01-01,1127,0.0,0,0,0.0
17232791,Chob73,2022-01-01,1128,0.0,0,0,4000000.0
39751049,Pirate Nebu II,2022-01-01,1129,0.0,0,0,2520000.0
67069422,亗㋡PirateSTEVE,2021-12-09,1130,0.0,0,0,0.0
16898698,Fr소nchy亗Yeo,2022-01-01,1131,0.0,0,0,239999.996
40448251,Habib123ka4,2021-12-09,1132,0.0,0,0,0.0
66715811,Noka AXL,2022-01-01,1133,0.0,0,0,4000000.0
66504517,Castratikon,2022-01-01,1134,0.0,0,0,2541715.656
40419140,Lazzys beefstew,2022-01-01,1135,0.0,0,0,1047547.164
66337482,Mᴀᴛsᴜʀɪ,2022-01-01,1136,0.0,0,0,4000000.0
66238127,Jeg forstar ikk,2021-12-14,1137,0.0,0,0,0.0
66226973,A죽음,2022-01-01,1138,0.0,0,0,0.004
66055533,Bye Tuga Farm,2022-01-01,1139,0.0,0,0,3745023.2600000002
65877360,ASHIMO LION,2021-12-14,1140,0.0,0,0,0.0
65548507,FarmerMoxina,2022-01-01,1141,0.0,0,0,3711068.032
64357899,Lovebooty,2021-12-09,1142,0.0,0,0,0.0
65004476,KFC chickenn,2021-12-09,1143,0.0,0,0,4000000.0
16508127,Bortron,2022-01-01,1144,0.0,0,0,1625252.556
64873354,Mini MongD,2022-01-01,1145,0.0,0,0,4000000.0
64576781,Lil Flamma,2022-01-01,1146,0.0,0,0,3975888.252
42331212,RodCopperbottom,2022-01-01,1147,0.0,0,0,1826859.892
67465056,M WARSONGᴿᴬ,2022-01-01,1148,0.0,0,0,0.0
17373071,YSf,2022-01-01,1149,0.0,0,0,1958764.6
25538500,UKnowWho,2021-12-09,1150,0.0,0,0,0.0
15850637,I Am SaltTea,2022-01-01,1151,0.0,0,0,1162000.0
63389548,Jenderal Semut,2021-12-14,1152,0.0,0,0,0.0
25866777,Amaiaz,2022-01-01,1153,0.0,0,0,3572388.344
70669896,BANTENG BLAGU,2022-01-01,1154,0.0,0,0,1300337.06
43893200,LORDOFDRAGONS,2022-01-01,1155,0.0,0,0,0.0
10078313,DolphynPanchito,2022-01-01,1156,0.0,0,0,0.0
63498244,oDVHo F1,2022-01-01,1157,0.0,0,0,1654200.476
25782702,Îrïs,2022-01-01,1158,0.0,0,0,3101905.204
63579047,Licht Red Baron,2022-01-01,1159,0.0,0,0,0.0
37763148,Fallin002,2022-01-01,1160,0.0,0,0,2735255.108
42989323,zeusS09,2021-12-02,1161,0.0,0,0,0.0
63736667,SabdopaloN Jr,2022-01-01,1162,0.0,0,0,1831549.4640000002
63622109,ÃquaBöťòĺ,2021-12-09,1163,0.0,0,0,0.0
42659448,sǫᴅ BOT 6,2022-01-01,1164,0.0,0,0,0.0
38672458,Red Devilsss,2022-01-01,1165,0.0,0,0,1685352.272
69220396,BigLoai,2022-01-01,1166,0.0,0,0,0.0
69100400,saw FarhoD,2022-01-01,1167,0.0,0,0,1160899.652
68760958,Mini Hanie 1,2022-01-01,1168,0.0,0,0,4000000.0
25459192,schys,2022-01-01,1169,0.0,0,0,2485790.216
16092334,YouGotNickCrabs,2022-01-01,1170,0.0,0,0,0.0
68138742,乂 Zora 乂,2021-12-09,1171,0.0,0,0,0.0
16155630,Mjǫlnir,2021-12-09,1172,0.0,0,0,0.0
80358024,Pirate Storm,2022-01-01,1173,0.0,0,0,0.0
12507402,TeeroHPx,2021-12-14,1174,0.0,0,0,0.0
61827973,MSTTNCC,2022-01-01,1175,0.0,0,0,0.0
95676117,Jounin Lima0128,2021-12-09,1176,0.0,0,0,0.0
1181144,Marsh Farm 1,2022-01-01,1177,0.0,0,0,0.0
95667881,Ms Revane,2021-11-22,1178,0.0,0,0,0.0
95607392,Sharks2009,2022-01-01,1179,0.0,0,0,0.0
95540014,DevinoxD4th,2021-12-09,1180,0.0,0,0,0.0
95491469,ᶜʳᵉᵉᴰ,2022-01-01,1181,0.0,0,0,0.0
95476219,MrFreewind,2021-12-09,1182,0.0,0,0,0.0
95473038,Dark PİRATE メ,2021-12-09,1183,0.0,0,0,0.0
58137034,Valkilittl,2021-11-22,1184,0.0,0,0,0.0
95449096,M3llow 5010m0n,2021-12-09,1185,0.0,0,0,0.0
95413495,Pierrot CEO,2021-12-09,1186,0.0,0,0,0.0
95382558,Thê Jøkęr,2021-12-09,1187,0.0,0,0,0.0
95370607,Slayer X RexRie,2021-12-09,1188,0.0,0,0,0.0
95337325,BatuhanSahinn,2021-12-09,1189,0.0,0,0,0.0
95303176,EDlT NICKNAME,2021-12-09,1190,0.0,0,0,0.0
94267350,Pirate Ørń,2021-12-09,1191,0.0,0,0,0.0
93678362,cháN đờI,2021-12-02,1192,0.0,0,0,0.0
51276356,Fakiu BB,2022-01-01,1193,0.0,0,0,3522942.472
58310757,Killplus,2022-01-01,1194,0.0,0,0,0.0
91938689,city xspd,2022-01-01,1195,0.0,0,0,220000.0
91456190,lorde edge,2022-01-01,1196,0.0,0,0,0.0
91404607,Ｆ Ｕ Ｒ Ｙ,2021-12-09,1197,0.0,0,0,0.0
91345871,ꜰᴜɴᴋ シ,2021-12-09,1198,0.0,0,0,0.0
91324773,DZ  亗  HUNTER,2021-12-09,1199,0.0,0,0,0.0
57893941,Carnitas955,2022-01-01,1200,0.0,0,0,4000000.0
95676360,PapaZiggᴿᴬ,2021-12-09,1201,0.0,0,0,0.0
90945690,Kreeholio,2021-12-09,1202,0.0,0,0,0.0
30895403,ASAP Flacko,2022-01-01,1203,0.0,0,0,0.0
9589695,ᴹᴰKentttyyy,2022-01-01,1204,0.0,0,0,0.0
95833977,ᴳᴳ Ana,2021-12-09,1205,0.0,0,0,0.0
95808013,Anbu Kyando,2021-12-09,1206,0.0,0,0,0.0
95769419,Small Yasuo vn,2022-01-01,1207,0.0,0,0,0.0
56189359,LuffyLikePuffy,2021-11-22,1208,0.0,0,0,0.0
95698763,Jounin Storm,2021-12-09,1209,0.0,0,0,0.0
10918651,Zãnoagã,2022-01-01,1210,0.0,0,0,3630641.404
95682056,Trooper Shinyai,2021-12-09,1211,0.0,0,0,0.0
95680832,MrChunkiebean,2021-12-09,1212,0.0,0,0,0.0
57069821,齐天大圣17,2022-01-01,1213,0.0,0,0,0.0
95679932,Darth Guy,2022-01-01,1214,0.0,0,0,0.0
95679756,Anbu Charlotte,2022-01-01,1215,0.0,0,0,2060000.0
95678848,Your Lil Donutz,2021-12-09,1216,0.0,0,0,0.0
95678464,xPokerPQ,2021-12-09,1217,0.0,0,0,0.0
95678322,Mr DrAkEnN,2021-12-09,1218,0.0,0,0,0.0
95678108,Killer BKBL4Z3,2021-12-09,1219,0.0,0,0,0.0
20605198,AfroditA I,2022-01-01,1220,0.0,0,0,3003643.852
5128347,Corhejlo,2022-01-01,1221,0.0,0,0,0.0
95677106,GWENDOLYN POOLE,2021-12-09,1222,0.0,0,0,0.0
95676696,FîshGold,2021-12-09,1223,0.0,0,0,0.0
95676651,Baby Lieber,2021-11-22,1224,0.0,0,0,0.0
30844064,Crystål,2022-01-01,1225,0.0,0,0,3812533.432
95676492,pirate snowman,2021-12-09,1226,0.0,0,0,0.0
90952973,RoyParker,2021-12-09,1227,0.0,0,0,0.0
0,LiarsV,2021-11-22,1228,0.0,0,0,0.0
80565868,EVANGELION02,2022-01-01,1229,0.0,0,0,4000000.0
90940423,Valkyrie Valara,2021-12-09,1230,0.0,0,0,0.0
84480956,ACHRAF 07,2021-12-09,1231,0.0,0,0,0.0
84468905,HoneyCook,2021-12-14,1232,0.0,0,0,0.0
59373607,ᵈᶦʳᵗʸZA,2021-12-09,1233,0.0,0,0,0.0
84449449,ReignTwo,2021-12-09,1234,0.0,0,0,0.0
84184533,Fairy Tough,2021-12-09,1235,0.0,0,0,0.0
83961633,SEDAT PeKeR,2022-01-01,1236,0.0,0,0,0.0
83773499,Viddik,2022-01-01,1237,0.0,0,0,623566.856
83636766,belaguu,2021-12-09,1238,0.0,0,0,0.0
83429851,ᴮᴰᴳÇimut,2021-12-09,1239,0.0,0,0,0.0
27831676,M3llow QUeen,2021-12-09,1240,0.0,0,0,0.0
27794057,Hoolee fm,2022-01-01,1241,0.0,0,0,4000000.0
82311998,M3llow Saksa,2021-12-09,1242,0.0,0,0,0.0
60665838,Bloodrocuted,2022-01-01,1243,0.0,0,0,2772751.12
81756302,SHSH神神,2022-01-01,1244,0.0,0,0,2426549.932
49137996,ɢɢ Candyrain,2021-11-22,1245,0.0,0,0,0.0
81748803,SHSH月月,2022-01-01,1246,0.0,0,0,3331354.404
81532426,pąpůť,2022-01-01,1247,0.0,0,0,0.0
48675758,F A L C Ô N,2022-01-01,1248,0.0,0,0,0.4
81359161,彡2 Angel ヅ,2022-01-01,1249,0.0,0,0,200000.0
81006115,Newbie 26H,2021-12-09,1250,0.0,0,0,0.0
80867484,RussDaRabbit VS,2022-01-01,1251,0.0,0,0,0.0
48649473,Pat king ll,2022-01-01,1252,0.0,0,0,1800000.0
80636643,FarmLouie1,2022-01-01,1253,0.0,0,0,3272790.312
19025454,Rexy Scarlet,2022-01-01,1254,0.0,0,0,0.0
84500039,liloliks,2021-12-09,1255,0.0,0,0,0.0
31137582,ASTARTEA I,2022-01-01,1256,0.0,0,0,1182325.984
84665686,711 pirate,2021-12-09,1257,0.0,0,0,0.0
90935992,Paperkylla,2021-12-09,1258,0.0,0,0,0.0
90827038,I Love 2285,2022-01-01,1259,0.0,0,0,3591824.6920000003
90421701,MW NaMi,2022-01-01,1260,0.0,0,0,0.0
58443603,SlaveTiger,2022-01-01,1261,0.0,0,0,4000000.0
89984847,z Lạc lạc z,2021-12-29,1262,0.0,0,0,4000000.0
89921027,Serito Кun,2021-12-09,1263,0.0,0,0,0.0
89422675,supersim,2021-11-22,1264,0.0,0,0,0.0
89230814,R  E P L A Y,2021-12-09,1265,0.0,0,0,0.0
58455235,ServantTiger,2022-01-01,1266,0.0,0,0,4000000.0
88919373,Sir Jacquouille,2022-01-01,1267,0.0,0,0,0.0
88096540,Aom2564,2021-12-09,1268,0.0,0,0,0.0
88028769,TikkaT3,2021-12-09,1269,0.0,0,0,0.0
87981918,Piяate Jєwєl,2022-01-01,1270,0.0,0,0,0.0
58681682,Lemon彩虹,2022-01-01,1271,0.0,0,0,11880.0
58698652,BubblesLvs2Farm,2022-01-01,1272,0.0,0,0,2649079.576
86732270,JUANJO1,2021-12-09,1273,0.0,0,0,0.0
86624714,Cro Patria ٚ,2022-01-01,1274,0.0,0,0,0.0
86518330,BU Kelly,2021-12-09,1275,0.0,0,0,0.0
58815176,Baby yakoô,2022-01-01,1276,0.0,0,0,4000000.0
58920386,M3llow Empress,2021-12-09,1277,0.0,0,0,0.0
85445513,ZAFAZ,2021-12-09,1278,0.0,0,0,0.0
84721426,Slayer X Yan,2021-12-09,1279,0.0,0,0,0.0
72197579,QuuenBankk,2021-12-29,1280,-8190056.0,170978,-4266006,1360000.0
82887206,D1sasterx87,2021-12-14,1281,-13702296.0,0,-6851148,-82045.412
