,Date,Name,ASCII Name,Governor ID,Alliance,Power,Total Kills,Kill Points,T1 Kills,T2 Kills,T3 Kills,T4 Kills,T5 Kills,RSS Assistance,Alliance Helps,Dead Troops,KP By Kills,Kill Points_diff,T1 Kills_diff,T2 Kills_diff,T3 Kills_diff,T4 Kills_diff,T5 Kills_diff,RSS Assistance_diff,Dead Troops_diff
4767,2021-12-14,Pochemuchka,Pochemuchka,10154350,RR38,73629949.0,4191967.0,681501261.0,236016.0,277182.0,500106.0,3178663.0,0.0,7903333860.0,76262.0,6901099.0,34388621.0,7341506.0,-30000000.0,-1999397.0,-5000000.0,-39844486.0,-10566374.0,0.0,0.0
2957,2021-12-02,义Rengoku,义Rengoku,10391630,RR38,80665722.0,10588266.0,1664335978.0,991412.0,28076.0,21051.0,9547720.0,7.0,2966099777.0,69826.0,7481045.0,95815978.0,0.0,-2000000.0,-1000000.0,-2000000.0,-80000000.0,-37906000.0,0.0,0.0
5194,2021-12-14,义Headhuntr义,义Headhuntr义,1080643,RA38,81299409.0,14709799.0,929086854.0,7673500.0,408646.0,255058.0,6371505.0,1090.0,9551515869.0,72565.0,11177688.0,67109074.0,19887740.0,-20000000.0,-1000000.0,-3000000.0,-39478762.0,-21465121.0,0.0,6995.0
1795,2022-01-01,Zãnoagã,Zanoaga,10918651,#N/A,37650881.0,2782527.0,14798888.0,1495241.0,6916.0,28422.0,1079114.0,172834.0,7126656481.0,11692.0,824308.0,14674388.0,0.0,0.0,-62250.0,0.0,0.0,0.0,0.0,0.0
5311,2021-12-29,Big Piens Shake,Big Piens Shake,11694371,RA38,74340685.0,23879256.0,2264496036.0,289403.0,236830.0,852954.0,22500060.0,9.0,2782728843.0,31350.0,8334192.0,228944136.0,126611081.0,-6949325.0,-4997724.0,-7955179.0,-97195231.0,-44689124.0,0.0,631314.0
5712,2021-12-29,OnlyFuzZ,OnlyFuzZ,12168629,#N/A,65242032.0,3056193.0,478921291.0,78938.0,39239.0,75424.0,2862583.0,9.0,2224423701.0,51865.0,5629686.0,29021971.0,25096255.0,-586963.0,-385893.0,-1989799.0,-19290303.0,-11152583.0,15000000.0,486240.0
2696,2021-12-02,TeeroHPx,TeeroHPx,12507402,#N/A,29681342.0,76508.0,3411143.0,8.0,75898.0,602.0,0.0,0.0,106349542.0,10883.0,2088839.0,154205.0,0.0,-10.0,75898.0,602.0,-175898.0,-82608.0,0.0,0.0
3717,2021-12-09,TeeroHPx,TeeroHPx,12507402,#N/A,29681342.0,258524.0,3411143.0,18.0,0.0,0.0,175898.0,82608.0,106349542.0,10883.0,2088839.0,3411143.0,0.0,10.0,-75898.0,-602.0,175898.0,82608.0,0.0,0.0
5992,2021-12-29,User 21,User 21,13373896,#N/A,68862352.0,3604655.0,139878314.0,2700034.0,59207.0,9296.0,835993.0,125.0,1697934874.0,43701.0,4097718.0,9058034.0,2933060.0,-30000000.0,-498515.0,-30000.0,-5944121.0,-3066449.0,0.0,48447.0
4569,2021-12-14,Lady Manor,Lady Manor,13551576,RR38,60092137.0,35744914.0,426931782.0,750294.0,316200.0,802626.0,25457706.0,8418088.0,0.0,15723.0,5295021.0,426931782.0,7330950.0,2.0,0.0,0.0,238855.0,247120.0,-5729850776.0,18589.0
4296,2021-12-14,Bajietong OG,Bajietong OG,14020401,RR38,64016549.0,22672010.0,237032134.0,4054643.0,417723.0,119220.0,12681960.0,5398464.0,0.0,52300.0,5737475.0,236912134.0,21285858.0,841.0,-59710.0,215.0,716971.0,705727.0,-3139833990.0,55647.0
4461,2021-12-14,Gaia Kight Chao,Gaia Kight Chao,15800654,Ri38,56018018.0,8007571.0,97828778.0,140663.0,170301.0,741801.0,5460328.0,1494478.0,16692762907.0,14631.0,6476960.0,87828778.0,0.0,0.0,0.0,0.0,-1000000.0,0.0,0.0,0.0
5331,2021-12-29,Bortron,Bortron,16508127,Hp38,26232889.0,809787.0,12580348.0,3720.0,1135.0,1246.0,350137.0,453549.0,0.0,3801.0,1206918.0,12580348.0,0.0,0.0,0.0,0.0,0.0,0.0,-11941167111.0,0.0
2977,2021-12-02,暗 Winter,暗 Winter,16908012,RA38,104224325.0,95425311.0,1446682329.0,8468025.0,56078.0,41932.0,7748786.0,79110490.0,5320303579.0,80963.0,14645126.0,1661671149.0,0.0,-100000000.0,-500000.0,-500000.0,-60000000.0,41899441.0,0.0,0.0
3979,2021-12-09,暗 Winter,暗 Winter,16908012,RA38,104335920.0,214525870.0,1446682329.0,108468025.0,556078.0,541932.0,67748786.0,37211049.0,0.0,81338.0,14645126.0,1446682329.0,0.0,100000000.0,500000.0,500000.0,60000000.0,-41899441.0,-5320303579.0,0.0
4536,2021-12-14,Jessy Jr,Jessy Jr,17256004,RA38,69157433.0,71393264.0,590604420.0,25348111.0,819582.0,1257391.0,30049753.0,13918427.0,0.0,52625.0,7388335.0,590604420.0,23820950.0,1978.0,4473.0,4712.0,585432.0,896922.0,-5316193896.0,18612.0
5401,2021-12-29,Dixie  Normous,Dixie  Normous,17539883,Hp38,40126455.0,1090288.0,72002279.0,9446.0,814.0,3753.0,163375.0,912900.0,10228260863.0,17599.0,2967714.0,19910279.0,0.0,-20000.0,-1000.0,-20000.0,-2600000.0,-1300300.0,0.0,0.0
5582,2021-12-29,Laokiror,Laokiror,17647992,#N/A,35501176.0,30301950.0,141418470.0,15190912.0,2872909.0,1523890.0,8774587.0,1939652.0,0.0,36997.0,6524629.0,141418470.0,1012490.0,0.0,0.0,0.0,101249.0,0.0,-12698695789.0,20197.0
1347,2022-01-01,Laokiror,Laokiror,17647992,DK38,35562776.0,30301950.0,141418470.0,15190912.0,2872909.0,1523890.0,8774587.0,1939652.0,0.0,0.0,0.0,141418470.0,0.0,0.0,0.0,0.0,0.0,0.0,0.0,-6524629.0
2830,2021-12-02,sh3rl0ck,sh3rl0ck,17742942,RP38,83678638.0,4909523.0,739661678.0,688514.0,811297.0,499178.0,2906315.0,4219.0,2691249453.0,53607.0,6139902.0,32904538.0,0.0,-3000000.0,-1000000.0,-2000000.0,-40000000.0,-14807857.0,0.0,0.0
6012,2021-12-29,Wings Shin,Wings Shin,19435040,RA38,76213142.0,188032492.0,1985486102.0,29243421.0,3485491.0,2880199.0,108732198.0,43691183.0,0.0,55917.0,15528223.0,1985486102.0,134480329.0,62784.0,7482.0,38437.0,2843612.0,5293147.0,-8250746681.0,647552.0
2274,2021-12-02,IamGilbo,IamGilbo,20462120,RK38,74270953.0,141227098.0,1522947851.0,16308557.0,3973252.0,8957749.0,76384216.0,35603324.0,0.0,0.0,0.0,1522947851.0,820118.0,0.0,0.0,19442.0,74235.0,0.0,-2243900621.0,-6814509.0
4513,2021-12-14,IamGilbo,IamGilbo,20462120,RK38,77862833.0,15004783.0,1538828091.0,6308558.0,973252.0,957749.0,6765160.0,64.0,2263900621.0,119420.0,6814509.0,74692091.0,15880240.0,-9999999.0,-3000000.0,-8000000.0,-69619056.0,-35603260.0,0.0,0.0
5442,2021-12-29,FarmingBubbles,FarmingBubbles,21257492,Hp38,41619965.0,2074406.0,22651790.0,119653.0,594.0,95438.0,1492950.0,365771.0,0.0,9621.0,2168027.0,22651790.0,543820.0,0.0,0.0,0.0,0.0,27191.0,-8081345538.0,0.0
2044,2021-12-02,Azalynz DG AF,Azalynz DG AF,21463108,RK38,88353989.0,4464535.0,749365879.0,81577.0,538604.0,135609.0,3707746.0,999.0,11309486899.0,222889.0,7985918.0,38733399.0,97730.0,-1000000.0,-1000000.0,-1000000.0,-29990227.0,-20221624.0,0.0,0.0
2101,2021-12-02,CAP 117,CAP 117,22505871,RR38,114633036.0,9639985.0,1017507903.0,49879.0,484513.0,81118.0,9024475.0,0.0,4483666763.0,194387.0,10785375.0,91548223.0,0.0,-2000000.0,-1000000.0,-4000000.0,-50000000.0,-20377984.0,0.0,0.0
3230,2021-12-09,GremlinQUEEN,GremlinQUEEN,23205212,Rt38,39961401.0,818473.0,11489206.0,21371.0,1.0,850.0,444349.0,351902.0,0.0,8283.0,193502.0,11489206.0,0.0,0.0,0.0,0.0,0.0,0.0,-5125448496.0,0.0
5266,2021-12-29,Alungga,Alungga,23896432,RK38,59948460.0,180804592.0,2340712056.0,11214753.0,4370273.0,3082795.0,92533804.0,69602967.0,0.0,0.0,0.0,2340712056.0,109127418.0,23283.0,1976.0,12225.0,3165411.0,3870790.0,-8728562895.0,-9424150.0
3838,2021-12-09,schys,schys,25459192,[{Hp38]Humble plebeians,25420347.0,211618.0,1923910.0,27252.0,0.0,0.0,176886.0,7480.0,0.0,5325.0,65092.0,1923910.0,0.0,0.0,0.0,0.0,0.0,0.0,-5010162335.0,0.0
3462,2021-12-09,Oreana,Oreana,25947549,Hp38,26297280.0,402020.0,536468.0,368904.0,132.0,6.0,19716.0,13262.0,0.0,3867.0,657286.0,536468.0,0.0,0.0,0.0,0.0,0.0,0.0,-4742692313.0,0.0
3384,2021-12-09,M3llow Queen x,M3llow Queen x,26877031,Ri38,70113921.0,19935544.0,279189534.0,194761.0,141668.0,129984.0,11103531.0,8365600.0,0.0,41355.0,3806168.0,279189534.0,0.0,0.0,0.0,0.0,0.0,0.0,-5441935427.0,0.0
5633,2021-12-29,M3llow Queen x,M3llow Queen x,26877031,Ri38,60415579.0,25485086.0,351548118.0,203240.0,148887.0,134884.0,14929134.0,10068941.0,0.0,42186.0,5089472.0,351548118.0,59775194.0,8479.0,7219.0,4900.0,3518266.0,1227840.0,-5536935427.0,1247889.0
5502,2021-12-29,Hoolee fm,Hoolee fm,27794057,F38b,26741682.0,123530.0,1428354.0,63.0,0.0,3648.0,98263.0,21556.0,0.0,3758.0,770846.0,1428354.0,0.0,0.0,0.0,0.0,0.0,0.0,-4942747014.0,0.0
5161,2021-12-14,くˢᶜᵃʳʸ,くsᶜaʳy,29489887,RR38,68798978.0,7111258.0,268965307.0,84716.0,57420.0,79956.0,6889164.0,2.0,5502524456.0,50230.0,4478148.0,69343287.0,2886970.0,-600000.0,-300000.0,-700000.0,-9968119.0,-4676693.0,0.0,0.0
4476,2021-12-14,HAYzOM,HAYzOM,29587991,RK38,62590126.0,3717096.0,448401615.0,434696.0,54756.0,871981.0,2139602.0,216061.0,2284685873.0,68329.0,4729133.0,29401615.0,13518066.0,-7987663.0,-679461.0,-1000000.0,-19595366.0,-10128591.0,0.0,0.0
2136,2021-12-02,Crystål,Crystal,30844064,RH38,35348659.0,1169699.0,9808354.0,55507.0,282026.0,804118.0,26029.0,2019.0,0.0,8350.0,471980.0,4092295.0,0.0,18125.0,226519.0,522092.0,-778089.0,-24010.0,-7905564363.0,0.0
3140,2021-12-09,Crystål,Crystal,30844064,Hp38,35358171.0,1205062.0,9808354.0,37382.0,55507.0,282026.0,804118.0,26029.0,8183335032.0,8389.0,471980.0,9808354.0,0.0,-18125.0,-226519.0,-522092.0,778089.0,24010.0,8183335032.0,0.0
3582,2021-12-09,SALLOUM44,SALLOUM44,31352114,RP38,47264683.0,33150021.0,288044062.0,7491704.0,2971514.0,1389406.0,15090287.0,6207110.0,0.0,72420.0,4122917.0,288044062.0,0.0,0.0,0.0,0.0,0.0,0.0,-5228003385.0,0.0
6185,2021-12-29,乄 Gembel 乄,乄 Gembel 乄,33305369,RK38,64216502.0,5815479.0,765733898.0,139471.0,48507.0,190650.0,5436851.0,0.0,1420413311.0,83992.0,5647064.0,55256018.0,172692251.0,-4498954.0,-689788.0,-980898.0,-24893027.0,-14132620.0,214975496.0,1038582.0
4306,2021-12-14,Beast Doc,Beast Doc,34382164,RR38,87494569.0,195438688.0,2363228537.0,6951297.0,5497585.0,8517987.0,117266522.0,57205297.0,0.0,0.0,0.0,2363228537.0,44249830.0,5499.0,0.0,0.0,952453.0,1736210.0,-6938150337.0,-10178564.0
5115,2021-12-14,ĴØЌÉŔR,JOЌERR,35538798,RR38,65233794.0,1786171.0,871225056.0,0.0,146103.0,166002.0,1474057.0,9.0,3112881110.0,90308.0,7210425.0,15696964.0,22806560.0,-8729063.0,-2000000.0,-1000000.0,-39320588.0,-21488492.0,0.0,0.0
5180,2021-12-14,乂 HAXOR 乂,乂 HAXOR 乂,36397118,RR38,61111807.0,3493429.0,757034966.0,853751.0,769360.0,749484.0,1120718.0,116.0,13770293726.0,110024.0,6054204.0,15916906.0,70934780.0,-4000000.0,-1000000.0,-4000000.0,-36869416.0,-14134456.0,0.0,45903.0
3933,2021-12-09,ナハト ファウスト,ナハト ファウスト,36594863,Rw38,30238752.0,454168.0,4678476.0,11452.0,3.0,0.0,417808.0,24905.0,0.0,0.0,0.0,4678476.0,0.0,0.0,0.0,0.0,0.0,0.0,-4660335153.0,-1496597.0
5046,2021-12-14,diR,diR,37239310,RR38,80066605.0,19791937.0,1864830306.0,2597081.0,661443.0,459346.0,6553058.0,9521009.0,6691364958.0,61621.0,7067332.0,259630446.0,174098312.0,-10000000.0,-6996404.0,-7000000.0,-85804136.0,-26453369.0,0.0,19038.0
4492,2021-12-14,Holdimonster,Holdimonster,3747243,RP38,108102054.0,116742837.0,1408446713.0,2758048.0,4171186.0,6380053.0,69463848.0,33969702.0,0.0,69205.0,16850448.0,1408446713.0,23580266.0,26581.0,0.0,0.0,481707.0,937894.0,-13697457916.0,94086.0
1315,2022-01-01,Katara0304,Katara0304,38821571,]t38,33724463.0,2216147.0,20352445.0,8997.0,51616.0,290966.0,1820781.0,43787.0,51321927.0,10488.0,2472736.0,20352445.0,0.0,0.0,0.0,0.0,0.0,0.0,-500000000.0,0.0
5163,2021-12-14,サイタマ one punch,サイタマ one punch,38997259,RP38,40351649.0,15769020.0,161983609.0,2033968.0,1829148.0,574565.0,7100652.0,4230687.0,0.0,23891.0,4645918.0,161983609.0,7903120.0,0.0,0.0,0.0,221670.0,284321.0,-5481032438.0,826.0
5434,2021-12-29,FHK HellAngel,FHK HellAngel,39637709,RR38,67913614.0,59056670.0,614832607.0,6626729.0,2476074.0,2635471.0,34835469.0,12482927.0,0.0,0.0,0.0,614832607.0,79947922.0,66751.0,1098.0,3364.0,2680762.0,2655565.0,-6627926445.0,-3871024.0
3199,2021-12-09,Fallin0001,Fallin0001,39666473,F38N,38138776.0,6393418.0,63108013.0,520505.0,1020251.0,396725.0,2974223.0,1481714.0,0.0,15009.0,4779960.0,63108013.0,0.0,0.0,0.0,0.0,0.0,0.0,-8109477332.0,0.0
3505,2021-12-09,Pirate Nebu II,Pirate Nebu II,39751049,Rt38,35121421.0,9608685.0,76080407.0,1069769.0,1512410.0,1242071.0,4781535.0,1002900.0,0.0,0.0,0.0,76080407.0,0.0,0.0,0.0,0.0,0.0,0.0,-1993929494.0,-4113773.0
3940,2021-12-09,㋛Marreta Preta㋛,㋛Marreta Preta㋛,40299040,RP38,67906693.0,9014922.0,941908036.0,597933.0,32408.0,551481.0,7833099.0,1.0,8957547395.0,72240.0,5285540.0,80721336.0,0.0,-6000000.0,-5000000.0,-5000000.0,-60000000.0,-11499335.0,0.0,0.0
4581,2021-12-14,Lazzys beefstew,Lazzys beefstew,40419140,F38n,45088000.0,24068367.0,174009027.0,3655727.0,4706569.0,1972581.0,11869538.0,1863952.0,0.0,24742.0,3961461.0,174009027.0,0.0,0.0,0.0,0.0,0.0,0.0,-3160708660.0,0.0
5099,2021-12-14,vɪcᴛoʀɪᴀ,vɪcᴛoʀɪᴀ,40541417,RR38,41281117.0,13444251.0,165865680.0,1316713.0,185338.0,324598.0,6841877.0,4775725.0,0.0,28375.0,3202662.0,165865680.0,7030230.0,0.0,0.0,0.0,214923.0,244050.0,-2299833039.0,24945.0
5770,2021-12-29,PirateカEitschiカ,PirateカEitschiカ,42028782,Rt38,39130363.0,22082169.0,243346914.0,1062072.0,1221642.0,885809.0,14110494.0,4802152.0,0.0,30356.0,4068132.0,243346914.0,31661901.0,2787.0,2666.0,743.0,483852.0,1340726.0,-3311652635.0,696405.0
2032,2021-12-02,AndrewB2017,AndrewB2017,4209884,Rv38,30860792.0,1810793.0,26281109.0,21038.0,10978.0,56054.0,842373.0,880350.0,0.0,13240.0,1811319.0,26281109.0,0.0,0.0,0.0,0.0,0.0,0.0,-7494012108.0,0.0
2314,2021-12-02,King Røar,King Roar,42659448,RX38,32299388.0,8497486.0,39244891.0,5380167.0,50289.0,53785.0,2241176.0,772069.0,0.0,22185.0,1089218.0,39244891.0,0.0,0.0,0.0,0.0,0.0,0.0,-5032093478.0,0.0
5559,2021-12-29,King Røar,King Roar,42659448,#N/A,32552804.0,625496.0,39244891.0,380167.0,289.0,3785.0,241176.0,79.0,0.0,22215.0,1089218.0,2505091.0,0.0,-5000000.0,-50000.0,-50000.0,-2000000.0,-771990.0,-5032093478.0,0.0
2834,2021-12-02,slanter,slanter,43110892,RA38,80663810.0,157911931.0,2013748123.0,4204377.0,5172226.0,4198634.0,90096562.0,54240132.0,0.0,149087.0,8704865.0,2013748123.0,0.0,0.0,0.0,0.0,0.0,0.0,-5102131492.0,0.0
1854,2022-01-01,slayerxoeschapa,slayerxoeschapa,43366078,RP38,40582196.0,4901601.0,56098207.0,217417.0,216971.0,161678.0,3113663.0,1191872.0,562632289.0,21446.0,1923750.0,56098207.0,5301827.0,41594.0,17316.0,164.0,189652.0,168085.0,-20000000.0,119639.0
5574,2021-12-29,LORDOFDRAGONS,LORDOFDRAGONS,43893200,OGFa,39017465.0,966300.0,22995383.0,63618.0,1760.0,53545.0,847298.0,79.0,1886862692.0,10363.0,2143407.0,8704983.0,0.0,-200000.0,-300000.0,-100000.0,-1000000.0,-162520.0,0.0,0.0
2632,2021-12-02,Slayer X NOBITA,Slayer X NOBITA,45486740,RX38,42971871.0,26266395.0,115582881.0,15397365.0,518649.0,763955.0,8331823.0,1254603.0,0.0,0.0,0.0,115582881.0,0.0,0.0,0.0,0.0,0.0,0.0,-160522777.0,-4088237.0
5500,2021-12-29,Hoa Queen,Hoa Queen,49219204,RP38,38926969.0,32522344.0,86940078.0,26084394.0,588940.0,375670.0,3042416.0,2430924.0,0.0,21677.0,5529873.0,86940078.0,7468510.0,1.0,0.0,0.0,206075.0,270388.0,-4191929687.0,0.0
4951,2021-12-14,Suga 旬,Suga 旬,49911535,RR38,77434891.0,8479806.0,955666424.0,6682.0,166934.0,52830.0,8250420.0,2940.0,1005341496.0,66380.0,4994465.0,83109524.0,60264260.0,-1000000.0,-2000000.0,-900000.0,-38550790.0,-20949237.0,0.0,59.0
3995,2021-12-09,황신원 of Roseee,황신원 of Roseee,49964501,RO3E,39704618.0,8071826.0,76441293.0,618749.0,929621.0,5917830.0,605626.0,0.0,4061127743.0,12407.0,2835580.0,31710571.0,0.0,-353707.0,310872.0,4988209.0,-5312204.0,-605626.0,2955000000.0,0.0
5235,2021-12-14,황신원 of Roseee,황신원 of Roseee,49964501,RO3E,39832618.0,9044282.0,76441293.0,972456.0,618749.0,929621.0,5917830.0,605626.0,4361127743.0,12419.0,2835580.0,76441293.0,0.0,353707.0,-310872.0,-4988209.0,5312204.0,605626.0,300000000.0,0.0
4314,2021-12-14,Bigboybobo,Bigboybobo,50653451,RA38,81542384.0,4196481.0,956511984.0,238922.0,255699.0,773243.0,2927427.0,1190.0,5155512510.0,13215.0,3574228.0,32950224.0,8731758.0,-4999991.0,-2000000.0,-3902586.0,-49687646.0,-19867160.0,50000001.0,4690.0
4457,2021-12-14,G A M   OG,G A M   OG,51304605,RA38,61735282.0,101588763.0,875854305.0,18923006.0,3089383.0,5154292.0,64316787.0,10105295.0,0.0,79628.0,4250400.0,875854305.0,38737602.0,4780.0,2182.0,11013.0,1612069.0,1128377.0,-4455552278.0,35508.0
3919,2021-12-09,ᵛⁿMr Crab,ᵛⁿMr Crab,52130105,RP38,59087600.0,58503963.0,494226913.0,11236767.0,3368507.0,3023019.0,34436293.0,6439377.0,0.0,53770.0,6078900.0,494226913.0,0.0,0.0,0.0,0.0,0.0,0.0,-5879759278.0,0.0
4990,2021-12-14,VARTOLÒ,VARTOLO,52375803,RR38,58683139.0,9880738.0,570903681.0,51338.0,627561.0,27333.0,9174506.0,0.0,3197125196.0,64412.0,4643546.0,93119781.0,26770060.0,-6000000.0,-2000000.0,-2000000.0,-19213546.0,-12283919.0,0.0,98240.0
4276,2021-12-14,AssAssin A,AssAssin A,52419470,RA38,69770035.0,32872777.0,681206952.0,561882.0,813353.0,834015.0,8050537.0,22612990.0,3938632055.0,62327.0,5650937.0,537840312.0,24200788.0,-3000000.0,-980856.0,-4000000.0,-29394366.0,9666976.0,0.0,246.0
5278,2021-12-29,AssAssin A,AssAssin A,52419470,DK38,62120317.0,70486994.0,815161604.0,3627092.0,1816147.0,4852178.0,41243636.0,18947941.0,4068632055.0,66219.0,6660371.0,815161604.0,133954652.0,3065210.0,1002794.0,4018163.0,33193099.0,-3665049.0,130000000.0,1009434.0
4381,2021-12-14,DARK EVIL 亗,DARK EVIL 亗,52515492,RK38,61787153.0,4227840.0,732378530.0,1573523.0,365507.0,772793.0,1515890.0,127.0,7527631739.0,61376.0,4318900.0,19298330.0,41793000.0,-10000000.0,-3000000.0,-4000000.0,-49382382.0,-7673169.0,0.0,4638.0
2605,2021-12-02,Sir Rockzo,Sir Rockzo,52619890,RA38,85299113.0,48788913.0,2513358312.0,2303262.0,3034252.0,599959.0,42851440.0,0.0,4412263706.0,129512.0,7399347.0,437443392.0,142860.0,-10000000.0,-10000000.0,-9000000.0,-100000000.0,-50888603.0,0.0,0.0
4865,2021-12-14,Sir Rockzo,Sir Rockzo,52619890,RR38,84212083.0,231692129.0,2559555832.0,12311732.0,13038120.0,9603199.0,144217711.0,52521367.0,0.0,131201.0,7574855.0,2559555832.0,46197520.0,8470.0,3868.0,3240.0,1366271.0,1625621.0,-4412263706.0,175508.0
4486,2021-12-14,HatredCopter,HatredCopter,53410809,KotF,28401221.0,325063.0,4549430.0,7530.0,5554.0,6309.0,160182.0,145488.0,0.0,0.0,0.0,4549430.0,0.0,0.0,0.0,0.0,0.0,0.0,-5080798582.0,-2216895.0
4724,2021-12-14,Pand4Zinc 永,Pand4Zinc 永,54530345,RA38,66597606.0,12148587.0,1649734455.0,5194037.0,405203.0,840213.0,5707055.0,2079.0,2264212781.0,59456.0,3491048.0,62322195.0,17282737.0,-9999644.0,-1000000.0,-999586.0,-89304201.0,-33454462.0,0.0,2272.0
2388,2021-12-02,MBDB,MBDB,55587705,RX38,32313611.0,0.0,81358046.0,0.0,0.0,0.0,0.0,0.0,539319699.0,31048.0,3515122.0,0.0,0.0,-1954441.0,-377499.0,-827160.0,-5898500.0,-895926.0,0.0,0.0
5657,2021-12-29,Melo 06,Melo 06,55846661,LHrt,41203190.0,7858493.0,43099404.0,1642782.0,925958.0,2449868.0,2567824.0,272061.0,1210868378.0,21122.0,2199227.0,43099404.0,0.0,0.0,0.0,0.0,0.0,0.0,-10397815360.0,0.0
1425,2022-01-01,Melo 06,Melo 06,55846661,LHrt,41299190.0,6932544.0,43099404.0,1642782.0,9.0,2449868.0,2567824.0,272061.0,1250868378.0,21143.0,2199227.0,41247506.0,0.0,0.0,-925949.0,0.0,0.0,0.0,40000000.0,0.0
2264,2021-12-02,HunterDemons,HunterDemons,56345194,RR38,67826676.0,19710967.0,1234793301.0,7435295.0,5183548.0,91359.0,6999773.0,992.0,4990046123.0,64220.0,6476972.0,82237161.0,212750.0,-40000000.0,-10000000.0,-10000000.0,-69978725.0,-19227807.0,0.0,0.0
3898,2021-12-09,ᴵᴺ Ahok OG,lᴺ Ahok OG,56911574,RK38,34312521.0,10015672.0,82937127.0,2228948.0,279615.0,338787.0,6278948.0,889374.0,0.0,0.0,0.0,82937127.0,0.0,0.0,0.0,0.0,0.0,0.0,-571665464.0,-2099944.0
2371,2021-12-02,M3llow Abdi1838,M3llow Abdi1838,57008215,Ri38,27641189.0,6873796.0,48393344.0,1096020.0,761069.0,1433203.0,3075089.0,508415.0,0.0,10141.0,1541131.0,48393344.0,0.0,0.0,0.0,0.0,0.0,0.0,-1193051255.0,0.0
6229,2021-12-29,齐天大圣17,齐天大圣17,57069821,RM38,46407274.0,510027.0,35703302.0,25801.0,11417.0,79807.0,392912.0,90.0,7053770323.0,16326.0,1839335.0,4278142.0,0.0,-200000.0,-200000.0,-100000.0,-1000000.0,-1029258.0,0.0,0.0
2263,2021-12-02,HotShotTiger,HotShotTiger,58442808,RR38,82133219.0,7979264.0,1491498403.0,1216989.0,175172.0,334653.0,6252445.0,5.0,5551884670.0,90435.0,5636251.0,64456903.0,0.0,-10000000.0,-7600000.0,-2000000.0,-70000000.0,-35092075.0,0.0,0.0
4332,2021-12-14,BubblesLvs2Farm,BubblesLvs2Farm,58698652,[{Hp38]Humble plebeians,41815199.0,15156585.0,149420372.0,2273572.0,501604.0,986700.0,8387853.0,3006856.0,4656165628.0,22858.0,0.0,149420372.0,0.0,0.0,0.0,0.0,0.0,0.0,0.0,-2494541.0
4293,2021-12-14,Baby yakoô,Baby yakoo,58815176,OGFa,27258648.0,2275125.0,8201762.0,1332723.0,466233.0,72793.0,135594.0,267782.0,0.0,7674.0,571171.0,8201762.0,0.0,0.0,0.0,0.0,0.0,0.0,-5028920041.0,0.0
4365,2021-12-14,Chrollо,Chrollо,58996561,RR38,87692166.0,4614401.0,1101599127.0,349089.0,385050.0,600695.0,3279567.0,0.0,0.0,0.0,0.0,36038367.0,2821700.0,-1000000.0,-1000000.0,-1000000.0,-39994548.0,-32829679.0,-3058731503.0,-6657861.0
4556,2021-12-14,Kingsummer OG,Kingsummer OG,59331015,RR38,75405022.0,10174982.0,345184297.0,744188.0,8435070.0,523160.0,59860.0,412704.0,2353776463.0,17336.0,3797384.0,27964297.0,51965732.0,-6000000.0,-9989965.0,-3991922.0,-18004339.0,-2403163.0,0.0,0.0
4811,2021-12-14,Rin OG,Rin OG,60134257,RK38,52310465.0,6445021.0,357667626.0,622003.0,256388.0,223380.0,5342955.0,295.0,3842971384.0,83437.0,3691616.0,54966146.0,17769754.0,-1000000.0,-1000000.0,-997244.0,-19401657.0,-4236309.0,2.0,141190.0
4886,2021-12-14,Slayer X Jixco,Slayer X Jixco,60304697,RX38,33926724.0,0.0,16880703.0,0.0,0.0,0.0,0.0,0.0,603906906.0,33140.0,1662881.0,0.0,1202900.0,-203688.0,-301619.0,-354387.0,-797898.0,-281865.0,0.0,0.0
2239,2021-12-02,Guan Chau OG,Guan Chau OG,61178797,RK38,37631498.0,10176179.0,91603305.0,1176519.0,284016.0,213885.0,8009075.0,492684.0,0.0,24311.0,1542474.0,91603305.0,0.0,0.0,0.0,0.0,0.0,0.0,-4307561832.0,0.0
4577,2021-12-14,Lazy Luffy,Lazy Luffy,61950882,RA38,67354281.0,5060811.0,749693337.0,930026.0,75511.0,422855.0,3632419.0,0.0,0.0,48552.0,7766060.0,38352637.0,18471307.0,-5997925.0,-7998949.0,-7000000.0,-39329177.0,-12719007.0,-3408062643.0,8988.0
4565,2021-12-14,LESHiy,LESHiy,62323092,RA38,69841752.0,83599494.0,947038337.0,3924585.0,8514576.0,3891447.0,43171924.0,24096962.0,399106665.0,0.0,5345655.0,947038337.0,17185570.0,0.0,0.0,0.0,338579.0,689989.0,-1.0,-30.0
4239,2021-12-14,19Alim93 Dealer,19Alim93 Dealer,62399898,RR38,74552329.0,62143714.0,671126012.0,2764654.0,2727016.0,1488315.0,44410879.0,10752850.0,1070995833.0,96926.0,4173152.0,671126012.0,38551122.0,4363.0,0.0,0.0,1305599.0,1274713.0,-5.0,51603.0
1326,2022-01-01,Kira Kira Arina,Kira Kira Arina,62608777,RK38,64403589.0,38882976.0,433892537.0,1725958.0,3185564.0,3470817.0,19671979.0,10828658.0,3168616631.0,21349.0,6031451.0,433892537.0,978890.0,0.0,0.0,0.0,9915.0,43987.0,-200000.0,0.0
3561,2021-12-09,RhonyIsFîshy,RhonyIsFishy,62660905,RR38,63933348.0,37031404.0,305532824.0,4317314.0,4067456.0,3743780.0,21649775.0,3253079.0,0.0,60247.0,4280950.0,305532824.0,143003.0,66.0,0.0,0.0,21.0,7139.0,-5025460932.0,9042.0
6126,2021-12-29,مصعب المهاجر,مصعب المهاجر,62770125,RP38,38425634.0,1083344.0,59807860.0,84324.0,66523.0,328040.0,604457.0,0.0,851213543.0,14646.0,1959216.0,7506640.0,1682043.0,-283894.0,-3000000.0,-3999712.0,-1938009.0,-459173.0,0.0,20685.0
5568,2021-12-29,Kvitravn Q,Kvitravn Q,62903562,RC38,34771390.0,896239.0,8819876.0,180434.0,94434.0,39263.0,320429.0,261679.0,0.0,903.0,3034732.0,8819876.0,799712.0,0.0,0.0,11033.0,75558.0,0.0,-853497695.0,0.0
4594,2021-12-14,Lego Batman,Lego Batman,62935309,RP38,70842249.0,5080695.0,435654909.0,619745.0,25478.0,549346.0,3886126.0,0.0,2027582938.0,88889.0,4338210.0,41233549.0,16937010.0,-5000000.0,-800000.0,-1000000.0,-14640235.0,-11224100.0,0.0,27979.0
4580,2021-12-14,Lazy ﾒ Blue,Lazy ﾒ Blue,62946708,RR38,65093420.0,50797746.0,684525734.0,1408992.0,661763.0,644610.0,28130565.0,19951816.0,0.0,0.0,0.0,684525734.0,61419993.0,835.0,4260.0,1509.0,1500511.0,2320008.0,-333583627.0,-4665229.0
4490,2021-12-14,Himurã,Himura,63598668,RA38,93279138.0,146111550.0,1749593400.0,17336421.0,2967930.0,2420824.0,73722054.0,49664321.0,883746430.0,2043.0,0.0,1749593400.0,147323888.0,63260.0,292382.0,81263.0,4014762.0,5312690.0,0.0,-4275479.0
3855,2021-12-09,toops405,toops405,63733625,RK38,51307414.0,10369651.0,88402286.0,1779294.0,1712006.0,301309.0,4812366.0,1764676.0,0.0,41669.0,2104412.0,88402286.0,0.0,0.0,0.0,0.0,0.0,0.0,-687208413.0,0.0
5097,2021-12-14,toops405,toops405,63733625,RK38,55140463.0,2432719.0,95135698.0,782954.0,712006.0,1309.0,936430.0,20.0,687208413.0,42382.0,2231446.0,10950538.0,6733412.0,-996340.0,-1000000.0,-300000.0,-3875936.0,-1764656.0,687208413.0,127034.0
4839,2021-12-14,SabdopaloN Jr,SabdopaloN Jr,63736667,P]RE,29234922.0,11001172.0,50870911.0,3704927.0,1681967.0,1817378.0,3644152.0,152748.0,0.0,46088.0,1475114.0,50870911.0,0.0,0.0,0.0,0.0,0.0,0.0,-3114066397.0,0.0
5003,2021-12-14,Warlord Ragnär,Warlord Ragnar,63751320,RK38,52557133.0,5160293.0,403823658.0,91591.0,6283.0,114476.0,4947717.0,226.0,2126155028.0,53322.0,4166298.0,49970478.0,6600222.0,-587642.0,-999739.0,-999508.0,-19857860.0,-7127966.0,100000000.0,10091.0
4346,2021-12-14,CISILIA,CISILIA,63774991,RA38,91650813.0,88624604.0,957580957.0,9694827.0,5056661.0,4202330.0,46469637.0,23201149.0,0.0,123885.0,0.0,957580957.0,70343194.0,33480.0,12024.0,0.0,2167083.0,2432081.0,-4966795423.0,-7503241.0
4246,2021-12-14,ABØ AŁ HASSAN,ABO AL HASSAN,63896422,RA38,50915630.0,9268954.0,241488821.0,469829.0,238642.0,873183.0,7458128.0,229172.0,1987893543.0,34411.0,4329380.0,83228701.0,20452612.0,-999240.0,-1000000.0,-999725.0,-9119440.0,-2020718.0,0.0,51771.0
4245,2021-12-14,A7X fold,A7X fold,63900101,RA38,46937237.0,6265490.0,60999057.0,38965.0,295401.0,443573.0,5112485.0,375066.0,0.0,0.0,0.0,60999057.0,5557123.0,2263.0,0.0,0.0,60271.0,247698.0,-2025060388.0,-416404.0
2809,2021-12-02,mantovinii,mantovinii,63932677,RA38,77087068.0,8433625.0,730157394.0,630894.0,276920.0,882339.0,6643402.0,70.0,601197557.0,98139.0,7398799.0,70644794.0,0.0,-2000000.0,-5000000.0,-2000000.0,-30000000.0,-17055630.0,0.0,0.0
3740,2021-12-09,TwoFacedMoxina,TwoFacedMoxina,64115009,RA38,81211545.0,275321156.0,2758950885.0,38919036.0,14011794.0,17701580.0,144143775.0,60544971.0,0.0,88075.0,8164542.0,2758950885.0,0.0,0.0,0.0,0.0,0.0,0.0,-5814375688.0,0.0
2353,2021-12-02,Lil Flamma,Lil Flamma,64576781,Hp38,34348019.0,11444.0,91399.0,2595.0,0.0,0.0,8610.0,239.0,0.0,4421.0,0.0,91399.0,0.0,0.0,0.0,0.0,0.0,0.0,-5216890125.0,0.0
5667,2021-12-29,Mini MongD,Mini MongD,64873354,F380,30763619.0,125761.0,1118464.0,1.0,1939.0,20879.0,102777.0,165.0,0.0,4142.0,303607.0,1118464.0,0.0,0.0,0.0,0.0,0.0,0.0,-4964657122.0,0.0
5263,2021-12-29,Alischer,Alischer,6488711,Rt38,71762947.0,255696959.0,2569704627.0,42576078.0,1980473.0,3311884.0,161258955.0,46569569.0,0.0,0.0,0.0,2569704627.0,68923056.0,40441.0,144.0,55.0,1781802.0,2554822.0,-10676283578.0,-17145929.0
4304,2021-12-14,Battle BEAST,Battle BEAST,65484538,RR38,58742645.0,119804375.0,1033326456.0,16205272.0,11000393.0,8437734.0,70888584.0,13272392.0,0.0,70072.0,3176003.0,1033326456.0,27005140.0,1.0,0.0,0.0,766380.0,967067.0,-8033135830.0,1501.0
2549,2021-12-02,RichCupcake,RichCupcake,66006431,#N/A,35562049.0,782297.0,9821860.0,14050.0,9368.0,19256.0,506917.0,232706.0,0.0,9963.0,736980.0,9821860.0,0.0,0.0,0.0,0.0,0.0,0.0,-5398122971.0,0.0
1240,2022-01-01,Guan Chau 2,Guan Chau 2,66424168,Rw38,29717622.0,3986467.0,27589367.0,943106.0,385528.0,10520.0,2635865.0,11448.0,3195986682.0,10821.0,617958.0,27589367.0,230590.0,0.0,0.0,0.0,383.0,11338.0,-200.0,0.0
4574,2021-12-14,LaserCannondeth,LaserCannondeth,66506925,KotF,26406011.0,22705.0,316590.0,0.0,0.0,0.0,13751.0,8954.0,0.0,2317.0,0.0,316590.0,0.0,0.0,0.0,0.0,0.0,0.0,-3748648019.0,0.0
1348,2022-01-01,LaserCannondeth,LaserCannondeth,66506925,KotF,27208984.0,1405.0,319670.0,0.0,0.0,0.0,1405.0,0.0,4154342550.0,2364.0,0.0,14050.0,0.0,0.0,0.0,0.0,-12654.0,-8954.0,0.0,0.0
2613,2021-12-02,Slayer Prëtty,Slayer Pretty,66903398,RX38,37171584.0,23601370.0,72233573.0,15428375.0,1605739.0,1147710.0,4704534.0,715012.0,0.0,0.0,0.0,72233573.0,646440.0,0.0,0.0,0.0,64644.0,0.0,-1420456352.0,-2130789.0
3956,2021-12-09,义Galatian义,义Galatian义,67184899,RK38,50599231.0,23008000.0,155526547.0,9240227.0,1025111.0,1084820.0,8586784.0,3071058.0,0.0,61896.0,1791169.0,155526547.0,0.0,1.0,0.0,0.0,0.0,0.0,-4435287037.0,0.0
1309,2022-01-01,Jäzzmine,Jazzmine,67202956,RR38,53099102.0,23393980.0,296189284.0,590633.0,512865.0,414582.0,14413090.0,7462810.0,3080681619.0,129110.0,3096182.0,296189284.0,4904971.0,12365.0,61147.0,15001.0,184498.0,143761.0,-200000.0,59118.0
5989,2021-12-29,Tôn Vủ,Ton Vu,67663968,Ri38,37520247.0,4620562.0,33388522.0,817354.0,666936.0,959160.0,1548770.0,628342.0,164222196.0,15414.0,1449363.0,33388522.0,3486620.0,0.0,0.0,0.0,60306.0,144178.0,-600000000.0,12896.0
5191,2021-12-14,义 daeny 义,义 daeny 义,67704983,RN38,25404907.0,2058261.0,3148479.0,1699015.0,88434.0,22467.0,242496.0,5849.0,0.0,0.0,7425.0,3148479.0,116980.0,0.0,0.0,0.0,0.0,5849.0,-1568787710.0,0.0
5425,2021-12-29,Erwinlim,Erwinlim,67980415,Ri38,40481300.0,59001320.0,563969572.0,4283260.0,4872632.0,2898829.0,39715964.0,7230635.0,0.0,17694.0,4585291.0,563969572.0,56125937.0,3694.0,165.0,1292.0,1067260.0,2272355.0,-6307844270.0,284328.0
4669,2021-12-14,Mr BigTbn,Mr BigTbn,68350663,Rw38,27550117.0,12518610.0,87113534.0,3808190.0,902561.0,1263776.0,5138999.0,1405084.0,0.0,25002.0,0.0,87113534.0,0.0,0.0,0.0,0.0,0.0,0.0,-395218342.0,-3375112.0
3893,2021-12-09,ᴰᴳ TheWall,Dᴳ TheWall,683664,RR38,76482736.0,107774573.0,1456002859.0,1140669.0,1096194.0,1389522.0,63493951.0,40654237.0,18998809983.0,98020.0,9855276.0,1456002859.0,10.0,0.0,0.0,0.0,1.0,0.0,-5.0,0.0
5131,2021-12-14,ᴰᴳ TheWall,Dᴳ TheWall,683664,RR38,76915336.0,6890972.0,1534834626.0,140670.0,96194.0,390241.0,6260948.0,2919.0,18998809988.0,99257.0,9855276.0,64449346.0,78831767.0,-999999.0,-1000000.0,-999281.0,-57233003.0,-40651318.0,5.0,0.0
3479,2021-12-09,PREDATOŔ,PREDATOR,68605432,RP38,51169175.0,29420259.0,229273986.0,6903372.0,2768871.0,2451175.0,13338595.0,3958246.0,0.0,47718.0,3466632.0,229273986.0,0.0,0.0,0.0,0.0,0.0,0.0,-5326227146.0,0.0
4482,2021-12-14,Harald OG,Harald OG,68635481,RP38,32912755.0,753464.0,127678266.0,385721.0,128121.0,150775.0,88638.0,209.0,73511103.0,21885.0,3177156.0,1827046.0,1015060.0,-10000000.0,-2000000.0,-3000000.0,-7980658.0,-1351479.0,0.0,1.0
3307,2021-12-09,Kayy00,Kayy00,68734401,Rw38,28088011.0,0.0,10887329.0,0.0,0.0,0.0,0.0,0.0,46803528.0,4338.0,138690.0,0.0,0.0,-184028.0,-1660852.0,-390040.0,-467418.0,-64724.0,0.0,0.0
1433,2022-01-01,Mini Hanie 1,Mini Hanie 1,68760958,Rj38,28375380.0,7374465.0,53883350.0,252490.0,1212879.0,1554806.0,4189793.0,164497.0,13865339008.0,23707.0,1638810.0,53883350.0,0.0,0.0,0.0,0.0,0.0,0.0,-124788051030.0,0.0
3837,2021-12-09,saw FarhoD,saw FarhoD,69100400,F38S,25984374.0,0.0,51355672.0,0.0,0.0,0.0,0.0,0.0,2303844268.0,23079.0,1370159.0,0.0,0.0,-266511.0,-853170.0,-710845.0,-4335341.0,-169962.0,0.0,0.0
4911,2021-12-14,Slayer x badboy,Slayer x badboy,69199791,RX38,48165747.0,1495605.0,39365347.0,542567.0,54458.0,54087.0,844493.0,0.0,731859274.0,34383.0,206761.0,8878707.0,3580460.0,-8000000.0,-610000.0,-110000.0,-1928534.0,-218042.0,0.0,28185.0
4605,2021-12-14,Louie13,Louie13,69545360,RP38,80119343.0,1999587.0,164414368.0,39102.0,48004.0,219075.0,1693406.0,0.0,1786811554.0,25514.0,905491.0,17914188.0,6241450.0,-800000.0,-600000.0,-1000000.0,-9809539.0,-1840167.0,0.0,1249.0
4784,2021-12-14,Queen jail,Queen jail,69665867,RA38,37469710.0,21579022.0,120198903.0,7564079.0,3102507.0,1756061.0,7767067.0,1389308.0,0.0,21603.0,3587909.0,120198903.0,6481291.0,3507.0,710.0,0.0,169061.0,239428.0,-5205716905.0,59540.0
4642,2021-12-14,MaddKING Ragnar,MaddKING Ragnar,70209602,RA38,60664945.0,24453934.0,290667315.0,1215689.0,1418867.0,1500336.0,12479574.0,7839468.0,0.0,0.0,3019588.0,290667315.0,24273710.0,0.0,0.0,0.0,912269.0,757551.0,-1088500576.0,8432.0
5403,2021-12-29,Dod 1,Dod 1,70615113,OGFa,25644065.0,1196318.0,8139015.0,267955.0,97554.0,69629.0,761180.0,0.0,0.0,0.0,0.0,8139015.0,0.0,0.0,0.0,0.0,0.0,0.0,-3111697624.0,-152691.0
2494,2021-12-02,Pirate Maung,Pirate Maung,71363203,Rt38,40933344.0,14523069.0,100010250.0,3573380.0,1549853.0,1151682.0,7337394.0,910760.0,0.0,0.0,0.0,100010250.0,0.0,0.0,0.0,0.0,0.0,0.0,-9124762409.0,-1902966.0
3320,2021-12-09,Kraken Paris,Kraken Paris,71406414,Rt38,36267293.0,20923487.0,159018968.0,3430744.0,2088622.0,2745434.0,10999990.0,1658697.0,2688520769.0,0.0,3056015.0,159018968.0,0.0,0.0,0.0,0.0,0.0,0.0,0.0,-1.0
2531,2021-12-02,QuuenBankk,QuuenBankk,72197579,Ri38,33402135.0,3650690.0,24575091.0,760218.0,808619.0,68915.0,1772861.0,240077.0,0.0,0.0,0.0,24575091.0,0.0,0.0,0.0,0.0,0.0,0.0,-943454306.0,-711001.0
5796,2021-12-29,QuuenBankk,QuuenBankk,72197579,Ri38,34452135.0,3821668.0,26284871.0,760218.0,808619.0,68915.0,1943839.0,240077.0,1283454306.0,9610.0,0.0,26284871.0,56940.0,0.0,0.0,0.0,5694.0,0.0,20000000.0,-711001.0
2512,2021-12-02,Polcadot,Polcadot,72466066,AOO:,24990602.0,2073019.0,12937376.0,273242.0,535618.0,195518.0,1034340.0,34301.0,0.0,0.0,0.0,12937376.0,0.0,0.0,0.0,0.0,0.0,0.0,-406743262.0,-385467.0
6035,2021-12-29,a4dani,a4dani,73551691,Rt38,71031826.0,20698654.0,669478762.0,8154481.0,398155.0,999384.0,4189544.0,6957090.0,3485501841.0,81578.0,4103651.0,187461982.0,138256375.0,-19996137.0,-1999949.0,-2000000.0,-26136436.0,-3319846.0,25000000.0,337467.0
3692,2021-12-09,Small Haniyasu,Small Haniyasu,73884186,Ri38,26356219.0,3330728.0,21952858.0,291553.0,1041589.0,412180.0,1354547.0,230859.0,0.0,0.0,0.0,21952858.0,0.0,0.0,0.0,0.0,0.0,0.0,-304983789.0,-1905252.0
4481,2021-12-14,Haniyasu G,Haniyasu G,73884186,RX38,26499219.0,499871.0,21952858.0,91553.0,41589.0,12180.0,354547.0,2.0,304983789.0,28860.0,1905252.0,3695718.0,0.0,-200000.0,-1000000.0,-400000.0,-1000000.0,-230857.0,304983789.0,1905252.0
2845,2021-12-02,tomizasu 0,tomizasu 0,74307326,DK38,24944251.0,10587218.0,29779909.0,1857508.0,6692776.0,847299.0,1115904.0,73731.0,0.0,0.0,278570.0,29779909.0,0.0,0.0,0.0,0.0,0.0,0.0,-404130656.0,0.0
2873,2021-12-02,ˢᵑ SimonLP,sᵑ SimonLP,75075936,RX38,38087546.0,48738567.0,238206952.0,26797010.0,451490.0,322595.0,19269525.0,1897947.0,0.0,14787.0,2773950.0,238206952.0,0.0,0.0,0.0,0.0,0.0,0.0,-8138396966.0,0.0
5909,2021-12-29,Slayer Zain,Slayer Zain,75075936,RX38,45428383.0,49041955.0,243003732.0,26797010.0,451490.0,322595.0,19396623.0,2074237.0,0.0,0.0,2773959.0,243003732.0,1275610.0,0.0,0.0,0.0,6829.0,60366.0,-8138396966.0,9.0
1676,2022-01-01,Slayer Zain,Slayer Zain,75075936,RX38,47707551.0,0.0,243003732.0,26797010.0,451490.0,322595.0,19396623.0,2074237.0,8141156966.0,15216.0,2773950.0,243003732.0,0.0,0.0,0.0,0.0,0.0,0.0,8141156966.0,-9.0
4523,2021-12-14,Izzy 永,Izzy 永,75144155,RA38,50987543.0,14759477.0,345352388.0,5285270.0,327534.0,13989.0,9132565.0,119.0,5472260534.0,43485.0,3144842.0,93096108.0,19529210.0,-19999950.0,-1000000.0,-1000000.0,-9294686.0,-6489011.0,0.0,50726.0
5528,2021-12-29,Izzy 永,Izzy 永,75144155,Ri38,49388468.0,62316249.0,442978163.0,25547885.0,1343933.0,1019220.0,25700038.0,8705173.0,0.0,45233.0,3841789.0,442978163.0,97625775.0,20262615.0,1016399.0,1005231.0,16567473.0,8705054.0,-5472260534.0,696947.0
2513,2021-12-02,Pooty Slayer,Pooty Slayer,75767119,RR38,82393130.0,3912431.0,321454033.0,267008.0,948343.0,307429.0,2387751.0,1900.0,799569124.0,17731.0,2954159.0,27095313.0,0.0,-2000000.0,-5000000.0,-5000000.0,-20000000.0,-3197936.0,0.0,0.0
3177,2021-12-09,Dèvalish,Devalish,76122309,RR38,53300666.0,0.0,146471215.0,0.0,0.0,0.0,0.0,0.0,213282533.0,51123.0,2002380.0,0.0,513.0,-446750.0,-144818.0,-263959.0,-7315248.0,-3594170.0,69.0,869.0
3433,2021-12-09,Mschief Manage,Mschief Manage,76180743,RP38,40686227.0,4568443.0,188507333.0,3203777.0,12611.0,16299.0,1335756.0,0.0,698848056.0,65138.0,3062289.0,14088733.0,10.0,-30000000.0,-100000.0,-600000.0,-9999999.0,-3290930.0,0.0,0.0
4776,2021-12-14,Prоstoy,Prоstoy,76216620,RA38,52467135.0,6717833.0,491620350.0,965721.0,783835.0,879749.0,4087526.0,1002.0,695303067.0,61324.0,3407179.0,46175110.0,21408126.0,-7998682.0,-2993384.0,-3999895.0,-19102221.0,-10471441.0,0.0,45077.0
6125,2021-12-29,Тuz,Тuz,76218861,#N/A,50056681.0,7025715.0,580698829.0,432725.0,313331.0,88668.0,6190889.0,102.0,319650402.0,46374.0,2980680.0,62978809.0,18506797.0,-8998389.0,-3000000.0,-4999919.0,-38950083.0,-4095652.0,0.0,169043.0
6093,2021-12-29,small big boy,small big boy,76251114,RP38,39118486.0,21222183.0,293641260.0,343193.0,312654.0,278156.0,11392891.0,8895289.0,0.0,0.0,0.0,293641260.0,79395753.0,33608.0,7213.0,2229.0,2137999.0,2899285.0,-3298605877.0,-2951076.0
5301,2021-12-29,Barakjiii,Barakjiii,76297693,Rt38,52447111.0,5295435.0,495672084.0,342554.0,12110.0,227531.0,4712023.0,1217.0,2789973019.0,46104.0,5099724.0,48147424.0,140451649.0,-29837003.0,-580987.0,-930844.0,-15575170.0,-7023428.0,0.0,1114149.0
3891,2021-12-09,ᴮᴰNIMROD,ᴮDNIMROD,76490131,RP38,39979017.0,18271994.0,141916468.0,5218263.0,1005693.0,977185.0,8646437.0,2424416.0,197593922.0,79131.0,1878489.0,141916468.0,0.0,0.0,0.0,0.0,0.0,0.0,-600000000.0,0.0
2002,2021-12-02,A i n gˢᶠ,A i n gsᶠ,76585321,Rw38,33026033.0,1994045.0,8663688.0,244993.0,865158.0,333001.0,546549.0,4344.0,0.0,0.0,182225.0,8663688.0,705130.0,0.0,0.0,0.0,70513.0,0.0,-388583723.0,-1.0
5836,2021-12-29,SAAD EVIL,SAAD EVIL,76760949,#N/A,31408465.0,53705658.0,436426904.0,5086410.0,6049555.0,7878973.0,30201978.0,4488742.0,0.0,0.0,3429527.0,436426904.0,21398645.0,543.0,2391.0,41.0,465149.0,837105.0,-1536121587.0,346802.0
2525,2021-12-02,Queen Risk人,Queen Risk人,76869735,RK38,44452719.0,24485445.0,222683541.0,2531429.0,1865210.0,1714704.0,15589402.0,2784700.0,0.0,0.0,0.0,222683541.0,0.0,0.0,0.0,0.0,0.0,0.0,-984164307.0,-2681891.0
4335,2021-12-14,BunnyOfImpurity,BunnyOfImpurity,7696305,RM38,31458913.0,2542092.0,28295284.0,70657.0,134145.0,1912791.0,422480.0,2019.0,4076916973.0,22971.0,1678353.0,12198765.0,0.0,-128747.0,63488.0,1778646.0,-1490311.0,-420461.0,490000000.0,0.0
5336,2021-12-29,BunnyOfImpurity,BunnyOfImpurity,7696305,#N/A,31399967.0,3307729.0,35711882.0,225162.0,73150.0,138735.0,2244803.0,625879.0,4341916973.0,23470.0,1819712.0,35711882.0,7416598.0,154505.0,-60995.0,-1774056.0,1822323.0,623860.0,265000000.0,141359.0
4300,2021-12-14,BankOfRisk人,BankOfRisk人,77645158,Ri38,30218766.0,1383189.0,11842944.0,109212.0,114836.0,7300.0,1147459.0,4382.0,0.0,0.0,0.0,11842944.0,1578760.0,0.0,0.0,0.0,157876.0,0.0,-1129127340.0,-252691.0
5136,2021-12-14,ᴷᴳ김사나,Kᴳ김사나,77683403,Ri38,36782328.0,4973420.0,25437087.0,1266906.0,1455646.0,418356.0,1605125.0,227387.0,0.0,26342.0,908478.0,25437087.0,0.0,0.0,0.0,0.0,0.0,0.0,-1821777813.0,0.0
5682,2021-12-29,MrBANvn1st,MrBANvn1st,78823033,RP38,37994655.0,0.0,53901116.0,0.0,0.0,0.0,0.0,0.0,570749545.0,24009.0,1433034.0,0.0,14122364.0,-122971.0,-592156.0,-645809.0,-3151555.0,-223553.0,0.0,382713.0
2618,2021-12-02,Slayer X Beno,Slayer X Beno,79083099,RX38,33924034.0,13338597.0,142896857.0,477667.0,1123024.0,705584.0,8291350.0,2740972.0,0.0,0.0,0.0,142896857.0,219680.0,0.0,0.0,0.0,21968.0,0.0,-855479597.0,-2685912.0
2326,2021-12-02,LEe sUn,LEe sUn,79282837,Rw38,39884999.0,40898538.0,307234732.0,13675553.0,2041073.0,2478279.0,16356830.0,6346803.0,0.0,24487.0,2805558.0,307234732.0,1469130.0,0.0,0.0,0.0,146913.0,0.0,-5839129962.0,0.0
5325,2021-12-29,BoUnCeR61,BoUnCeR61,79935816,Rw38,26866544.0,3961363.0,35370660.0,612730.0,197247.0,163900.0,2555170.0,432316.0,0.0,0.0,0.0,35370660.0,5629270.0,6920.0,0.0,24.0,173163.0,194808.0,-453222545.0,-706569.0
4882,2021-12-14,Slayer X Ch0N,Slayer X Ch0N,80394569,RX38,43235799.0,18846050.0,146974386.0,4329132.0,1322996.0,1301607.0,9959016.0,1933299.0,167182373.0,41691.0,1381073.0,146974386.0,20645860.0,6450.0,5412.0,1444.0,307019.0,877889.0,-600000000.0,146373.0
2277,2021-12-02,Imperator Venum,Imperator Venum,81744680,RP38,42780246.0,14306423.0,123562351.0,1257176.0,2164181.0,1024261.0,8233059.0,1627746.0,0.0,65463.0,1657884.0,123562351.0,2831270.0,0.0,0.0,0.0,283127.0,0.0,-1609966382.0,0.0
3144,2021-12-09,D1sasterx87,D1sasterx87,82887206,RPnJ,27198419.0,0.0,12071221.0,0.0,0.0,0.0,0.0,0.0,20511353.0,16416.0,1141858.0,0.0,0.0,-250277.0,-1067460.0,-392194.0,-720391.0,-55678.0,0.0,0.0
4380,2021-12-14,D1sasterx87,D1sasterx87,82887206,RPnJ,27198419.0,2486000.0,12071221.0,250277.0,1067460.0,392194.0,720391.0,55678.0,0.0,0.0,0.0,12071221.0,0.0,250277.0,1067460.0,392194.0,720391.0,55678.0,-20511353.0,-1141858.0
5162,2021-12-14,やinҜPคnther,やinҜPคnther,83526855,RK38,55857101.0,43283339.0,347090541.0,8821545.0,2935607.0,3834697.0,22971357.0,4720133.0,0.0,68017.0,2332566.0,347090541.0,19771620.0,38196.0,0.0,0.0,491474.0,742462.0,-4286893625.0,0.0
3414,2021-12-09,Mikhæl,MikhAEl,83529205,Ri38,32808854.0,3944180.0,30021652.0,493762.0,472143.0,540471.0,2193935.0,243869.0,0.0,0.0,0.0,30021652.0,0.0,0.0,0.0,0.0,0.0,0.0,-202831884.0,-540272.0
5933,2021-12-29,SlayerˣSophieM,SlayerˣSophieM,84084376,RX38,32544263.0,4485137.0,44599398.0,523450.0,176243.0,584388.0,2341645.0,859411.0,399454185.0,21200.0,1836134.0,43399398.0,1516413.0,73.0,-599949.0,104.0,88150.0,31719.0,0.0,36449.0
3553,2021-12-09,RagnaRöK,RagnaRoK,84452211,Ri38,28610987.0,2692460.0,28627652.0,95144.0,140566.0,148198.0,1843634.0,464918.0,0.0,0.0,0.0,28627652.0,0.0,0.0,0.0,0.0,0.0,0.0,-152538586.0,-1365934.0
3359,2021-12-09,Lil ARES,Lil ARES,84468452,Rw38,32341495.0,0.0,100360032.0,0.0,0.0,0.0,0.0,0.0,981700357.0,44432.0,1302302.0,0.0,0.0,-2498342.0,-3531285.0,-3501056.0,-6072983.0,-903187.0,0.0,0.0
3894,2021-12-09,ᴰᴴLil Crony,DᴴLil Crony,84468847,Rw38,33769210.0,2253073.0,150835086.0,285563.0,689934.0,959289.0,318287.0,0.0,1190820946.0,43250.0,1179667.0,8457006.0,798990.0,-2000000.0,-3000000.0,-3000000.0,-8920101.0,-1698904.0,0.0,0.0
2001,2021-12-02,511 pirate,511 pirate,84483508,Rt38,27067975.0,0.0,32690907.0,0.0,0.0,0.0,0.0,0.0,410157552.0,9711.0,577010.0,0.0,380870.0,-384579.0,-479246.0,-288300.0,-2072891.0,-469626.0,0.0,0.0
5075,2021-12-14,popie the great,popie the great,84496079,Ri38,26802850.0,822162.0,6908264.0,91542.0,106522.0,145908.0,347052.0,131138.0,12000000.0,14858.0,1594719.0,6908264.0,71860.0,0.0,0.0,0.0,0.0,3593.0,-600.0,0.0
3859,2021-12-09,vëdgë,vedge,84981994,#N/A,28285497.0,1228537.0,23583385.0,98199.0,398869.0,209522.0,514902.0,7045.0,137794064.0,14895.0,1052588.0,6945385.0,0.0,-100000.0,-1000000.0,-1000000.0,-1000000.0,-30900.0,0.0,0.0
4518,2021-12-14,IronLemonちゃん,IronLemonちゃん,84998606,RP38,26861681.0,7640223.0,34508815.0,625858.0,1681495.0,3911721.0,1304921.0,116228.0,0.0,0.0,0.0,34508815.0,1005360.0,0.0,0.0,0.0,25380.0,37578.0,-372151115.0,-948955.0
4698,2021-12-14,Nuạnoi,Nuanoi,85229521,DK38,32688714.0,11262956.0,52433790.0,5167392.0,1145084.0,909541.0,3534680.0,506259.0,0.0,34433.0,0.0,52433790.0,0.0,0.0,0.0,0.0,0.0,0.0,-7009293505.0,-2008069.0
5006,2021-12-14,WeFiSt0ᶤᶺ,WeFiSt0Iᶺ,85448673,Rg38,29729745.0,900160.0,8233039.0,65719.0,32258.0,99380.0,629820.0,72983.0,2004745953.0,10155.0,107308.0,8233039.0,895328.0,0.0,4879.0,0.0,53905.0,17326.0,0.0,-500.0
2701,2021-12-02,The REAL Całî,The REAL Cali,85689750,RA38,92258960.0,51385612.0,1856148730.0,6495584.0,4940265.0,6005766.0,33943922.0,75.0,2302405582.0,36333.0,6651084.0,374643430.0,767820.0,-10000000.0,-10000000.0,-10000000.0,-100000000.0,-20936874.0,0.0,0.0
2821,2021-12-02,oCcr16,oCcr16,85779450,RX38,26260637.0,27506991.0,160950729.0,6785479.0,4727301.0,3338798.0,11632442.0,1022971.0,363617307.0,0.0,887027.0,160950729.0,891380.0,0.0,0.0,0.0,89138.0,0.0,-70.0,0.0
5780,2021-12-29,Princeツ,Princeツ,85918614,RK38,35816479.0,18597939.0,87569940.0,10194603.0,714718.0,663231.0,5905908.0,1119479.0,0.0,0.0,0.0,87569940.0,6795814.0,13283.0,2683.0,52508.0,305724.0,176026.0,-810675648.0,-784177.0
4953,2021-12-14,Sułtąnąツ,Sultanaツ,86108244,RK38,34850768.0,17976614.0,60489442.0,12737490.0,158475.0,401276.0,3756757.0,922616.0,0.0,0.0,0.0,60489442.0,2612810.0,0.0,0.0,0.0,15681.0,122800.0,-904313485.0,-524865.0
2170,2021-12-02,Duckinpirates,Duckinpirates,87481833,Rt38,26471712.0,687523.0,4215904.0,116320.0,98558.0,121821.0,350824.0,0.0,0.0,0.0,0.0,4215904.0,168181.0,1.0,0.0,0.0,16818.0,0.0,-238328248.0,-175187.0
4172,2021-12-09,SlayerˣTjoho,SlayerˣTjoho,90084857,RX38,31316622.0,3260269.0,30498787.0,220915.0,199218.0,250637.0,2273636.0,315863.0,0.0,0.0,0.0,30498787.0,0.0,0.0,0.0,0.0,0.0,0.0,-92685249.0,-987488.0
3702,2021-12-09,Sudirman OG,Sudirman OG,90562328,Ri38,27691291.0,2847782.0,142679508.0,24730.0,734746.0,267985.0,1820321.0,0.0,1140262481.0,13783.0,650653.0,20749588.0,0.0,-3000000.0,-1000000.0,-3000000.0,-10000000.0,-366496.0,0.0,0.0
4560,2021-12-14,Koruoa MINI,Koruoa MINI,91218417,Ri38,27578000.0,3911218.0,154848205.0,402708.0,900247.0,574060.0,2034197.0,6.0,0.0,36119.0,956067.0,24519365.0,3029630.0,-5000000.0,-5000000.0,-2000000.0,-9963445.0,-433238.0,-8580713169.0,0.0
2228,2021-12-02,GerNbET,GerNbET,91438459,RP38,25074056.0,0.0,27879188.0,0.0,0.0,0.0,0.0,0.0,1104419413.0,13581.0,626112.0,0.0,561.0,-236769.0,-866475.0,-876696.0,-1951732.0,-153711.0,470000000.0,0.0
5056,2021-12-14,lorde edge,lorde edge,91456190,#N/A,25859320.0,6093347.0,18732180.0,1878513.0,2029798.0,1325638.0,819363.0,40035.0,0.0,0.0,0.0,18732180.0,0.0,0.0,0.0,0.0,0.0,0.0,-14307285.0,-1111093.0
5984,2021-12-29,Trooper Farmer,Trooper Farmer,95636110,Rt38,39619943.0,5793864.0,129989689.0,4634185.0,664448.0,495214.0,0.0,17.0,449531.0,56106.0,562800.0,4236929.0,13568589.0,-9771437.0,-939362.0,-2000000.0,-9226552.0,-404282.0,0.0,23845.0
3297,2021-12-09,Just Morenth,Just Morenth,95676642,RR38,34808201.0,17010975.0,100898718.0,4109650.0,2105476.0,2811199.0,7507196.0,477454.0,0.0,0.0,0.0,100898718.0,0.0,0.0,0.0,0.0,0.0,0.0,-176657560.0,-491483.0
3382,2021-12-09,M3llow Poro,M3llow Poro,96055460,Ri38,34816100.0,6271804.0,41936174.0,370592.0,1461624.0,1076047.0,3263620.0,99921.0,136119783.0,17153.0,322843.0,41936174.0,10.0,1.0,0.0,0.0,1.0,0.0,-5.0,0.0
6145,2021-12-29,ᴺᴼMęrcy,ᴺᴼMercy,96095459,F38R,26974107.0,18778334.0,68009006.0,4627094.0,5463002.0,5156676.0,3510036.0,21526.0,0.0,13903.0,722641.0,68009006.0,6298578.0,0.0,92.0,13636.0,624385.0,0.0,-3392754907.0,177733.0
4317,2021-12-14,Bl4cK Wid0W,Bl4cK Wid0W,96241549,Rw38,25136270.0,3735649.0,13605408.0,2310591.0,158684.0,158943.0,995847.0,111584.0,0.0,0.0,0.0,13605408.0,0.0,2000000.0,100000.0,100000.0,900000.0,100060.0,-4.0,-175242.0
2991,2021-12-02,驃騎Amethy,驃騎Amethy,96291019,RR38,31353057.0,3614000.0,167544397.0,300228.0,500364.0,433946.0,2379462.0,0.0,170888760.0,27781.0,563339.0,26591177.0,156080.0,-5999999.0,-4000000.0,-6000000.0,-9984392.0,-387661.0,0.0,0.0
4779,2021-12-14,QasehManje,QasehManje,96294305,RA38,27135201.0,4402449.0,34807609.0,532449.0,436631.0,721902.0,2328909.0,382558.0,74511287.0,44396.0,131833.0,34807609.0,2297110.0,0.0,0.0,0.0,44625.0,92543.0,0.0,-50.0
2954,2021-12-02,义Kakaroto义,义Kakaroto义,96502129,RR38,106157495.0,133355820.0,1297087003.0,2932855.0,3384116.0,9170585.0,110431542.0,7436722.0,0.0,15589.0,3827725.0,1297087003.0,124000.0,0.0,0.0,0.0,10000.0,1200.0,-2696859235.0,0.0
2715,2021-12-02,Trooper Aomlove,Trooper Aomlove,96616712,RR38,27548770.0,5592706.0,35429290.0,701134.0,1033551.0,1041078.0,2728121.0,88822.0,13390683.0,11361.0,0.0,35429290.0,10.0,0.0,0.0,0.0,1.0,0.0,0.0,-323151.0
5158,2021-12-14,Ᵽinkie,Pinkie,97560016,RR38,31133342.0,7367847.0,54156845.0,761096.0,1087069.0,1540707.0,3391184.0,587791.0,0.0,0.0,703305.0,54156845.0,2265820.0,0.0,0.0,0.0,24154.0,101214.0,-14750718.0,-1.0
4678,2021-12-14,Murdøc,Murdoc,97560095,RR38,38972864.0,16449765.0,112289076.0,1767632.0,2500533.0,3852146.0,7506318.0,823136.0,0.0,0.0,0.0,112289076.0,10178230.0,49.0,346.0,382.0,196706.0,410447.0,-193978504.0,-777213.0
2369,2021-12-02,M3LLOW SQUIRREL,M3LLOW SQUIRREL,97642297,Ri38,28857678.0,2309683.0,20810583.0,199178.0,377428.0,1578235.0,154842.0,0.0,322909904.0,4487.0,289607.0,8656051.0,26200.0,82553.0,178250.0,1200807.0,-1420773.0,-154842.0,0.0,0.0
3375,2021-12-09,M3LLOW SQUIRREL,M3LLOW SQUIRREL,97642297,Ri38,29479543.0,0.0,20810583.0,0.0,0.0,0.0,0.0,0.0,347909904.0,4603.0,289607.0,0.0,0.0,-199178.0,-377428.0,-1578235.0,-154842.0,0.0,25000000.0,0.0
6186,2021-12-29,乄Daver乄,乄Daver乄,9775721,RK38,49595784.0,0.0,35598212.0,0.0,0.0,0.0,0.0,0.0,3776141476.0,11479.0,3559491.0,0.0,4252396.0,-33344.0,-7950.0,-42942.0,-1697272.0,-708938.0,0.0,42759.0
2225,2021-12-02,GIYU T0MI0KA,GIYU T0MI0KA,97830892,RP38,41655322.0,0.0,57750963.0,0.0,0.0,0.0,0.0,0.0,291021058.0,6487.0,839353.0,0.0,0.0,-990066.0,-7823000.0,-2639710.0,-2639169.0,-247821.0,0.0,0.0
