,Governor ID,Name,Ranking,PreKVK Power,KVK Contrib,Scaler_Down,Scaled Score
304,63575767,Bye Tuga,484,49531097.0,4724369.0,1.0,4724369.0
305,68543872,DHAFIR OG,111,49516542.0,19578161.0,1.000268753222806,19583422.693865366
306,76122309,Dèvalish,167,49337841.0,15663275.104,1.003585963239234,15719443.032728955
307,57177740,Z theFvcker,289,49295934.0,9663131.0,1.0043686031133803,9705345.384171601
308,77544243,Slayer X ORHAN,721,49163452.0,1056877.0,1.0068546869122514,1064121.5609397595
309,61834122,RV EMONᴮᴰ,493,48872390.0,4428668.0,1.0123807410844745,4483498.191857098
310,9775721,乄Daver乄,724,48820406.0,1023879.0,1.0133770778735738,1037575.5091161168
311,80449273,ʟaᴜʀa OG,229,48753874.0,12102536.0,1.0146564289095061,12279915.95850874
312,63720400,Guam81,557,48734712.0,3409231.0,1.0150257710768722,3460457.324554176
313,63595204,Portelá,129,48598304.0,18124532.0,1.017666347634072,18444726.28301686
314,63858590,AngelOfImpurity,342,48413642.0,8196676.0,1.021272974850843,8371043.682408508
315,83310067,SlayerˣSiDji,270,48349173.0,10543971.004,1.0225408469448771,10781641.040592387
316,67116818,Novalk ALL,477,48251222.0,4851377.0,1.024475903349756,4970118.834565229
317,68605432,PREDATOŔ,490,48100244.0,4455288.0,1.027479256968445,4577716.00382043
319,81772415,Sytore亗,106,47904561.0,20141340.0,1.0314097006029024,20773973.459141262
320,49174922,Slayer X Kvothe,115,47759566.0,19038263.004,1.0343498559750253,19692224.596202053
321,37726163,Dave D,282,47702333.0,9996402.0,1.0355169819026724,10351444.028925838
322,63733625,toops405,403,47615790.0,6497589.0,1.0372889282666282,6739877.130127032
323,34358347,ヅIsmail 义,725,47518568.0,1020985.0,1.0392897958224618,1061099.2921877962
324,73925214,KhaLᴇᴇsí,436,47360581.0,5887116.416,1.0425645883865087,6137699.103030498
325,63886129,nail1ÿ,51,47304784.0,27381757.508,1.043728120124012,28579110.289516393
326,63896422,ABØ AŁ HASSAN,316,47038211.0,8938727.0,1.0493376182566014,9379742.500425976
327,52435883,1P FOX,319,46938230.0,8721555.0,1.0514633308431156,9170395.27043143
328,62074305,FaustPicaro,589,46919035.0,2942912.0,1.0518728120995637,3095569.1212015515
329,56316995,Wings of Lib,310,46873938.0,9090830.0,1.0528365998620197,9571158.547123645
330,17502418,PIRATE  BIICHO,656,46758287.0,1935176.0,1.055319473482924,2042228.9174167912
331,35224446,PR㋛LETAR,260,46721566.0,10933217.0,1.0561112241040156,11546693.189264834
332,31352114,SALLOUM44,119,46720983.0,18682891.188,1.0561238075704753,19731446.17789544
333,67074469,Bamboo ALL,469,46630179.0,5024027.244,1.0580887935782108,5315866.925508023
334,65750039,Seed420,551,46505957.0,3493703.0,1.060793349375419,3706096.9070929494
335,57922872,ÆTERNALS,582,46498772.0,3004286.588,1.0609503637560236,3187398.948365943
336,70130949,ᴰᴰBlackHawk,457,46419501.0,5190711.004,1.0626869301820556,5516100.742302976
337,67195299,Pir8IrenêAdler,346,46375215.0,8102412.0,1.0636604943788204,8618215.553580888
338,79819300,メDorukメ,366,46364451.0,7480399.0,1.0638974951953537,7958377.759161829
339,61932165,XNXX IND jowo,421,46361494.0,6171169.0,1.063962627511709,6565893.184058805
340,76218406,xpad,634,46352904.0,2202353.0,1.0641518970158423,2343638.122848531
341,69199791,Slayer x badboy,631,46327905.0,2263535.0,1.0647032428153125,2409993.0547259585
342,56267611,MatYaki,388,46255487.0,6937218.0,1.0663048246524995,7397189.023066164
343,56084361,Seon deok,515,46208669.0,4117926.0,1.0673437536600952,4395242.594134501
345,56223472,Wings of Yolo,164,46035019.0,15896144.784000002,1.071221426799795,17028290.896132603
346,68715283,Fatima Az zahra,529,46018577.0,3908664.0,1.0715905725687076,4188487.493738695
347,69366835,SMOKYR,284,46017599.0,9980066.0,1.0716125409192383,10694763.884801699
348,15800654,Gaia Kight Chao,233,45996308.0,12054624.0,1.0720910938969035,12923655.030675866
350,41925878,n y a,201,45835951.0,13528747.0,1.07571411336798,14553064.08408472
351,67133364,Pirate Jmcdo4,199,45818249.0,13593374.2,1.076116096577811,14628048.783425523
352,63897345,SonStrike,166,45812331.0,15688730.0,1.0762505751550882,16885004.685952887
353,97102262,Small SupDup,710,45680633.0,1246136.0,1.0792550174545263,1344898.5304307137
354,43133759,SEMRUK,760,45657499.0,616987.824,1.0797851131856055,666214.2673719805
355,67999885,Bubuhan Paculer,75,45588349.0,23502126.0,1.081373810390961,25414583.54490847
356,96558455,ßRÈÈŽŸ,485,45473381.0,4668150.0,1.0840291042430792,5060410.46297233
357,73802284,Slayer乂Tweety,612,45387887.0,2586909.0,1.086015026014941,2809422.044933285
358,71318742,JustFocusTheKVK,696,45331667.0,1410112.0,1.0873262584013987,1533251.8048869132
359,23041197,DaBanker jr,737,45288574.0,842233.0,1.0883341907928834,916630.9705140626
361,65429385,Slayer X Safred,594,45220478.0,2817661.0,1.0899320219332633,3071058.9508525007
362,16353531,ItsAki II,349,45200182.0,7934790.0,1.0904094638241988,8652170.109457614
363,75398017,火SmileDance,279,45187762.0,10243230.0,1.0907019055219007,11172310.4796991
364,75397619,火Karamag火,308,45162857.0,9126345.0,1.0912889478749015,9959479.432993367
365,59692706,MikeScofield OG,405,45153630.0,6376568.0,1.0915066530772188,6960066.395799295
366,14739629,ItsAki III,787,45126392.0,375772.0,1.0921499894938114,410399.3858520685
370,34869648,Funtôme Sakura,635,44958529.0,2201504.0,1.096137054465937,2413150.1099549783
371,58195110,Zenxer,619,44887785.0,2491098.0,1.0978289185214183,2734799.423270868
372,77946659,SabdopaloN,202,44884868.0,13472872.0,1.097898827391354,14791850.370393805
373,67174967,C㋛㋛per,210,44788363.0,13142735.0,1.100218298755744,14459877.542697573
375,63601569,Slayer X Dwardo,427,44751803.0,6107987.0,1.101100380675359,6725506.810860144
377,72346203,Mrpoppoybutthol,736,44730550.0,845439.0,1.101614005756283,931347.4434125862
378,61838834,Kiĺĺer wolf,265,44612353.0,10835312.0,1.104482003636602,11967407.107787719
379,38390141,Irélia Rx,666,44595797.0,1851446.0,1.1048852909220357,2045635.4523364394
381,78024889,ᴿᴿVARTHAN,218,44285730.0,12495018.0,1.1125098761394832,13900830.927540613
382,21494429,eagle tr,677,44242925.0,1687434.0,1.1135732332943054,1879081.3353507428
383,54128420,Rack7,253,44235356.0,11226192.0,1.1137615357855073,12503300.842942975
384,76158410,RJMB,514,43981825.0,4136544.0,1.1201168409159294,4633412.597589742
385,75908772,XeLLin,242,43975307.0,11713883.0,1.1202814633097884,13122845.988279654
386,76373142,Rules OG,150,43956121.0,16661440.0,1.1207663974875737,18673582.08575536
387,62166694,DRIFTERS187,247,43903399.0,11391521.0,1.1221017513134748,12782445.664224226
388,76195639,IJOMI OG,176,43874500.0,14950471.0,1.1228354467436676,16786918.784313247
389,55565597,goeland27,299,43809307.0,9359002.0,1.1244951118367932,10524152.00067077
391,97465809,M3llow Row,522,43779282.0,3997288.6360000004,1.1252615960161778,4497995.3902826905
392,69851361,Dod OG,207,43735511.0,13255278.0,1.126381389093535,14930498.446460975
393,57418518,M3llow Goolins,487,43691553.0,4605534.0,1.1275088369031012,5192780.283657688
394,60811314,fæ relax 8J,206,43565850.0,13308005.624000002,1.1307488555305505,15048012.128732132
395,59151829,Yura09 OG,429,43430872.0,6018382.0,1.1342544330974667,6826376.463573998
396,76869735,Queen Risk人,232,43399301.0,12070259.0,1.135078363264626,13700689.829900121
397,63627672,XyouX,312,43381199.0,9028638.0,1.1355514678519159,10252483.133603586
398,68599021,No Zig For You,192,43174364.0,13914300.0,1.140992803771004,15876116.16951088
399,16272006,Pirateᴀᴄᴇ,382,43161046.0,7080139.0,1.1413454240755554,8080884.249468879
400,79884545,PirateBootstrap,481,43119832.0,4754159.0,1.1424383848275679,5431333.729173445
401,53938211,Slayer GX,545,43087558.0,3612529.0,1.1432961027757806,4130190.326864488
402,76025975,SlayerXNoble,541,43060924.0,3667847.72,1.1440051502470254,4196036.68200181
403,59967543,自由ㅅ 自在,480,42999146.0,4762023.0,1.145654051990197,5455630.9456205135
404,63951987,R4j44,384,42982810.0,7045641.0,1.146091068508627,8074946.222018191
405,63871718,Hhh2,318,42954568.0,8767285.0,1.1468475765309805,10054739.555006417
406,61954227,Lazy Dark,373,42939306.0,7251379.0,1.147256914356758,8319194.696371393
407,45486740,Slayer X NOBITA,636,42849087.0,2170909.0,1.1496841317236015,2495859.628715952
408,39976329,kokoroo OG,642,42718898.0,2118321.0,1.1532093544874715,2442867.5930072553
410,79756107,Heo Bé Ba,676,42609892.0,1695108.0,1.156181736266962,1959852.9106000173
411,69541181,Sir Brraapp,145,42563252.0,16928236.0,1.1574593308586774,19593744.713177774
412,69765624,Skaylerr IND,298,42534387.0,9392260.996,1.1582517726735513,10878602.948029654
413,83619899,Driscie,250,42430076.0,11304080.44,1.1611266740627528,13125469.32463502
414,52710496,Zea OG,372,42392791.0,7278445.0,1.1621585577700446,8458707.144008592
415,46131252,SlayerX MUSTAFA,155,42377792.0,16353306.0,1.1625743011399015,19011933.294276956
416,83714282,Slayer Xenicus,563,42348774.0,3286365.0,1.1633796642868623,3823290.2104240945
417,62017843,尺V AsiF,646,42283760.0,2060109.0,1.1651890475289752,2400416.44351587
418,67147404,JealousSs,456,42172968.0,5212390.0,1.1682884334579877,6089574.94767208
419,63900101,A7X fold,327,42098033.0,8529873.0,1.1703962000298334,9983330.945937075
420,51415089,lord Sitrix,530,42067100.0,3908327.0,1.1712689938883667,4577702.233076738
421,79774474,NjörD,562,42028737.0,3310513.0,1.1723536387091507,3881091.9615439465
422,38895906,Pro RoK,632,42010685.0,2238382.0,1.1728648743460788,2625319.6231685244
423,73670637,Y Amlak K,657,41879367.0,1928852.0,1.1766002178943096,2269487.683485875
424,62241563,Slayer X Nemo,475,41879089.0,4927938.0,1.176608156290277,5798252.044492795
425,58615587,Bangᴿⱽ,652,41794378.0,1973072.0,1.1790331771799325,2326317.348964764
426,84507550,Wenskiee,177,41741917.0,14869555.0,1.1805410589626537,17554120.206003424
427,81744680,Imperator Venum,350,41717699.0,7924242.544,1.181238729555707,9360422.195365842
428,75888646,BokuToヅ,59,41677619.0,25793914.0,1.1823955425968125,30498608.93972552
429,63559810,Blackshadow26,266,41608360.0,10791227.0,1.1844009942749825,12781139.988247037
430,62679050,LegendKitoki OG,104,41568273.0,20273561.444000002,1.1855654960731807,24035634.930525973
431,29137686,viddik,701,41567874.0,1361228.0,1.185577100619756,1613840.7455224292
432,58359807,RC STING,538,41552753.0,3714248.0,1.1860170824050154,4405161.576288664
433,80187532,AtticusWiggleBs,455,41408666.0,5256723.0,1.1902294005159728,6256706.264968527
435,60297432,CYBele,581,41382321.0,3018691.0,1.1910034680130297,3595271.4498597207
436,9322230,ᴹᴰjrwn,498,41344656.0,4310828.0,1.1921122337532566,5138990.796406084
437,5716022,ɴooᴅʟᴇ,601,41297249.0,2720471.0,1.1935112924066507,3246912.8591648135
438,63686087,bArBaBiAnCa,474,41264770.0,4949535.0,1.1944720664709565,5912081.299520326
440,12529038,Wiggly lou,767,41234862.0,538300.0,1.1953584196591138,643461.4373025009
441,68627238,G҉a҉r҉i҉p҉,663,41153229.0,1884840.0,1.1977856876108068,2257634.375436353
442,62687626,Callysta34,317,41100411.0,8846554.6,1.1993624290949298,10610225.214176925
443,55567655,Parrot Equuleus,637,41094994.0,2162898.0,1.199524418021497,2594448.9646898597
445,63572648,PIRATE BALAZS,511,41074681.0,4161952.3239999996,1.2001323166648974,4994893.484450973
446,23038649,Byxoy Batya,776,41072585.0,456504.0,1.2001950843759965,547893.8567979799
448,70015615,ICHIGO OG,189,41005804.0,14125848.008,1.202199018087894,16982080.604876433
449,40541417,vɪcᴛoʀɪᴀ,422,40841917.0,6171162.0,1.2071505756861254,7449521.76095234
450,84895741,LUKMANHAKIM,393,40825403.0,6714402.0,1.2076521879124873,8108662.265823981
451,57403982,SlayerˣDASH,494,40731219.0,4414033.0,1.2105224255982643,5343285.933830784
452,64905605,SlayerXARGOBEL,460,40693195.0,5181726.0,1.211685746634466,6278623.537165225
454,55846661,Melo 06,479,40654483.0,4791346.0,1.212872813683632,5811293.304351815
456,69765691,Queen Terrible,420,40641955.0,6172479.0,1.213257556948725,7488806.791857309
459,62756828,BDGㅊHridxᴿⱽ,408,40464484.0,6327968.0,1.2187386325500689,7712139.067140594
460,71363203,PIRATE x MAUNG,649,40408406.0,2007618.836,1.220482599378399,2450263.8555223155
461,61069638,Edd Teague 37,509,40403197.0,4180419.0,1.2206448886356274,5102807.084705261
462,42028782,PirateカEitschiカ,296,40385311.0,9524900.0,1.221202518927819,11631831.872535584
463,61498739,Playdz,283,40364647.0,9993978.0,1.2218474962971255,12211116.997348554
464,67980415,Erwinlim,211,40284717.0,13110582.0,1.2243497839753141,16051938.239490641
465,83571282,SlayerₓFiSt0,496,40269289.0,4328848.0,1.2248341417871318,5302120.825006942
466,80394569,Slayer X Ch0N,126,40250029.0,18186026.0,1.2254394273869562,22285873.2878843
467,53803289,ᵀᴴᴱWIZARD,526,40146395.0,3934346.316,1.228708256655501,4834163.803011353
468,91393098,Míck Dundee,386,40128912.0,7003836.0,1.229261693265445,8609547.300713481
471,67180833,KinG 2020,363,40070930.0,7547494.0,1.2311012753100825,9291729.488795197
472,34601789,FLOPO,702,40068899.0,1353647.004,1.2311658273839452,1666563.9336654586
473,60891605,miss u wim,699,40031764.0,1373564.0,1.2323474786477795,1692708.1321613586
474,37461942,Boemen,744,40024289.0,761065.0,1.2325856518194678,938077.7991019832
475,38997259,サイタマ one punch,732,40021341.0,894415.0,1.232679611962348,1102527.1351333035
477,76923099,daNny,132,39951322.0,17916816.0,1.2349161403691613,22125765.262424435
478,82856645,SpartaCouilles,587,39913071.0,2967695.0,1.2361418823158554,3668492.0834393525
480,63286295,ᶦᶰᵈカラス,564,39855764.0,3262807.0,1.237983494188261,4039301.2107219175
481,70218713,x   Z I O N   x,550,39631171.0,3499054.0,1.2452618197194938,4357238.3513367735
482,23205212,GremlinQUEEN,622,39588791.0,2427215.0,1.246646161195474,3025878.2621460725
483,76490131,ᴮᴰNIMROD,576,39464315.0,3057074.0,1.2507324204406678,3823581.563486234
484,29216170,Slayer X Krawa,243,39445103.0,11566818.035999998,1.2513658084453243,14474320.602759097
485,83068025,乛ᴷᴳ김사나暁,321,39130812.0,8663197.056,1.2618310558649655,10931491.08833874
486,64085623,zaidoun,234,39092395.0,12051104.94,1.2631237579939603,15222036.959792377
487,68694772,nguyennopro,239,38955818.0,11889710.0,1.2677435105621355,15073102.694965728
488,48452348,BOB the FVCKER,609,38852994.0,2620290.0,1.2712464635754037,3331034.3960419944
489,74585022,ᴹᴬᴸer OG,380,38842372.0,7121349.0,1.2716095535615384,9055575.422645908
490,83660407,SlayerˣCous,580,38818309.0,3024606.0,1.2724329460240298,3848608.3231419567
491,63469420,lady talia,447,38774685.0,5489692.016,1.2739286965011678,6993476.194135748
492,76795427,ᴰᴷ mōøvik,261,38579863.0,10916393.0,1.2806563237291102,13980147.727762192
493,72969016,Slayer X Jørg,81,38554558.0,22796732.064,1.281535910829409,29214830.789572235
494,16578265,mustachfarm,606,38535009.0,2682610.0,1.2822163323110791,3439686.355221024
495,76180743,Mschief Manage,275,38444360.0,10392017.0,1.2853818474708971,13357710.01040897
497,51213820,AMNA CASB,755,38374900.0,651621.0,1.2878190405710566,839169.9310359524
499,37421375,Slayer X Zi,559,38099222.0,3362988.0,1.2975921548317912,4363786.845593456
500,68399761,Jurabige,184,38075054.0,14234414.0,1.2984566274063312,18482769.195545465
501,96242448,Gilded Goat,450,38057054.0,5422580.0,1.2991012852675206,7044480.647465952
502,79498103,I M StoneBank,133,38003250.0,17769841.496,1.301032371751155,23119139.02718297
504,44665294,COBIN,453,37905422.0,5333862.0,1.3045594501770497,6958340.078040258
505,80781472,Slayer X KiMi,426,37886361.0,6133431.0,1.3052490724209447,8005655.123507868
506,75075936,Slayer Zain,772,37866075.0,490772.0,1.3059838767574719,640940.319164018
507,62017877,SHAFINᴿⱽ,553,37790904.0,3460114.0,1.3087145044363073,4528301.378803129
509,49964501,황신원 of Roseee,639,37593570.0,2137740.0,1.315941302601392,2813140.3602230996
510,85832280,Pirate Hunter38,640,37590514.0,2136294.0,1.3160538901144334,2811478.0291281235
511,43366078,slayerxoeschapa,537,37580534.0,3724938.96,1.3164217108824765,4903590.518655993
512,42882386,恒纪元之星,585,37533764.0,2978302.0,1.3181483760802073,3925843.9447764335
516,79282837,Bitasuka,798,37400358.0,293826.0,1.3231000295204232,388761.1892738679
517,63115280,Lýnx Farm Boss,694,37383683.0,1451642.0,1.3237217322895882,1921570.0629043225
519,15888946,CallMeTea1,788,37238406.0,340658.0,1.3291643985503923,452790.4856813795
520,76251114,small big boy,187,37219722.0,14146442.252,1.3298678038940255,18812898.09058089
521,61178797,Guan Chau OG,461,37173981.0,5158514.0,1.3315931465510022,6869041.888787397
522,34359083,YONUS,596,37158883.0,2789389.0039999997,1.3321636737280267,3715922.703025201
523,30316476,Big Daddy BaBa,448,37126354.0,5449620.0,1.3333946338622118,7266494.064588186
526,60222813,Mighty Ares OG,726,36998000.0,1010475.0,1.3382751442294802,1352293.5763652842
527,55094256,Tsunade  Dealer,745,36939705.0,755633.0,1.3405040964998096,1012929.1319504406
528,61109803,AdolfфStalin,693,36857650.0,1460493.0,1.3436546714395927,1962398.2420548252
529,81750678,GÃËTØŪ,329,36825334.0,8481061.004,1.3448997044075486,11406176.437341988
530,17647992,Laokiror,262,36691359.0,10906580.0,1.3500869608025583,14724831.444949966
531,49219204,Hoa Queen,688,36673350.0,1546030.0,1.3507873939162587,2088357.8346163535
532,95682829,I Am Tea,98,36628275.0,20691816.004,1.3525438125060605,27986587.70572408
533,50379414,Slayer X Stag,309,36590846.0,9119092.0,1.3540058764691036,12347304.15606239
534,84652781,ᵛⁿDVHⁿᵛ,661,36486792.0,1894182.0,1.3580876128822288,2572465.110744486
535,83556524,Slayer Hispania,613,36453272.0,2534563.0,1.3594078929755193,3445504.947443711
536,96708632,Kuzäッ,285,36438179.0,9949853.0,1.3600032331502585,13531832.249369798
538,66903398,Slayer Prëtty,464,36353435.0,5104919.0,1.3633558791540707,6959821.3312553195
540,81263107,Cimeng OG,204,36300082.0,13327924.0,1.3654753108484428,18198951.16686442
541,46217069,Khaled Ben Wali,718,36247801.0,1165183.0,1.3675586848450867,1593456.1310838526
542,63478483,Pirate Zapp,360,36233217.0,7647150.0,1.3681410056452066,10462379.491319742
543,79819283,SlayerₓGANJA,648,36199949.0,2029015.0,1.369471244140354,2778677.6964294403
544,67130734,Pirate R4J44,355,36198360.0,7733568.0,1.3695348469256403,10591390.86706903
545,56558968,Pirate SamKtr41,413,36183925.0,6277331.0,1.3701129105675287,8600652.247005776
546,71064808,Loard2002 OG,536,36099020.0,3751804.0039999997,1.3735230588185674,5153189.311661828
547,69847791,Simontx OG,528,36091829.0,3915466.0,1.3738126703792908,5379116.80123932
548,86002978,Ali Gátor,524,36076719.0,3971781.0,1.3744216159466363,5458901.660206147
549,96209643,Sheldecks雷龘,272,36027554.0,10481578.0,1.3764067891031173,14426915.119713875
550,66817290,Legend SabaT,325,36019581.0,8577567.0,1.37672926711329,11808987.529525142
551,81744337,DeadZēd,571,35941494.0,3097829.0,1.3798956682845032,4274680.818186115
553,71268595,Slayer X Minato,575,35906750.0,3063204.0,1.3813092458819032,4231232.007222429
554,66408786,Eriegums,401,35847951.0,6506322.0,1.3837081565826557,9002850.820753178
555,86176618,ReindeerGames,344,35787543.0,8140410.044,1.3861814329832847,11284085.259863444
556,74919143,Flintチだ院,568,35702251.0,3152484.0,1.389688635819737,4380971.189403548
557,22020212,Ya ustal pzd,579,35660426.0,3030290.0,1.3914149611190787,4216390.842529533
558,80264477,M3llow Angelヅ,287,35660339.0,9832027.0,1.3914185564971997,13680464.815781493
560,76050609,Pirate D waow,390,35495808.0,6908905.0,1.3982512160233007,9660384.817639463
561,62770125,مصعب المهاجر,729,35461509.0,968299.0,1.3996839818260014,1355312.5999181354
562,71406414,Kraken Paris,361,35454050.0,7638923.0,1.3999959499801045,10694461.26220987
565,69665867,Queen jail,664,35401402.0,1856275.4119999998,1.4022018357254353,2602872.7903183885
566,61086085,Pirate Baio,438,35351778.0,5770880.0,1.4042873102761204,8103973.553126258
568,67663968,Tôn Vủ,739,35300677.0,813784.0,1.4064412531319843,1144539.3887387586
569,66144116,NjörD Farm,761,35290640.0,597974.0,1.4068650837350014,841268.7415813537
570,83201249,F A I T H 善,588,35289922.0,2952251.0,1.4068954122173178,4153508.387613989
572,83307848,SlayerˣAdragar,659,35260140.0,1911648.0,1.408154543573862,2691895.8169138865
573,79444007,CANİK TR,478,35233982.0,4793594.0,1.409262285318412,6755431.235328628
574,66802116,SlayerˣBoy,434,35225232.0,5899670.0,1.4096332129911395,8316370.777687436
575,81742039,乂T E F K A乂,217,35194487.0,12804276.0,1.4109380661498812,18066040.417889334
577,96569933,义Pillow义,356,35155128.0,7687986.0,1.4126119642899857,10860141.00489391
578,78804129,乇mperor卩nus,371,35153377.0,7287880.776000001,1.4126865228287713,10295490.952238088
581,88203498,ᴹʳ ŦǤØ,442,35122314.0,5732654.0,1.414010482505477,8106032.848576952
582,75316554,Sartorial Man,793,35098279.0,317408.0,1.4150365611938815,449143.92481542757
584,31074420,iKingRagnar,459,35069733.0,5181960.0,1.4162571085642097,7338987.686295392
586,65935461,EVillord,472,35066178.0,4980357.0,1.4164092542441575,7054223.744239669
589,66337757,338 Win kvk,476,35022590.0,4923809.0,1.4182773110565505,6983326.588676043
592,83552022,Salao Pablitox,723,34997604.0,1029207.0,1.4193503036402646,1460805.2679586858
595,70504681,OG SN0WMAN,799,34978611.0,287894.0,1.420166990917007,408857.5556830608
596,77846662,Wings of rss,341,34962596.0,8206215.0,1.4208563359287045,11659852.576743174
597,77683403,ᴷᴳ김사나,527,34948712.0,3918828.0,1.4214544808391267,5570435.620237833
598,78823033,MrBANvn1st,392,34938499.0,6758159.0,1.4218947852737411,9609391.0401508
599,66006431,RichCupcake,655,34910523.0,1943910.0,1.423102246827756,2766382.688630943
601,77427239,shark vn,578,34867683.0,3032171.0,1.4249551032463543,4320707.540365602
603,95678089,KAOZ the FVCKER,410,34760337.0,6316595.0,1.4296184317687777,9030320.638018502
604,63495915,Pirate TanteJiN,784,34715982.0,407037.0,1.4315539062425844,582695.4073352629
605,84881332,UmayKhan,777,34678777.0,447750.0,1.4331812749497406,641706.9158587464
608,95629433,LiarsV,518,34485188.0,4100553.0,1.441706525135251,5911794.016762929
609,85880212,N A I F 个,703,34465825.0,1350280.0,1.4425645633393105,1947866.0785858042
610,69972191,August ᴰᴷ,523,34449320.0,3989363.0,1.4432967225536393,5757834.542976754
611,84863879,Chipi2021,672,34440297.0,1739475.0,1.4436972805994799,2511275.3271707804
612,83311677,Slayer x SooKe,603,34417500.0,2690110.9680000003,1.4447102507478324,3886430.8911187747
614,88367615,Lan Thương,743,34386021.0,777547.0,1.446111223082962,1124419.443174488
617,4445859,not ryn,695,34217731.0,1439705.0,1.453644860949069,2092819.7745326795
619,66765325,ツĀV㋛ŤĀŔ,407,34175343.0,6337680.0,1.4555540972464915,9224836.091037145
620,87426831,Jöss īī,358,34168309.0,7662547.0,1.4558713791113271,11155682.868395362
622,73393192,Pirate LoMboK,333,34145067.0,8395092.0,1.4569206797264762,12230983.143006302
623,79837494,ᴾᴿᴼシ F1,674,33986598.0,1714194.936,1.4641130519988623,2509775.1794679547
624,70654401,ʷʷ Hoshi,439,33894508.0,5769788.0,1.468323290831942,8471914.10356265
625,66284657,亗Pirate Lee,534,33873255.0,3772383.0,1.4692981571344137,5542755.389905191
626,85918614,Princeツ,645,33864342.0,2070821.0,1.4697073512248107,3043500.8467707136
627,83563824,ᴾᵁ Dreams,679,33773132.0,1648740.2959999999,1.4739069817811288,2430089.8334182845
628,69584739,Death Z7o55,444,33767191.0,5652703.0,1.474181298485206,8333109.04849122
630,71841266,火 Z E Y Z,741,33752019.0,784549.0,1.4748822718704622,1157117.4115136992
631,61924943,Arif Rh01,257,33743724.0,11011985.044000002,1.47526577655176,16245604.66731303
632,71366499,HarryPoTHeaD420,489,33737912.0,4482103.024,1.4755345940600222,6613498.066053038
633,29028720,BloodhounderSpy,315,33704632.0,8968183.0,1.477075611491009,13246684.388688272
634,78593770,Fatima Azahra,781,33699551.0,428731.0,1.4773111469375966,633369.0853377028
635,96215472,义 LKW 义,499,33693578.0,4303377.0,1.477588120756584,6358618.734337106
636,82308267,M3llow bsunny,417,33667818.0,6192152.004,1.4787837359184683,9156853.67385015
637,95560188,愛麗絲Alíce,330,33617741.0,8466723.0,1.48111310266258,12540174.371914627
638,84468847,ᴰᴴWidoW,763,33603724.0,560084.0,1.4817663239429542,829913.6097792656
639,75712086,PIRATE BARBAROS,389,33586498.0,6930200.0,1.4825698173905373,10274505.348479902
640,79607276,Slayer X Erica,707,33586261.0,1321698.0,1.4825808776585552,1959524.180839557
641,79083099,BENORAN,690,33585708.0,1516581.0,1.4826066855404174,2248493.129763572
642,95678399,裁决Blade,137,33576757.0,17611797.0,1.4830245334129855,26118727.028489217
643,83956095,Kyłe,236,33544909.0,11932226.275999999,1.4845130076535502,17713545.116987478
645,73399169,SlicckRiick,433,33412980.0,5913457.0,1.4907082127717395,8815238.915772533
647,87615855,VR Sage,482,33344932.0,4741504.0,1.4939221428508396,7083437.8160158275
649,60304697,Slayer X Jixco,778,33299077.0,446783.0,1.4960950104774784,668429.8170661592
650,95317724,Scott I武统,306,33270456.0,9144129.0,1.497454145882839,13692913.881537499
651,91606916,Slayer X BTK,780,33079914.0,434604.0,1.5065597234461285,654756.8820485813
652,96055460,M3llow Poro,712,32973301.0,1242987.0,1.5116981349433525,1879021.129658833
654,84623577,Adley H,602,32918202.0,2719353.0,1.5143660560809538,4118095.8777019097
655,67548799,JOSE2,567,32910133.0,3180465.0,1.5147574675302182,4817633.108968495
656,56911574,Ahok OG,379,32905112.0,7153846.0,1.5150011176169622,10838084.685259635
657,70132784,火 FUEGOLEON,387,32887516.0,6944029.0,1.5158555370239177,10526144.808904659
658,86108244,Sułtąnąツ,500,32850578.0,4297912.0,1.517651954852898,6522734.548585729
660,85261054,ᴼˢGrupeFrait,608,32823856.0,2632230.0,1.5189538994465157,3998236.022740102
661,61647508,Oddᵗᵘᵍᵃ,704,32812636.0,1346584.0,1.5195011506737948,2046135.9374789211
662,92000528,G U E V A R Aツ,470,32797585.0,5004799.108,1.520235808018625,7608474.815921273
663,69090210,Slēep,241,32796854.0,11720633.004,1.5202715050732385,17818544.377402153
664,85766430,Berserkerシ,323,32733057.0,8625962.992,1.523392654984083,13140728.664177326
665,83681926,FREEZEDOM,508,32695033.0,4189756.0,1.5252583133299609,6390460.169824083
666,16519446,THUG  القرم,713,32643709.0,1235612.0,1.5277829533432599,1887746.950546372
667,60141103,Talivan MX,376,32584291.0,7237971.0,1.5307149583285742,11079270.477648428
668,84457284,Doctor Magu,521,32541794.0,4000651.0,1.5328180690482485,6132270.140755944
669,85229521,Nuạnoi,751,32473728.0,720750.0,1.5361971343133536,1107214.0845563496
670,76585321,A i n gˢᶠ,583,32430812.0,2991920.0,1.5383343649321937,4602573.353127928
671,80223445,Slayer 乂 Yput,419,32427060.0,6174643.0,1.5385214627744894,9499820.780470261
674,79910580,MetteHit,463,32250552.0,5113422.0,1.5473682422736221,7912346.812143269
676,95677486,baby Robobo,797,32198131.0,300319.0,1.5500126599010204,465498.25200881454
678,15570213,Laffty,423,32176650.0,6154704.076,1.5510985428786601,9546552.52413295
679,81439535,LOKI123,424,32169946.0,6147845.0,1.5514377047565626,9537998.53599911
681,85506145,césar le bon,507,32167687.0,4199963.996,1.5515520185895082,6516462.615997057
682,76112824,Cim Cimeterium,491,32108533.0,4452866.0,1.554550607717187,6922205.546383199
686,61460506,BUNNYメID,618,31972198.0,2491901.0,1.5614996490342126,3891102.536928003
689,65107216,SlayerX Blablaa,754,31865044.0,670754.0,1.5669986928949444,1051070.6412540555
690,78599363,Suepapi,326,31784696.0,8552637.02,1.5711437254320568,13437421.989870925
691,69967186,乂TekasHI乂,354,31739347.0,7746794.116,1.5734914216741485,12189514.087001769
692,6432716,Not RK,757,31697434.0,633884.0,1.5756665137428776,998789.7923973902
695,70189040,SLAYERDanny,467,31543688.0,5053766.0,1.5836887165086444,8003592.190075026
696,63354285,乂JØN GØD乂,374,31520583.0,7240028.016,1.5849002153785978,11474721.961905481
697,95668784,Changé 嫦娥,685,31492268.0,1616608.0,1.5863870110612277,2564565.933177669
698,86151634,I Am Brayan,625,31487692.0,2396314.736,1.5866275113377808,3802058.8859617314
699,67609112,EKSESô,446,31451995.0,5499737.172,1.5885057230335917,8736363.972902581
700,84899781,LUKMAN CAVA,715,31421030.0,1202350.0,1.5901379597053171,1911902.375851688
702,80207342,WaterM3llow,428,31358008.0,6023296.032000001,1.5934686159513451,9597933.19157627
703,84934733,Little Jūles,689,31338553.0,1531481.0,1.5944991329273668,2441945.1265947367
705,55587705,MBDB,670,31269528.0,1747203.0,1.598164244839695,2792317.3630766496
706,83529205,Mikhæl,794,31266780.0,315405.0,1.5983104469512304,504115.10652065283
707,96204648,Trooper Clînt,328,31258747.0,8488218.0,1.598737953935149,13570436.277875502
709,44986862,SAYUR KÖL,416,31104453.0,6194565.0,1.6069859350521256,9954578.82876617
712,56567751,piratepunisher,727,30965478.0,981825.0,1.61447476812571,1585131.6892150252
715,80343055,M3llowSlice,409,30919011.0,6318246.372,1.6169913611837237,10216549.801354405
716,80644934,Pirate Thorine,227,30876781.0,12137084.912,1.6192839971773756,19653387.370384578
717,90147351,ProfZebu,654,30734948.0,1946657.0,1.627022493224767,3167254.7255934454
718,66374084,M3llow Pe㋛rs,375,30734884.0,7238608.0,1.6270259985078581,11777403.40900697
719,75577618,Slayer ˣ The0,683,30692601.0,1621174.0,1.62934448622978,2641450.918119077
720,84118914,ᴳᵂKzadé 왕자,466,30644601.0,5080176.0,1.631982858911496,8290760.152253568
721,56131025,Åmmōnïå,774,30595679.0,468461.0,1.6346789261539956,765783.3244250269
722,85773434,We7ed Evilメ,398,30450631.0,6554276.568,1.6427141350913859,10766802.763551857
724,96291019,紫英 Amethy,338,30406092.0,8296055.0,1.645193984035569,13648619.777228203
725,83318918,Slayer aBo Rwan,711,30399003.0,1244495.0,1.6455892298938233,2047927.5686567137
727,84422173,Cr3epsReborn,525,30376213.0,3946128.06,1.6468608935798252,6498723.983072022
728,84468452,Dr Bruce,411,30337780.0,6307550.0,1.6490089205508103,10401206.216820264
729,83297380,SlayerQueenCali,246,30325987.0,11418406.0,1.6496689138034757,18836589.423387088
730,84084376,SlayerˣSophieM,397,30299672.0,6619302.0,1.6511431194943167,10929414.95315497
731,97560095,Murdøc,314,30264492.0,8997047.38,1.6531171737142203,14873173.536598532
732,62548492,Slayer Almada,753,30252787.0,689292.0,1.6537747925642539,1139933.7343161998
733,96201962,Bobö,113,30240249.0,19263782.0,1.6544796640094699,31871535.570911672
734,76153330,slayerxCROSFIRE,668,30238305.0,1829277.0,1.6545889952815866,3026701.593521715
735,27364120,BokutoTW,758,30224820.0,620172.0,1.6553477063459887,1026600.2977400045
736,28653501,Ru Gaming,647,30209507.0,2033883.0,1.6562099233295542,3368537.207491284
738,62351996,Pirate Nanaメ,492,30195216.0,4450785.0,1.657015225350562,7375018.509761901
739,57087134,Roi René 49,365,30187473.0,7495541.196,1.6574517997476252,12423498.245392669
741,84489261,busdriver01,742,30146054.0,779361.0,1.6597901649568683,1293575.72275095
742,74264682,Spider mansasin,591,30108043.0,2903112.0,1.661940626022011,4824799.774692013
744,87137976,Pirate Drughi,616,30055323.0,2505478.0,1.6649303756653662,4171446.4277613102
747,7696305,BunnyOfImpurity,516,29936520.0,4113910.0,1.671698091221654,6877215.494457674
750,11963714,PIRATE Zebu,686,29831397.0,1584354.0,1.6777216613106105,2658105.024984111
751,83594081,SlayerDmoniak93,599,29825311.0,2748919.0,1.6780714015736262,4612882.359142371
752,53399282,Memorize 150421,782,29808543.0,426473.0,1.6790355701905277,716063.3367258649
755,89893125,ᴍʀ Delaney,595,29555122.0,2814813.0,1.6937097897060527,4767476.334291863
756,95636110,Trooper Farmer,620,29529872.0,2484564.0,1.695182404569909,4211789.175827832
757,96265564,M3llow Quinton,462,29443737.0,5138602.0,1.7002202741553605,8736755.301215284
758,55179400,Slayer X Lexa,542,29425312.0,3634070.0,1.7013007999772274,6182646.198173243
759,89617826,GeasLite,775,29253183.0,456836.0,1.7114443174912257,781849.3762254216
761,68635481,Harald OG,623,29230347.0,2407121.0,1.7127967001249325,4122908.9056014274
763,71224394,ScReamOuS,700,29167579.0,1373272.0,1.7165219565447287,2357251.5403080927
765,83303668,Slayer XTogepik,532,29116167.0,3857382.9960000003,1.719582021265112,6633086.449055354
767,83566332,SlayerMarieJ,364,29040461.0,7537522.0,1.7241024697142664,12995460.295725618
768,77645158,BankOfRisk人,790,28996878.0,334944.0,1.7267126094764285,578352.0282684729
769,96219972,Craneokid,377,28984095.0,7222988.0,1.7274792469394133,12477561.870892419
770,95676642,Just Morenth,208,28977886.0,13253166.564000001,1.7278517968181477,22899507.6611376
772,84472406,Antź,643,28941603.0,2105091.0,1.730031138684505,3641872.9797645034
773,96191862,ExileANt,506,28848891.0,4229847.0,1.7356177611067514,7341397.579964109
774,22967631,Pirate Bellamy,692,28826791.0,1489104.0,1.7369532479843095,2586504.0293864273
775,84061546,Moustfa,740,28795753.0,811763.0,1.7388313135960316,1411518.9236186554
777,15856222,I Am NoTTeA,510,28720535.0,4164245.0,1.743394573751917,7259922.136773552
778,63375965,Pirate Adjie,488,28645866.0,4509076.0,1.7479412153765763,7881599.783665352
779,81531635,LUKMAN ARCHER,789,28539595.0,336346.0,1.7544407626307754,590099.1327478108
780,85371359,Salah Dawod,340,28528127.0,8210548.492000001,1.755144156228488,14410696.205164425
782,95673384,㐅1 cödè ㋛,110,28351749.0,19592565.0,1.7660115885224086,34600696.83887854
783,76760949,SAAD EVIL,339,28253496.0,8230483.884,1.772105417831346,14585285.082209978
785,79394174,CisiliA JR,766,28135955.0,548540.0,1.779433050662155,976090.2056102185
786,85461131,乂DEAD MAN乂,584,28095760.0,2981972.0,1.7819482128505053,5313719.676170247
788,74240206,Harryslad,771,28037203.0,495633.0,1.7856208833147973,885012.6352599629
789,83321029,AlbabtooˣSalyr,770,28036222.0,506272.0,1.7856824972504237,904041.0492479665
795,86883323,Pirates AbuZaki,486,27908207.0,4639459.676,1.7937470526809824,8322017.119857266
797,56668188,Pirate Solo,395,27853668.0,6656147.432,1.7971974589831872,11962411.251407867
798,90084857,SlayerˣTjoho,730,27827649.0,937684.0,1.7988466199373976,1686749.6939693787
801,97642297,M3LLOW SQUIRREL,570,27760690.0,3119409.0,1.803099785356889,5624605.698340348
806,90184186,D U N K E R,552,27586665.0,3487310.0,1.8142148337981518,6326729.532052633
807,95674238,VoidPsycho,324,27514050.0,8608694.0,1.8188788082453249,15658171.08326868
811,95677291,亗 Mezy,396,27438037.0,6641045.0,1.8237773821040124,12111787.664534941
813,96547985,〤Amskit〤,381,27428087.0,7096349.0,1.8244198340849744,12946719.865189074
816,85448673,WeFiSt0ᶤᶺ,615,27367951.0,2516927.0,1.8283087719227331,4601719.712389169
817,96675956,Legend MoRpeh シ,600,27352166.0,2744982.66,1.8293312979004996,5021482.692132167
820,57008215,M3llow Abdi1838,512,27281752.0,4159446.0,1.8339013176927264,7628013.500271739
822,70821752,Dybala junior,706,27256425.0,1325503.0,1.8355485715290554,2433025.1382074775
825,96119113,Aɢɴɪ,465,27170419.0,5100559.0,1.8411560455090388,9390925.038325537
829,96188922,PrZBeeblebrox,394,27014217.0,6705994.36,1.85139406617216,12415438.165887972
831,80244425,TheDANdaLoRiaN,540,27003622.0,3673758.34,1.852091004329746,6804134.773595381
832,77762406,Doggytanian,791,26991522.0,330221.0,1.8528873292897092,611862.306765377
834,84578178,Pseudonymmm,795,26975974.0,310052.0,1.8539111809602578,574808.8694790899
836,85790011,Reaperメ,748,26893916.0,747084.0,1.8593260705919215,1389072.7581220951
838,97560016,Ᵽinkie,607,26871832.0,2648691.0,1.8607865956063538,4928648.708703189
840,95677008,Brals ᴾᴴ,572,26848667.0,3096157.528,1.8623200826314572,5766036.343384968
841,96255688,Slayer X Morlan,577,26835656.0,3051073.0,1.8631820500016023,5684704.446844539
844,84452211,RagnaRöK,593,26799467.0,2842214.0,1.8655820302493034,5302383.364522994
848,76603428,ˢᶦ Rippat,675,26708515.0,1706699.0,1.8716299097326612,3194308.8953108233
850,82428994,sᴿ Mentum,705,26674855.0,1336499.0,1.8738739718824267,2504430.6895468915
851,59951634,Red Hulk Smash,738,26666831.0,817446.0,1.8744093836562696,1532228.4530322829
854,96237983,SlayerVannalla,555,26615044.0,3435348.0,1.8778692227832299,6451134.278749923
855,48439949,BigBlkClock,629,26593975.0,2325791.0,1.8792789416653088,4370810.049014701
857,64520739,PIRATE vilmos,665,26578992.0,1854592.0,1.8802821929226359,3487156.312736777
858,88318766,Pirate Lofted,605,26571264.0,2687398.0039999997,1.880799896036361,5054457.886531523
860,96204830,Brown Sugar KWT,614,26540318.0,2518447.0,1.882874631645019,4741919.967442503
861,27730064,Jon Snow KN,627,26529464.0,2335842.0,1.8836029474666296,4399798.876016347
862,95676183,mAdzz y҉,617,26526529.0,2496208.0,1.8837999448445961,4702356.492720639
864,68734401,Kayy00,768,26474546.0,527528.552,1.8872929570939578,995600.9208555737
865,80727532,M3llow Orphic,468,26455117.0,5053138.0,1.8886003911334697,9543358.403251398
866,64059118,Slayer x kentru,678,26421199.0,1671853.0,1.8908852996477477,3161282.260871986
867,96549640,〤MôSsMô〤,747,26401795.0,750223.0,1.8921938713012225,1419567.362709217
871,84087218,Slayer 乂 Dext,569,26330507.0,3121329.0,1.8970101811112903,5921192.891597923
873,96244148,Jagermiester,709,26295596.0,1250034.0,1.8993738276882262,2374281.863320424
874,96616712,Trooper Aomlove,785,26262290.0,390877.0,1.9016318692080345,743304.1601404289
875,84981994,SLAYERxVëdgë,769,26256576.0,519042.0,1.9020195601610577,987228.0365451156
877,74357168,仒 Changretta,513,26203424.0,4147169.06,1.9056300833261923,7902970.121375606
880,96105156,CHANBAOKAN,574,26146203.0,3066634.0,1.9095254501057126,5855815.669159482
881,84483050,Z3roCooL,722,26127964.0,1049913.32,1.9107689183342098,2006141.738801079
882,91433759,Moonraiser 2,750,26125553.0,735321.0,1.9109333576516092,1405149.4274817389
885,82052885,Pirate Kyy,717,26099803.0,1198858.0,1.912690567419643,2293044.3882755786
886,97127787,AmeAmeAmeAmeAme,353,26092836.0,7789481.0,1.9131663057528578,14902572.588502077
893,84483508,511 pirate,415,26030929.0,6199490.004,1.9173992330810263,11886897.379163088
894,88905382,M3llow Spider,604,26027386.0,2687621.0,1.9176417936658745,5153894.355134071
898,76319094,PolarT,719,25981734.0,1125848.0,1.9207701696400952,2162495.253948962
899,96216683,SlayerˣPosty,399,25932655.0,6513875.0,1.9241394792707767,12533604.05053493
900,90920459,Mutaseeem,697,25927461.0,1401587.0,1.9244964194615954,2697349.163063919
902,78939625,AgentCarterRN,680,25914472.0,1640700.0,1.9253893526849848,3158986.3109502546
904,95677203,Mr GerNbET,277,25866689.0,10310811.027999999,1.9286779882763347,19886234.270980485
912,92123052,DaCura,400,25669280.0,6510956.0,1.9423269492409976,12646405.304122368
914,96464896,cBЯToU Dealer,391,25649836.0,6868077.0,1.9436767036155167,13349321.263537547
916,92573671,Slayer Azzahra,681,25608864.0,1637501.0,1.9465240108121182,3187435.0142288543
918,83301961,Slayer x Luffy,626,25602278.0,2344511.016,1.9469820934835613,4564720.966126951
920,80252834,M3llow Beardy,368,25583906.0,7394241.032000001,1.9482605169508085,14405907.855463201
926,85779450,oCcr16,667,25538280.0,1845189.624,1.951439087979533,3600775.157007857
928,95680616,ɪɴsᴀɴᴇ,546,25518860.0,3593366.0,1.9527935783991741,7017102.049637927
930,95677955,Ryoujii,759,25459268.0,618880.0,1.9569558165214385,1211120.8157287878
931,96181565,Lady Nude,630,25441218.0,2325748.0,1.9582182677434758,4554322.219767854
934,83446660,Jablay Pirate,638,25423475.0,2142901.0,1.9594600314989694,4198928.860959173
935,96294305,QasehManje,549,25416335.0,3529417.0,1.9599599515371326,6917515.972274332
937,91218417,Koruoa MINI,592,25389909.0,2895103.0,1.9618113074986883,5679645.801773375
945,70615113,Dod 1,764,25297362.0,554844.0,1.9683084551474832,1092104.1364878502
946,91434902,PIlyo,633,25271399.0,2205530.0,1.9701348983193365,4345191.622290246
950,96249805,Legend Heimam,370,25246453.0,7303853.0,1.9718913327058916,14402404.426057924
953,87989436,GweC,673,25227787.0,1732680.0,1.9732065765681484,3418935.5710880994
962,96095459,ᴺᴼMęrcy,554,25080417.0,3447712.0,1.9836197856294306,6838949.738352016
967,77220907,Pirate Wind,783,25055648.0,409456.0,1.9853750166619408,812923.7128223317
980,96272429,M3llow Linh,560,24938559.0,3361426.0,1.9893236949047124,6686964.390468768
985,96253628,Dr Ragnarson,590,24874525.0,2903664.4,1.9893236949047124,5776328.392971274
986,82284361,QuȺcksilver,749,24873446.0,735700.0,1.9893236949047124,1463545.4423413968
990,85349703,Legend Hades21,425,24822788.0,6136703.0,1.9893236949047124,12207888.686492832
993,84482307,Jackosville,733,24786907.0,893286.0,1.9893236949047124,1777035.0061266508
994,84496079,popie the great,735,24779402.0,851212.0,1.9893236949047124,1693336.20098723
997,96282361,fOLLOWyOURfUN,561,24736724.0,3354164.0,1.9893236949047124,6672517.921796369
998,96198317,MAMPOS KAU SITU,650,24731024.0,1981627.0,1.9893236949047124,3942097.5455629406
999,39750664,义pirate Cange,548,24699526.0,3534872.0,1.9893236949047124,7032004.62805521
1003,97822225,SlayerˣØrney,566,24666448.0,3191457.0,1.9893236949047124,6348841.031369508
1009,83664660,G v B,731,24550731.0,922154.0,1.9893236949047124,1834462.80255116
1017,96241549,Bl4cK Wid0W,669,24464686.0,1802103.0,1.9893236949047124,3584966.198558867
1018,93578062,M3llow AMIR,644,24455974.0,2081363.0,1.9893236949047124,4140504.733597957
1020,89179743,Pirate Desrt,773,24431062.0,474591.0,1.9893236949047124,944115.1216885224
1022,95681157,Mr Ǥuss,458,24422794.0,5185413.0,1.9893236949047124,10315464.94876693
1023,95486999,ツLeGeND SiTA,786,24407101.0,384412.184,1.9893236949047124,764720.2662412702
1025,95680750,ᴄᴏʀᴘsᴇ,505,24379575.0,4241802.0,1.9893236949047124,8438317.227694198
1029,96593085,M3llow TNT,714,24351621.0,1220121.0,1.9893236949047124,2427215.6159508326
1031,84998606,Lemonちゃん,501,24331787.0,4285949.0,1.9893236949047124,8526139.900853157
1037,96200352,DJ 143,653,24296724.0,1970399.0,1.9893236949047124,3919761.4191165506
1038,80025938,M3llow Evë,597,24250423.0,2781084.0039999997,1.9893236949047124,5532476.306677671
1043,97435707,ImAnRSoul,539,24168971.0,3690555.0,1.9893236949047124,7341708.508849061
1045,96234720,BloodViking57,483,24109352.0,4729880.0,1.9893236949047124,9409262.3580559
1046,79935816,BoUnCeR61,687,24108902.0,1582455.0,1.9893236949047124,3148015.227620437
1048,95667863,Small Mitsuki,796,24084580.0,309852.0,1.9893236949047124,616395.9255136149
1049,96224387,Pᴇʀɪsɪᴋ,586,24076568.0,2971302.0,1.9893236949047124,5910881.473317762
1052,97061961,I AM STIK,503,24057828.0,4275809.004,1.9893236949047124,8505968.166544117
1053,84992368,ᴹᴰ Kanako,671,24042507.0,1740426.0,1.9893236949047124,3462270.681028229
1057,84469048,Giock,682,23974930.0,1631578.0,1.9893236949047124,3245736.775485241
1060,61901644,Saddam68,779,23935667.0,445209.008,1.9893236949047124,885664.8287994215
1064,91384301,HaeSoö,565,23851148.0,3242048.0,1.9893236949047124,6449482.906418433
1066,95676768,Mr Kiraln,765,23840023.0,548631.0,1.9893236949047124,1091404.6480592673
1075,95689782,Tōkyo,598,23604728.0,2771209.848,1.9893236949047124,5512833.414179686
1076,96119582,Spider Bøy,628,23603479.0,2331084.0,1.9893236949047124,4637280.636013256
1093,95677201,Small Snow,495,22924732.0,4370123.0,1.9893236949047124,8693589.233548066
1094,95544761,A7 fold f2P,792,22783091.0,325358.0,1.9893236949047124,647242.3787268074
1095,96246071,M3llow Thinker,720,22780653.0,1107726.0,1.9893236949047124,2203625.5792620173
1101,96240899,M3llow Treez,497,22566956.0,4319414.0,1.9893236949047124,8592712.618303142
1110,96259184,ㅡLIGHTㅡ,662,22096628.0,1886326.0,1.9893236949047124,3752513.0081148264
1111,96653681,Slayer Kowalski,533,22093279.0,3791165.0,1.9893236949047124,7541854.365793424
1112,96233893,Babelou,734,22008672.0,870756.0,1.9893236949047124,1732215.5432804478
1132,99495030,Slayer ˣPēēp,558,20948478.0,3370942.0,1.9893236949047124,6705894.794749481
1159,9570341,jedijason123,418,19583193.0,6187935.0,1.9893236949047124,12309805.718030192
1170,80699071,M3llow Gypsy,624,19043446.0,2404674.28,1.9893236949047124,4783675.523731928
1200,96293177,Bobopudge,412,17508619.0,6293663.0,1.9893236949047124,12520132.933645077
1207,96238368,M3llow Blawb,708,17305271.0,1301712.0,1.9893236949047124,2589526.525541803
1211,97287877,Jarvis Ztech,543,16949482.0,3621617.0,1.9893236949047124,7204568.51196972
1239,96130941,virus dz,611,15481183.0,2602388.636,1.9893236949047124,5176993.376945554
1241,96471500,Psychologyst,431,15293387.0,5959727.0,1.9893236949047124,11855826.136263376
