,Governor ID,Name,KVK contrib,Ranking
390,58883891,VikThōr,132478282.0,1
923,85689750,CałîTheGreat,104321780.0,2
1217,96502129,义Kakaroto义,89682679.0,3
1007,95459238,I am Nerf,83975196.0,4
212,38232075,Shanewarwolf,65335518.0,5
533,64115009,Moxina,64441091.0,6
200,37239310,diR,55889329.0,7
810,8042386,Grandpa OG,54775819.0,8
1028,95676399,Jedi Mätty,54386028.0,9
5,10391630,义Rengoku义,54212930.0,10
112,217385,TheRealMimi,52495387.0,11
535,64237899,RED SnappER,50772370.0,12
498,63598668,Himurã,49173684.0,13
40,14138612,GGerard,49103769.0,14
381,58442808,HotShotTiger,47344458.0,15
658,71320446,PABAN,44832034.0,16
191,3534140,I Am Lazzÿ,44350487.0,17
465,62739007,คtlคs,44338251.0,18
29,12782581,LionsR0ar,43869763.0,19
231,39756277,ALMIGHTY BLACK,42663765.0,20
1033,95676746,Mr Bigfish,42250499.0,21
4,10327115,Busterblader,41901161.0,22
960,8918322,ARISA OG,41578010.0,23
137,26254887,BabyPuto,40453844.0,24
148,2796071,xNJx,40438770.0,25
524,63932677,mantovinii,38079135.0,26
570,66371997,NEBs,36198106.0,27
509,63737713,Chalder,36091011.0,28
285,50114134,Dantss个,35673698.0,29
526,63955350,Flexÿ,35190033.0,30
812,80489423,Vēnomous OG,31841418.0,31
1222,96566351,Vivadiva,31766142.0,32
365,57141256,FlammA,31615561.0,33
173,33305369,乄 Gembel 乄,31408441.0,34
38,13816815,RubbMyNuts,31230318.0,35
446,62080073,Kоlуan,30642248.0,36
270,46972060,Yakoo OG,30511635.0,37
406,59797086,Odysseus シ,30097499.0,38
328,54378153,fluorin4ek,30060291.0,39
511,63774991,CISILIA,29505023.0,40
331,54977338,Marcusᴳᴺᴳ,29335920.0,41
151,28618527,父 Crystal 父,29283704.0,42
283,49911535,Suga 旬,29215403.0,43
93,19435040,Wings Shin,28448674.0,44
14,11694371,Big Piens Shake,28237970.0,45
472,62942972,SonicSuren,28171617.0,46
678,73551691,a4dani,27602845.0,47
87,18373874,Executioner AF,27374703.0,48
307,52619890,Sir Rockzo,26991942.0,49
517,63886129,nail1ÿ,26959896.0,50
53,15984647,GangstaAmmye个,26694539.0,51
196,36397118,乂 HAXOR 乂,26520098.0,52
303,52419470,AssAssin A,26502400.0,53
608,683664,ᴰᴳ TheWall,26374873.0,54
273,47351877,Valkiara,25755662.0,55
710,75888646,BokuToヅ,25293914.0,56
124,23896432,Alungga,25276742.0,57
441,61954227,Lazy Dark,25055733.0,58
588,67137328,义Anasboi义,24762530.0,59
211,38132570,Amen0sa,24755766.0,60
236,40412748,亗BLS EVIL亗,24750347.0,61
18,11904157,RuKh,24395075.0,62
1275,98013414,minero21,24174512.0,63
330,54912695,メFeldjager,24156839.0,64
28,12645110,PʀøHᴀcJJk,23953395.0,65
227,39673397,LyoKo,23829270.0,66
728,76297693,EzItzOnlyJay,23766721.0,67
206,37732597,IrоnGiant,23708954.0,68
305,52515492,DARK EVIL 亗,23589600.0,69
393,58996561,Chrollо,23551186.0,70
603,67999885,Bubuhan Paculer,23382126.0,71
61,16512590,BerryMuffins,23298288.0,72
171,31895462,实意ʚevyɞ,23245304.0,73
66,16759370,PhyxiÂ,23205765.0,74
269,46678919,Royal Gazza,23137586.0,75
332,55086798,Haladîr,22896553.0,76
174,33726432,Fallin000,22895587.0,77
204,3747243,Holdimonster,22424157.0,78
153,28759255,1LimitBreakr,22377753.0,79
394,59010105,ɳɢʊpɪ OG,22273735.0,80
221,39250773,乂 HYDRA 乂,22271805.0,81
140,27082807,M3llow KiNg x,21784887.0,82
256,43782411,Omniscient いち,21775439.0,83
302,52375803,VARTOLÒ,21716108.0,84
761,77967742,PM Nicha,21516889.0,85
673,72969016,Slayer X Jørg,21369477.0,86
297,51632421,TimeWizard x,21290908.0,87
357,56345194,HunterDemons,21175486.0,88
217,38980106,MOTOROLА,21031357.0,89
1283,9957322,Slayer X Aki,21013570.0,90
185,34382164,Beast Doc,20969741.0,91
723,76216620,Prоstoy,20823813.0,92
294,51304605,G A M  OG,20732721.0,93
1058,95682829,I Am Tea,20691816.0,94
400,59331015,Kingsummer OG,20669745.0,95
348,55874646,NEMOᴹⱽ,20634966.0,96
48,15689544,ᵗᵉᵃTime,20609854.0,97
176,33738318,暗丶BRAYAN亗,20592747.0,98
475,63013160,Lazy Lýnx,20527337.0,99
42,15038629,Ibn E Ijaz,20372809.0,100
473,62946708,Lazy ﾒ Blue,20334373.0,101
128,25182362,真心 ąđy,20160271.0,102
70,16921563,暗丶CaliSham,20060944.0,103
554,65484538,Battle BEAST,20038633.0,104
30,12877754,Chapo Taco,19997760.0,105
241,41086563,Dårth Invader,19955481.0,106
835,81772415,Sytore亗,19781340.0,107
610,68543872,DHAFIR OG,19578161.0,108
1116,96201962,Bobö,19263782.0,109
681,73870935,DaProd,19164208.0,110
377,58216523,Legend ReX,18883220.0,111
16,11749129,mustachride,18685301.0,112
399,59324361,Bōt,18507477.0,113
81,17736708,GangstaMaruDGAF,18488561.0,114
500,63615619,Sham Crackers,18370496.0,115
527,63968661,Radnaxi,18319861.0,116
232,39759597,MadPharoh,18227364.0,117
739,7681587,AndrewB2000,18214471.0,118
235,40299040,㋛Marreta Preta㋛,18210340.0,119
90,19004552,I BlackHeart I,18169547.0,120
629,6960423,Mmarsh,18040748.0,121
462,62679050,LegendKitoki OG,17993560.0,122
743,76923099,daNny,17916816.0,123
439,61944693,Fist me Daddy,17904071.0,124
530,64044209,tailor p,17683938.0,125
1047,95678399,裁决Blade,17611797.0,126
387,58810130,MongD2,17429929.0,127
85,17854556,JOLAN,17314788.0,128
479,63119959,FirestormV,17226581.0,129
697,75144155,Izzy 永,17124853.0,130
195,36145615,BDGㅊHR Habib,17097492.0,131
162,30236269,MarvNNN591,17076783.0,132
782,79498103,I M StoneBank,16995524.0,133
65,16710828,xBigWoodx,16939852.0,134
928,85825206,Cram337,16820873.0,135
703,75522322,ミBee Chill彡,16807009.0,136
7,10806254,BEP 1,16794677.0,137
8,1080643,义Headhuntr义,16734177.0,138
178,33851182,Nebu I,16674841.0,139
626,69541181,Sir Brraapp,16608236.0,140
809,80394569,Slayer X Ch0N,16566026.0,141
696,75084130,ßIank,16436508.0,142
267,46131252,SlayerX MUSTAFA,16353306.0,143
225,39637709,FHK HellAngel,16323959.0,144
15,11740217,BigTruck,16294454.0,145
714,76034575,Léxyy,16241012.0,146
280,49174922,Slayer X Kvothe,16198263.0,147
643,70209602,MaddKING Ragnar,16182047.0,148
547,6488711,Alischer,16177171.0,149
329,54530345,4Zinc 永,16116388.0,150
181,34054731,RoҜメMACHINEメ,16066637.0,151
398,59171934,DesaSasarean OG,16044000.0,152
161,30199415,RedPrinceAzazel,15989474.0,153
486,63453000,Lazy DUST,15960914.0,154
313,53459290,Qitiandsheng永,15880424.0,155
113,21998284,Legend Kobe,15844668.0,156
718,76122309,Dèvalish,15663274.0,157
544,64525422,BDGㅊALVINᴿⱽ,15607791.0,158
1022,95673384,㐅1 cödè ㋛,15592565.0,159
347,55851284,Mr Kaoz,15494528.0,160
971,90190464,ᴬᵂMalek,15433874.0,161
170,31352114,SALLOUM44,15431768.0,162
460,62608777,Kira Kira Arina,15419765.0,163
595,67202956,Jäzzmine,15390160.0,164
130,25531562,Syaorân Li,15389681.0,165
520,63897345,SonStrike,15368730.0,166
35,13551576,Lady Manor,15313275.0,167
354,56223472,Wings of Yolo,15267983.0,168
315,53562053,Daduck,15240796.0,169
139,26877031,M3llow Queen x,15101741.0,170
222,39412545,CIMO,15090049.0,171
722,76195639,IJOMI OG,14930471.0,172
555,65527076,Liusen,14915923.0,173
896,84507550,Wenskiee,14869555.0,174
534,64177151,Dia X YB,14620462.0,175
480,63122485,Emhily,14543360.0,176
252,43110892,slanter,14422881.0,177
740,76851235,Spаniard,14414222.0,178
308,52663991,Sgt Muerte,14414123.0,179
260,44460685,Wings of Rainy,14321255.0,180
452,62323092,LESHiy,14227938.0,181
102,20843787,暗 SeroS 戰,14173427.0,182
404,5944784,Hoolee,14146065.0,183
497,63595204,Portelá,14124532.0,184
36,13780200,KillerM92,14099724.0,185
402,59400106,COMANDANDE,14086296.0,186
461,62660905,Fîshy,14044830.0,187
86,17875970,MyBubbles,13958617.0,188
611,68599021,No Zig For You,13914300.0,189
1169,96257100,BlēsT,13726681.0,190
434,61847388,DĒMŒN,13631484.0,191
242,41779923,R U M A 云 OG,13631465.0,192
96,20446496,雨Kuma雨,13622523.0,193
726,76251114,small big boy,13606442.0,194
116,22505871,CAP 117,13538932.0,195
760,77946659,SabdopaloN,13472872.0,196
319,53639563,TF26 OG,13441700.0,197
370,57442278,sant9gо,13433297.0,198
635,69915557,Élyséen OG,13312814.0,199
421,60811314,fæ relax 8J,13307987.0,200
244,41925878,n y a,13268747.0,201
587,67133364,Pirate Jmcdo4,13105633.0,202
318,53573536,FàttyPrime,13089110.0,203
193,35538798,ĴØЌÉŔR,13086657.0,204
638,70015615,ICHIGO OG,13025848.0,205
64,16709976,PALL0,12893641.0,206
322,53720198,SinnerPridE,12880273.0,207
37,13816660,Meowkata,12817219.0,208
1030,95676642,Just Morenth,12813165.0,209
829,81742039,乂T E F K A乂,12804276.0,210
254,43307988,PICCO,12788668.0,211
591,67174967,C㋛㋛per,12702735.0,212
731,76373142,Rules OG,12661440.0,213
762,78024889,ᴿᴿVARTHAN,12495018.0,214
537,64309507,RichKupo,12473922.0,215
120,23025917,VEGASS X,12457683.0,216
158,29489887,くˢᶜᵃʳʸ,12236861.0,217
95,20379195,Moon4lite,12206797.0,218
317,53572619,High Mage Cowl,12180576.0,219
75,17413785,暗 Toxic Arrow,12167583.0,220
489,63480706,Nīght Kīng,12094592.0,221
306,52618268,Test Knight,12026766.0,222
523,63921213,OSkadon OG,11983034.0,223
615,68694772,nguyennopro,11889710.0,224
298,51651109,ᴿᵒʸᵃᴵK,11875608.0,225
706,7568329,El3ctricity,11869958.0,226
290,51061315,Chinese299,11854230.0,227
871,83956095,Kyłe,11832226.0,228
455,62399044,Chuck乂Norris,11729451.0,229
711,75908772,XeLLin,11713883.0,230
662,7143022,FrankIyn,11598437.0,231
157,29216170,Slayer X Krawa,11566818.0,232
316,53565432,パンダPandà,11444588.0,233
440,61950882,Lazy Luffy,11437779.0,234
448,62166694,DRIFTERS187,11371521.0,235
265,45764094,Ring shoes care,11363580.0,236
664,71824582,TheDarkFuryᶰf,11333884.0,237
558,65767675,NIGHT GRAP,11316670.0,238
220,39190271,DarthB殺無赦,11289358.0,239
210,37773820,Sapper88,11268071.0,240
845,83297380,SlayerQueenCali,11258406.0,241
326,54128420,Rack7,11226192.0,242
403,59438289,GangstaDrëkles,11179441.0,243
634,69851361,Dod OG,11155278.0,244
108,21463108,GangstaAza DGAF,11145331.0,245
44,15186568,暗 pequod,11144984.0,246
126,24577697,PopeTheFvckBoy,11140063.0,247
456,62399898,19Alim93 Dealer,11051550.0,248
864,83619899,Driscie,10999600.0,249
532,64085623,zaidoun,10967210.0,250
437,61924943,Arif Rh01,10944498.0,251
189,35224446,PR㋛LETAR,10853217.0,252
345,55784967,Lazy lady bep,10825501.0,253
738,76795427,ᴰᴷ mōøvik,10756393.0,254
433,61838834,Kiĺĺer wolf,10715312.0,255
536,64306210,Kopi no sugar,10589813.0,256
57,1616635,AbbyRigg Hèró,10483460.0,257
1121,96209643,Sheldecks雷龘,10481578.0,258
742,76869735,Queen Risk人,10470259.0,259
492,63559810,Blackshadow26,10451227.0,260
54,16028895,JaneHunston,10427425.0,261
39,14020401,Bajietong OG,10420056.0,262
510,63751320,Warlord Ragnär,10399310.0,263
542,64394420,Cooper  X,10396607.0,264
721,76180743,Mschief Manage,10392017.0,265
78,17625084,S i m o   CG,10378851.0,266
621,69090210,Slēep,10378018.0,267
702,75398017,火SmileDance,10243230.0,268
609,68399761,Jurabige,10234414.0,269
423,60954941,Sirvano,10163055.0,270
13,11328321,Phorak,10061783.0,271
205,37726163,Dave D,9996402.0,272
625,69366835,SMOKYR,9980066.0,273
248,42467519,Fiona SMASH,9973681.0,274
1238,96708632,Kuzäッ,9949853.0,275
180,33910779,Mashmattatoe,9934034.0,276
410,60134257,Rin OG,9910722.0,277
367,57177740,Z theFvcker,9663131.0,278
652,70857667,Atreus591,9622217.0,279
287,50653451,Bigboybobo,9609468.0,280
69,16908012,暗 Winter,9571639.0,281
469,62853017,Capn Toph,9552050.0,282
245,42028782,PirateカEitschiカ,9524900.0,283
1056,95681780,ッNoLubeTheFvckr,9436370.0,284
172,32601257,lunav,9409020.0,285
823,81263107,Cimeng OG,9327924.0,286
72,17256004,Jessy Jr,9315987.0,287
849,83310067,SlayerˣSiDji,9263971.0,288
341,55565597,goeland27,9259002.0,289
464,62720594,Pat kingllll,9258723.0,290
589,67145172,Sol InvictuS,9247076.0,291
627,69545360,Louie13,9243882.0,292
631,69765624,Skaylerr IND,9212261.0,293
99,20533430,Irenerene,9145709.0,294
815,80644934,Pirate Thorine,9145611.0,295
1001,95317724,Scott I武统,9144129.0,296
109,21464078,Dᵘcᵏ Marley,9135189.0,297
701,75397619,火Karamag火,9126345.0,298
602,67980415,Erwinlim,9110582.0,299
356,56316995,Wings of Lib,9090830.0,300
97,20462120,IamGilbo,9000046.0,301
436,61918448,CRAZY HAPIT,8995647.0,302
159,29587991,HAYzOM,8993029.0,303
1040,95677203,Mr GerNbET,8990811.0,304
1269,97560095,Murdøc,8937046.0,305
209,37765024,Đumoƞt,8925900.0,306
74,17376374,暗 Moises P,8905973.0,307
31,12971051,MUshO,8857885.0,308
429,61498739,Playdz,8813978.0,309
154,29028720,BloodhounderSpy,8748183.0,310
304,52435883,1P FOX,8721555.0,311
138,26291665,Twiceborn two,8675250.0,312
805,80264477,M3llow Angelヅ,8592027.0,313
924,85766430,Berserkerシ,8551591.0,314
843,83068025,乛ᴷᴳ김사나暁,8535197.0,315
521,63900101,A7X fold,8529873.0,316
1118,96204648,Trooper Clînt,8488218.0,317
1015,95560188,愛麗絲Alíce,8466723.0,318
833,81750678,GÃËTØŪ,8461061.0,319
104,21090207,Alex18Croatia,8410785.0,320
19,11904784,PERSAIN,8369219.0,321
286,50379414,Slayer X Stag,8359092.0,322
25,12358600,JēliBēคN,8312316.0,323
529,64023189,Slayer X Shadow,8310894.0,324
674,73393192,Pirate LoMboK,8291172.0,325
1195,96291019,紫英 Amethy,8276055.0,326
1023,95674238,VoidPsycho,8268694.0,327
518,63894724,Ringo X,8255517.0,328
516,63871718,Hhh2,8207285.0,329
683,73901502,o POMPEY o,8124009.0,330
24,12182229,YouGotCrabs,8108496.0,331
811,80449273,ʟaᴜʀa OG,8102536.0,332
49,15800654,Gaia Kight Chao,8054624.0,333
494,63573884,LITTLE Jon,8036185.0,334
144,27737243,Hopesyy,8020027.0,335
321,53702653,Danrif 冬,8013487.0,336
917,85371359,Salah Dawod,8012894.0,337
594,67195299,Pir8IrenêAdler,7942412.0,338
274,48281776,Candyrain,7853147.0,339
831,81744680,Imperator Venum,7825368.0,340
131,25534380,artemɪsɪa,7818104.0,341
1253,97127787,AmeAmeAmeAmeAme,7789481.0,342
481,63179189,Konstantinos Ma,7737425.0,343
586,67130734,Pirate R4J44,7733568.0,344
514,63858590,AngelOfImpurity,7696676.0,345
449,62189019,ChongChong84,7677848.0,346
946,87426831,Jöss īī,7662547.0,347
314,53474171,Ahmad 81,7654471.0,348
488,63478483,Pirate Zapp,7647150.0,349
1223,96569933,义Pillow义,7627986.0,350
453,62326004,HarukoHanada,7615813.0,351
207,37756270,۞Lissa۞,7608918.0,352
463,62687626,Callysta34,7558950.0,353
592,67180833,KinG 2020,7547494.0,354
636,69967186,乂TekasHI乂,7498840.0,355
861,83566332,SlayerMarieJ,7489522.0,356
788,79819300,メDorukメ,7480399.0,357
736,76760949,SAAD EVIL,7463724.0,358
199,37112672,Yavuz EVIL,7391794.0,359
364,57087134,Roi René 49,7382968.0,360
9,10882519,Duᶜᵏ Peachy,7341938.0,361
20,11915882,AlphaOmegA,7275480.0,362
519,63896422,ABØ AŁ HASSAN,7238727.0,363
411,60141103,Talivan MX,7237971.0,364
1131,96219972,Craneokid,7222988.0,365
936,86176618,ReindeerGames,7216039.0,366
483,63354285,乂JØN GØD乂,7200028.0,367
58,16272006,Pirateᴀᴄᴇ,7080139.0,368
361,56911574,Ahok OG,7073846.0,369
415,60296881,KinSy,7065218.0,370
525,63951987,R4j44,7045641.0,371
693,74585022,ᴹᴬᴸer OG,7041349.0,372
223,39418334,Beast Eicosoco,7028574.0,373
593,67184899,义Galatian义,7003547.0,374
708,75767119,Pooty Dealer,6991509.0,375
309,52710496,Zea OG,6978445.0,376
984,91393098,Míck Dundee,6943836.0,377
355,56267611,MatYaki,6937218.0,378
707,75712086,PIRATE BARBAROS,6930200.0,379
715,76050609,Pirate D waow,6908905.0,380
641,70132784,火 FUEGOLEON,6896029.0,381
770,78804129,乇mperor卩nus,6892929.0,382
1213,96464896,cBЯToU Dealer,6868077.0,383
803,80252834,M3llow Beardy,6794241.0,384
767,78599363,Suepapi,6776637.0,385
1157,96249805,Legend Heimam,6759853.0,386
771,78823033,MrBANvn1st,6758159.0,387
1101,96188922,PrZBeeblebrox,6689994.0,388
1041,95677291,亗 Mezy,6641045.0,389
875,84084376,SlayerˣSophieM,6619302.0,390
360,56668188,Pirate Solo,6598402.0,391
1128,96216683,SlayerˣPosty,6513875.0,392
925,85773434,We7ed Evilメ,6513848.0,393
572,66408786,Eriegums,6506322.0,394
476,63080564,shadow 0805,6499578.0,395
507,63733625,toops405,6497589.0,396
412,6017556,Jackncoke,6401745.0,397
471,62935309,Lego Batman,6339892.0,398
466,62756828,BDGㅊHridxᴿⱽ,6327968.0,399
578,66765325,ツĀV㋛ŤĀŔ,6317680.0,400
405,59692706,MikeScofield OG,6256568.0,401
807,80343055,M3llowSlice,6245092.0,402
447,62104788,Fluff n Fatale,6215219.0,403
800,80223445,Slayer 乂 Yput,6174643.0,404
632,69765691,Queen Terrible,6172479.0,405
915,85349703,Legend Hades21,6120703.0,406
838,82308267,M3llow bsunny,6112152.0,407
239,40541417,vɪcᴛoʀɪᴀ,6111162.0,408
499,63601569,Slayer X Dwardo,6107987.0,409
818,80781472,Slayer X KiMi,6093431.0,410
438,61932165,XNXX IND jowo,6091169.0,411
262,44986862,SAYUR KÖL,6066565.0,412
825,81439535,LOKI123,6027845.0,413
571,66374084,M3llow Pe㋛rs,6006608.0,414
80,17736681,WomBort,5960674.0,415
396,59151829,Yura09 OG,5938382.0,416
579,66802116,SlayerˣBoy,5899670.0,417
6,10621502,Ｓｌoｔｈ,5895651.0,418
47,15570213,Laffty,5890993.0,419
22,12168629,OnlyFuzZ,5875608.0,420
685,73925214,KhaLᴇᴇsí,5807098.0,421
1218,96547985,〤Amskit〤,5792349.0,422
884,84468452,Dr Bruce,5787550.0,423
513,63811771,M3llowMabrock x,5758755.0,424
300,52130105,ᵛⁿMr Crab,5756575.0,425
647,70654401,ʷʷ Hoshi,5749788.0,426
425,61086085,Pirate Baio,5722880.0,427
1087,96130941,virus dz,5681367.0,428
892,84483508,511 pirate,5659490.0,429
628,69584739,Death Z7o55,5652703.0,430
110,21464563,SirKage,5622883.0,431
1044,95678089,KAOZ the FVCKER,5556595.0,432
954,88203498,ᴹʳ ŦǤØ,5532654.0,433
84,17780812,Traxxxx,5520235.0,434
487,63469420,lady talia,5489692.0,435
675,73399169,SlicckRiick,5473457.0,436
661,71406414,Kraken Paris,5458923.0,437
163,30316476,Big Daddy BaBa,5449620.0,438
164,30421620,Jœÿ Dealer,5422696.0,439
358,56558968,Pirate SamKtr41,5417331.0,440
515,63860398,Nemesis523,5396865.0,441
261,44665294,COBIN,5333862.0,442
798,80187532,AtticusWiggleBs,5253043.0,443
1055,95681157,Mr Ǥuss,5185413.0,444
1149,96242448,Gilded Goat,5162580.0,445
427,61178797,Guan Chau OG,5158514.0,446
168,31074420,iKingRagnar,5146872.0,447
791,79910580,MetteHit,5113422.0,448
548,64905605,SlayerXARGOBEL,5101726.0,449
1081,96119113,Aɢɴɪ,5080959.0,450
877,84118914,ᴳᵂKzadé 왕자,5080176.0,451
502,63627672,XyouX,5028638.0,452
179,33876264,Bigstone,4922281.0,453
1183,96265564,M3llow Quinton,4918602.0,454
295,51380796,QuicheeeX,4870600.0,455
585,67116818,Novalk ALL,4851377.0,456
419,60334815,Harutya OG,4827390.0,457
992,92000528,G U E V A R Aツ,4796799.0,458
780,79444007,CANİK TR,4793594.0,459
799,80207342,WaterM3llow,4781833.0,460
408,59967543,自由ㅅ 自在,4762023.0,461
856,83526855,Zãnøagã,4756743.0,462
790,79884545,PirateBootstrap,4754159.0,463
495,63575767,Bye Tuga,4724369.0,464
584,67074469,Bamboo ALL,4715347.0,465
504,63686087,bArBaBiAnCa,4709535.0,466
599,67609112,EKSESô,4703500.0,467
596,67246450,WIN CôngĐạt,4689806.0,468
590,67147404,JealousSs,4672390.0,469
1221,96558455,ßRÈÈŽŸ,4668150.0,470
944,86883323,Pirates AbuZaki,4639235.0,471
640,70130949,ᴰᴰBlackHawk,4590711.0,472
580,66817290,Legend SabaT,4577567.0,473
581,66903398,Slayer Prëtty,4564919.0,474
569,66337757,338 Win kvk,4523809.0,475
484,63375965,Pirate Adjie,4509076.0,476
612,68605432,PREDATOŔ,4455288.0,477
717,76112824,Cim Cimeterium,4452866.0,478
432,61834122,RV EMONᴮᴰ,4428668.0,479
454,62351996,Pirate Nanaメ,4418785.0,480
948,87615855,VR Sage,4381504.0,481
1139,96234720,BloodViking57,4369880.0,482
862,83571282,SlayerₓFiSt0,4328848.0,483
1039,95677201,Small Snow,4306123.0,484
167,3094944,Mve,4280020.0,485
817,80727532,M3llow Orphic,4269458.0,486
12,11075518,The Clownfish,4251994.0,487
911,84998606,Lemonちゃん,4245949.0,488
996,9322230,ᴹᴰjrwn,4230828.0,489
1103,96191862,ExileANt,4229847.0,490
1053,95680750,ᴄᴏʀᴘsᴇ,4229802.0,491
758,77846662,Wings of rss,4206215.0,492
1241,97061961,I AM STIK,4195809.0,493
720,76158410,RJMB,4136544.0,494
642,70189040,SLAYERDanny,4133766.0,495
351,56084361,Seon deok,4117926.0,496
868,83681926,FREEZEDOM,4109756.0,497
660,71366499,HarryPoTHeaD420,4109042.0,498
228,39693303,ʇuɐɥɔɹǝW,4108234.0,499
1017,95629433,LiarsV,4100553.0,500
574,66466622,义Sala义,4090378.0,501
690,74357168,仒 Changretta,4064503.0,502
1126,96215472,义 LKW 义,4063377.0,503
883,84457284,Doctor Magu,4000651.0,504
637,69972191,August ᴰᴷ,3989363.0,505
59,16353531,ItsAki II,3967395.0,506
633,69847791,Simontx OG,3915466.0,507
616,68715283,Fatima Az zahra,3908664.0,508
296,51415089,lord Sitrix,3908327.0,509
560,65935461,EVillord,3880357.0,510
362,57008215,M3llow Abdi1838,3855446.0,511
368,57403982,SlayerˣDASH,3854033.0,512
847,83303668,Slayer XTogepik,3841383.0,513
1267,97465809,M3llow Row,3831896.0,514
879,84422173,Cr3epsReborn,3824252.0,515
922,85506145,césar le bon,3768284.0,516
934,86108244,Sułtąnąツ,3757912.0,517
582,67058811,bioruben,3755423.0,518
654,71064808,Loard2002 OG,3751804.0,519
380,58359807,RC STING,3714248.0,520
802,80244425,TheDANdaLoRiaN,3646276.0,521
424,61069638,Edd Teague 37,3640419.0,522
338,55179400,Slayer X Lexa,3634070.0,523
567,66284657,亗Pirate Lee,3632383.0,524
1235,96653681,Slayer Kowalski,3627165.0,525
725,76218861,Lykth,3613421.0,526
255,43366078,slayerxoeschapa,3610383.0,527
493,63572648,PIRATE BALAZS,3607110.0,528
325,53938211,Slayer GX,3572529.0,529
23,12168880,Taco Banderas,3545968.0,530
229,39750664,义pirate Cange,3534872.0,531
644,70218713,x   Z I O N   x,3499054.0,532
759,77930129,PT PTT  ジ,3496213.0,533
970,90184186,D U N K E R,3487310.0,534
1052,95680616,ɪɴsᴀɴᴇ,3469366.0,535
444,62017877,SHAFINᴿⱽ,3460114.0,536
94,19626853,Legend CöCö,3425489.0,537
51,15856222,I Am NoTTeA,3416245.0,538
933,86002978,Ali Gátor,3411781.0,539
506,63720400,Guam81,3389231.0,540
201,37421375,Slayer X Zi,3362988.0,541
904,84895741,LUKMANHAKIM,3357201.0,542
785,79774474,NjörD,3310513.0,543
1197,96294305,QasehManje,3305417.0,544
993,92123052,DaCura,3255478.0,545
713,76025975,SlayerXNoble,3229065.0,546
869,83714282,Slayer Xenicus,3226365.0,547
482,63286295,ᶦᶰᵈカラス,3202807.0,548
1140,96237983,SlayerVannalla,3195348.0,549
1273,97822225,SlayerˣØrney,3191457.0,550
557,65750039,Seed420,3153703.0,551
694,74919143,Flintチだ院,3152484.0,552
983,91384301,HaeSoö,3146048.0,553
1050,95679756,Anbu Charlotte,3136968.0,554
876,84087218,Slayer 乂 Dext,3103529.0,555
830,81744337,DeadZēd,3097829.0,556
1271,9771821,Louylou,3068372.0,557
324,53803289,ᵀᴴᴱWIZARD,3066738.0,558
732,76490131,ᴮᴰNIMROD,3057074.0,559
1166,96255688,Slayer X Morlan,3051073.0,560
114,22020212,Ya ustal pzd,3030290.0,561
866,83660407,SlayerˣCous,3024606.0,562
416,60297432,CYBele,3018691.0,563
734,76585321,A i n gˢᶠ,2991920.0,564
250,42882386,恒纪元之星,2978302.0,565
1132,96224387,Pᴇʀɪsɪᴋ,2971302.0,566
841,82856645,SpartaCouilles,2967695.0,567
844,83201249,F A I T H 善,2952251.0,568
445,62074305,FaustPicaro,2942912.0,569
656,71268595,Slayer X Minato,2903204.0,570
980,91218417,Koruoa MINI,2895103.0,571
965,89893125,ᴍʀ Delaney,2803773.0,572
184,34359083,YONUS,2789389.0,573
863,83594081,SlayerDmoniak93,2748919.0,574
920,85461131,乂DEAD MAN乂,2741972.0,575
366,5716022,ɴooᴅʟᴇ,2720471.0,576
898,84623577,Adley H,2719353.0,577
688,74264682,Spider mansasin,2703112.0,578
957,88905382,M3llow Spider,2687621.0,579
553,65429385,Slayer X Safred,2686621.0,580
63,16578265,mustachfarm,2682610.0,581
955,88318766,Pirate Lofted,2667398.0,582
1160,96253628,Dr Ragnarson,2664310.0,583
795,80025938,M3llow Evë,2661084.0,584
850,83311677,Slayer x SooKe,2659769.0,585
1270,97642297,M3LLOW SQUIRREL,2659409.0,586
177,33752045,連Lin15,2654607.0,587
747,77427239,shark vn,2652171.0,588
1268,97560016,Ᵽinkie,2648691.0,589
914,85261054,ᴼˢGrupeFrait,2632230.0,590
882,84452211,RagnaRöK,2622214.0,591
310,53317858,Oxiurus Maximus,2610996.0,592
1192,96282361,fOLLOWyOURfUN,2594164.0,593
680,73802284,Slayer乂Tweety,2586909.0,594
1059,95689782,Tōkyo,2582201.0,595
598,67548799,JOSE2,2556465.0,596
1186,96272429,M3llow Linh,2521426.0,597
1119,96204830,Brown Sugar KWT,2518447.0,598
945,87137976,Pirate Drughi,2505478.0,599
1236,96675956,Legend MoRpeh シ,2499336.0,600
859,83556524,Slayer Hispania,2494563.0,601
376,58195110,Zenxer,2491098.0,602
1018,95636110,Trooper Farmer,2484564.0,603
919,85448673,WeFiSt0ᶤᶺ,2476927.0,604
142,2743724,Momma Chode,2473664.0,605
450,62241563,Slayer X Nemo,2463969.0,606
369,57418518,M3llow Goolins,2445534.0,607
123,23205212,GremlinQUEEN,2427215.0,608
428,61460506,BUNNYメID,2411901.0,609
614,68635481,Harald OG,2407121.0,610
346,55846661,Melo 06,2395673.0,611
846,83301961,Slayer x Luffy,2344511.0,612
143,27730064,Jon Snow KN,2335842.0,613
1082,96119582,Spider Bøy,2331084.0,614
275,48439949,BigBlkClock,2325791.0,615
1100,96181565,Lady Nude,2325748.0,616
623,69199791,Slayer x badboy,2223535.0,617
987,91434902,PIlyo,2205530.0,618
724,76218406,xpad,2202353.0,619
935,86151634,I Am Brayan,2193370.0,620
264,45486740,Slayer X NOBITA,2170909.0,621
1266,97435707,ImAnRSoul,2170555.0,622
1145,96240899,M3llow Treez,2159707.0,623
855,83446660,Jablay Pirate,2142901.0,624
929,85832280,Pirate Hunter38,2136294.0,625
175,33738298,Tesssssss,2121591.0,626
233,39976329,kokoroo OG,2118321.0,627
888,84472406,Antź,2105091.0,628
443,62017843,尺V AsiF,2060109.0,629
744,7696305,BunnyOfImpurity,2056955.0,630
152,28653501,Ru Gaming,2033883.0,631
188,34869648,Funtôme Sakura,2009504.0,632
997,93578062,M3llow AMIR,2001363.0,633
1110,96198317,MAMPOS KAU SITU,1981627.0,634
323,53734445,Barbosah,1975208.0,635
931,85918614,Princeツ,1970821.0,636
1112,96200352,DJ 143,1970399.0,637
752,77683403,ᴷᴳ김사나,1959414.0,638
384,58615587,Bangᴿⱽ,1953072.0,639
76,17502418,PIRATE  BIICHO,1935176.0,640
240,40823396,axiaKing ツ OG,1914136.0,641
848,83307848,SlayerˣAdragar,1911648.0,642
2,10154350,Pochemuchka,1908960.0,643
899,84652781,ᵛⁿDVHⁿᵛ,1894182.0,644
787,79819283,SlayerₓGANJA,1889015.0,645
1174,96259184,ㅡLIGHTㅡ,1886326.0,646
613,68627238,G҉a҉r҉i҉p҉,1884840.0,647
543,64520739,PIRATE vilmos,1854592.0,648
213,38390141,Irélia Rx,1851446.0,649
1148,96241549,Bl4cK Wid0W,1802103.0,650
969,90147351,ProfZebu,1786657.0,651
926,85779450,oCcr16,1782972.0,652
342,55567655,Parrot Equuleus,1782898.0,653
1077,96095459,ᴺᴼMęrcy,1723856.0,654
1026,95676183,mAdzz y҉,1696208.0,655
784,79756107,Heo Bé Ba,1695108.0,656
344,55587705,MBDB,1687203.0,657
735,76603428,ˢᶦ Rippat,1674699.0,658
908,84992368,ᴹᴰ Kanako,1671746.0,659
774,78939625,AgentCarterRN,1640700.0,660
994,92573671,Slayer Azzahra,1637501.0,661
719,76153330,slayerxCROSFIRE,1629277.0,662
373,57922872,ÆTERNALS,1624286.0,663
704,75577618,Slayer ˣ The0,1621174.0,664
149,27960822,TabZkie,1618575.0,665
630,69665867,Queen jail,1614721.0,666
111,21494429,eagle tr,1587434.0,667
531,64059118,Slayer x kentru,1571853.0,668
1036,95677008,Brals ᴾᴴ,1556157.0,669
792,79935816,BoUnCeR61,1550455.0,670
281,49219204,Hoa Queen,1546030.0,671
860,83563824,ᴾᵁ Dreams,1543394.0,672
1080,96105156,CHANBAOKAN,1533317.0,673
1021,95668784,Changé 嫦娥,1516608.0,674
775,79083099,BENORAN,1516581.0,675
906,84934733,Little Jūles,1499481.0,676
272,47257003,C h i K a,1499390.0,677
119,22967631,Pirate Bellamy,1489104.0,678
887,84469048,Giock,1471578.0,679
259,4445859,not ryn,1439705.0,680
657,71318742,JustFocusTheKVK,1410112.0,681
789,79837494,ᴾᴿᴼシ F1,1401565.0,682
67,16891821,Alotta Fagina,1396401.0,683
975,90920459,Mutaseeem,1394387.0,684
422,60891605,miss u wim,1373564.0,685
156,29137686,viddik,1361228.0,686
187,34601789,FLOPO,1353647.0,687
930,85880212,N A I F 个,1350280.0,688
840,82428994,sᴿ Mentum,1336499.0,689
651,70821752,Dybala junior,1325503.0,690
783,79607276,Slayer X Erica,1321698.0,691
655,71224394,ScReamOuS,1313272.0,692
276,48452348,BOB the FVCKER,1310145.0,693
1151,96244148,Jagermiester,1250034.0,694
1248,97102262,Small SupDup,1246136.0,695
1075,96055460,M3llow Poro,1222987.0,696
426,61109803,AdolfфStalin,1220493.0,697
1227,96593085,M3llow TNT,1220121.0,698
1106,96196248,Dotsawnt,1200168.0,699
836,82052885,Pirate Kyy,1198858.0,700
851,83318918,Slayer aBo Rwan,1169775.0,701
268,46217069,Khaled Ben Wali,1165183.0,702
21,11963714,PIRATE Zebu,1144354.0,703
216,38895906,Pro RoK,1119191.0,704
659,71363203,PIRATE x MAUNG,1095603.0,705
284,49964501,황신원 of Roseee,1068870.0,706
749,77544243,Slayer X ORHAN,1056877.0,707
858,83552022,Salao Pablitox,1029207.0,708
430,61647508,Oddᵗᵘᵍᵃ,1026584.0,709
1272,9775721,乄Daver乄,1023879.0,710
413,60222813,Mighty Ares OG,1010475.0,711
902,84863879,Chipi2021,999475.0,712
359,56567751,piratepunisher,981825.0,713
34,13373896,User 21,976233.0,714
561,66006431,RichCupcake,971955.0,715
468,62770125,مصعب المهاجر,968299.0,716
679,73670637,Y Amlak K,964426.0,717
968,90084857,SlayerˣTjoho,937684.0,718
218,38997259,サイタマ one punch,894415.0,719
890,84482307,Jackosville,893286.0,720
950,87989436,GweC,866340.0,721
891,84483050,Z3roCooL,848933.0,722
668,72346203,Mrpoppoybutthol,845439.0,723
867,83664660,G v B,842154.0,724
183,34358347,ヅIsmail 义,820985.0,725
600,67663968,Tôn Vủ,813784.0,726
1137,96233893,Babelou,810756.0,727
894,84496079,popie the great,803212.0,728
665,71841266,火 Z E Y Z,784549.0,729
956,88367615,Lan Thương,777547.0,730
203,37461942,Boemen,761065.0,731
333,55094256,Tsunade  Dealer,755633.0,732
459,62608636,BassPirateRed,752861.0,733
927,85790011,Reaperメ,747084.0,734
837,82284361,QuȺcksilver,735700.0,735
986,91433759,Moonraiser 2,735321.0,736
478,63115280,Lýnx Farm Boss,725821.0,737
92,19036336,ll Taiga ll,706631.0,738
458,62548492,Slayer Almada,689292.0,739
122,23041197,DaBanker jr,682233.0,740
1219,96549640,〤MôSsMô〤,654563.0,741
291,51213820,AMNA CASB,651621.0,742
33,13371305,Explosive Skull,639963.0,743
874,84061546,Moustfa,635763.0,744
893,84489261,busdriver01,619361.0,745
62,16519446,THUG  القرم,617806.0,746
1043,95677955,Ryoujii,614880.0,747
905,84899781,LUKMAN CAVA,601175.0,748
451,62289360,么 Explech 么,596201.0,749
729,76319094,PolarT,562924.0,750
885,84468847,ᴰᴴWidoW,560084.0,751
1154,96246071,M3llow Thinker,553863.0,752
1035,95676768,Mr Kiraln,548631.0,753
617,68734401,Kayy00,527528.0,754
852,83321029,AlbabtooˣSalyr,506272.0,755
687,74240206,Harryslad,495633.0,756
907,84981994,SLAYERxVëdgë,489602.0,757
695,75075936,Slayer Zain,479678.0,758
352,56131025,Åmmōnïå,468461.0,759
964,89617826,GeasLite,456836.0,760
903,84881332,UmayKhan,447750.0,761
435,61901644,Saddam68,445209.0,762
959,89179743,Pirate Desrt,442591.0,763
539,6432716,Not RK,433884.0,764
551,65107216,SlayerX Blablaa,430754.0,765
418,60304697,Slayer X Jixco,430591.0,766
766,78593770,Fatima Azahra,428731.0,767
311,53399282,Memorize 150421,426473.0,768
253,43133759,SEMRUK,417482.0,769
745,77220907,Pirate Wind,409456.0,770
407,59951634,Red Hulk Smash,408723.0,771
490,63495915,Pirate TanteJiN,407037.0,772
913,85229521,Nuạnoi,360375.0,773
1230,96616712,Trooper Aomlove,342877.0,774
52,15888946,CallMeTea1,340658.0,775
141,27364120,BokutoTW,310086.0,776
1042,95677486,baby Robobo,300319.0,777
563,66144116,NjörD Farm,298987.0,778
1024,95676053,Trooper 尺ひﾉ,283162.0,779
716,76058615,LYN ZERO,279047.0,780
646,70615113,Dod 1,277422.0,781
857,83529205,Mikhæl,275405.0,782
779,79394174,CisiliA JR,274270.0,783
1010,95486999,ツLeGeND SiTA,273590.0,784
27,12529038,Wiggly lou,269150.0,785
1095,96165300,Jerooooo,255417.0,786
737,76771772,ṩĶÿ ễ,246996.0,787
1063,95822497,slayerX Qqueen,239891.0,788
1133,96224409,Pirate Arcane,235695.0,789
1070,96007827,RikoSaikawa,232565.0,790
121,23038649,Byxoy Batya,228252.0,791
755,77762406,Doggytanian,218221.0,792
990,91606916,Slayer X BTK,217302.0,793
512,63790695,BaxeN,210178.0,794
41,14739629,ItsAki III,187886.0,795
550,65094873,PirateLapu2x,179711.0,796
947,87481833,Duckinpirates,176882.0,797
827,81531635,LUKMAN ARCHER,168173.0,798
751,77645158,BankOfRisk人,167472.0,799
1014,95544761,A7 fold f2P,162679.0,800
699,75316554,Sartorial Man,158704.0,801
897,84578178,Pseudonymmm,155026.0,802
1019,95667863,Small Mitsuki,154926.0,803
409,60059471,RemiiXxScuff,151764.0,804
1201,96299025,paul04,149391.0,805
819,80858495,Slayer ROSE,148898.0,806
777,79282837,Bitasuka,146913.0,807
125,23947755,Old Theory,145208.0,808
645,70504681,OG SN0WMAN,143947.0,809
282,49691603,Pirate of Death,142347.0,810
1078,96101018,xMalcom,139084.0,811
89,18881145,Apocó,136187.0,812
607,68350663,IchigoF1,133793.0,813
670,72502696,ヤ DarkHadi,131463.0,814
910,84993931,ᴹᴰSoma,131053.0,815
1068,96004591,M3llow Set,129671.0,816
676,73461895,Queen Tigro,126106.0,817
522,63918303,GroundZilla,123722.0,818
1277,98091482,ㅤPirate  Peace,115812.0,819
219,3909496,ItsAki IV,113899.0,820
1012,95492445,Pirate Scarlett,109699.0,821
912,85009635,VonLohengramm,108438.0,822
477,63082694,모조 Mojo M,108340.0,823
962,89303794,busdriver02,102836.0,824
620,69070665,JonnyKr 爺 2,101323.0,825
1194,96287173,M3llow ZooTeR,100252.0,826
880,84425529,ᴹᴰAken,99391.0,827
873,84039013,ヤGetLost,95585.0,828
474,62988416,Pirate Begal,89598.0,829
83,17742942,sh3rl0ck,87554.0,830
503,63636671,RichCheese,82158.0,831
327,54234687,SoujiroLEE,76918.0,832
98,20528847,Schylur,76849.0,833
781,79488330,ᴰᵀVƯƠNG,76409.0,834
470,62903562,Kvitravn Q,75558.0,835
1224,96577092,Shahrivar,70081.0,836
605,68019444,BlēstFoodz,65247.0,837
289,5091253,NotSpicyMikee,57774.0,838
105,21257492,FarmingBubbles,54382.0,839
677,73495285,PICCO Farm,54160.0,840
379,58351719,M3llow Choncc,53891.0,841
243,41855461,TheTrueFarmer,51789.0,842
198,36769449,jedifarm,48161.0,843
1034,95676757,亗 Solo Igris,46574.0,844
32,12971479,CallMeTea2,42738.0,845
1209,96410358,TeMeHb,41754.0,846
941,86570708,ロストチャイルド,41081.0,847
932,85942663,チュパ,37842.0,848
467,62763532,Aquilasia,35122.0,849
921,85461302,Atyaf H,34136.0,850
505,63706408,TinyTifa2,33294.0,851
343,55584994,RunnerD,28864.0,852
389,58839227,HEathens,28643.0,853
939,86290332,SM Jupiter 98,28179.0,854
682,73884186,Haniyasu G,27824.0,855
786,79799254,KillerXLeonidas,26818.0,856
686,73993251,Valkixo,25361.0,857
43,15114224,PRADA013,24914.0,858
101,20619443,xM3llow KiNg,24744.0,859
11,1097477,HISPAN0,24081.0,860
573,66424168,Guan Chau 2,23059.0,861
649,70764354,Pirate Nemo,22989.0,862
194,35820841,iKingRagnarr,22441.0,863
804,80257931,Pirate Sage,22041.0,864
951,88010657,LegendsNevaDie,21732.0,865
821,80959999,彡1 Angel ヅ,20099.0,866
417,60303728,AhBengKoh,19963.0,867
995,92688471,KOLAYMAUNG,15538.0,868
263,45187068,M3llow Shawarma,15316.0,869
909,84993930,ManiLAPIRATES,14788.0,870
1129,96217658,Jounin Rey Vago,14720.0,871
197,36594863,ナハト ファウスト,14430.0,872
395,59069826,퀸GuangLingメ,14280.0,873
392,58968368,ゼロツー      002,13469.0,874
618,68737021,Castle Black69,12704.0,875
639,70093676,乂BILLY乂,12269.0,876
601,67704983,义 daeny 义,11698.0,877
215,38821571,Katara0304,11328.0,878
564,66190912,Nighty Fury,10823.0,879
937,86238869,Akenkeren2,10581.0,880
538,64319584,Lýnx Boss Farm,10006.0,881
115,22274656,BoosShakeShack,8748.0,882
853,83345137,Leo 0,8496.0,883
1038,95677139,LegendDingus,7613.0,884
336,55136170,Miniᴳᴺᴳ,6647.0,885
753,77727751,VALIANT Gekk,6435.0,886
650,70797559,Rifmoplet,5441.0,887
938,86247358,IM BLAGUK777,4890.0,888
118,22926716,Executioner V3,4723.0,889
763,78025780,Slugger187,4654.0,890
528,64016617,Pirate Pengwing,4278.0,891
414,60244782,NINOOX,4186.0,892
541,6438579,Shepinski,4088.0,893
182,34330811,Mini HYDRA,3482.0,894
371,57637301,Farm Nit,3270.0,895
826,81517208,City xpd,1867.0,896
552,65163560,Proseccco,1427.0,897
147,27930287,Deadly Arrow,1375.0,898
604,68007996,尤吉歐Eugéo,1287.0,899
973,90562328,Sudirman OG,1234.0,900
776,79101788,lovebird1,1227.0,901
150,28491704,Low Fi Daver,1190.0,902
374,58025104,sinnerpride2,886.0,903
312,53410809,HatredCopter,764.0,904
768,78782252,analuiso,696.0,905
653,70882216,SiBuluBulu,573.0,906
160,29801029,Pirate Alim,444.0,907
916,85366544,Fehme,424.0,908
397,59160864,rank dark ue,242.0,909
288,50846273,Grandpa Farm4,140.0,910
988,91438459,GerNbET,56.0,911
1251,97125033,Trooper Mal,0.0,912
1250,97123715,Mr sheaffer,0.0,913
1249,97121989,Trooperkamikaze,0.0,914
1097,96170888,M3llow Rod,0.0,915
1246,97091638,Groot DK,0.0,916
1098,96174821,x  ACE  x,0.0,917
1099,96176549,Mr neGspoD,0.0,918
1247,97101811,Q U E E N I E E,0.0,919
1096,96167374,Boss Paperkylla,0.0,920
1147,96241263,Sneaky Link,0.0,921
1102,96191138,Small REnAR,0.0,922
1239,96776653,PirateMatuPatu,0.0,923
1113,96200949,IronMan z4,0.0,924
1234,96650925,SlayerXSkipper,0.0,925
1111,96199430,Killer X Marco,0.0,926
1237,96700452,Pirate Ryōta,0.0,927
17,1181144,Marsh Farm 1,0.0,928
1109,96197953,x ETH x Farm,0.0,929
1108,96197563,M3llows Thorgir,0.0,930
1240,96970314,TilValhallaa,0.0,931
60,16508127,Bortron,0.0,932
1242,97075355,父SɦǟʀҜ父,0.0,933
1094,96161791,Aşhu Maşhu,0.0,934
1244,97086973,SwordsManZoro,0.0,935
1107,96197094,Thor pipaskat,0.0,936
1245,97091387,Chuunin Swag,0.0,937
1105,96195946,M3llow Touch,0.0,938
1104,96195262,TINApie,0.0,939
1243,97078494,Mr BushCyrix,0.0,940
1256,97175946,M3llow Khęprį,0.0,941
1093,96153296,Rømanoff,0.0,942
1074,96054558,M3llow FatChub,0.0,943
1083,96121928,Q80 HUNTER,0.0,944
3,10205602,Sherl0cked,0.0,945
1079,96104411,Dr AnderStrange,0.0,946
1274,97830892,GIYU T0MI0KA,0.0,947
1076,96057102,M3llow Adam,0.0,948
1276,98020847,DE4DPO0L,0.0,949
1278,98226089,D3VYN,0.0,950
1073,96053409,Trooper Cacimo,0.0,951
1084,96126999,Princess Avalie,0.0,952
1072,96025702,JouninﾒH1R4Mﾒ,0.0,953
1071,96008726,KannaK0bayashi,0.0,954
1279,98398193,BLACKVAGOAL,0.0,955
1280,99203747,Will Tuga III,0.0,956
1069,96006500,Slayer X Lukob,0.0,957
1281,99283317,Blueberriesi,0.0,958
1282,99495030,Slayer ˣPēēp,0.0,959
1265,97387239,Miss Riah Swann,0.0,960
1085,96128033,Pirate Cyclöne,0.0,961
1252,97125698,THOR 27PH,0.0,962
1090,96140979,M3llow Airumi,0.0,963
10,10918651,Zãnoagã,0.0,964
1092,96148458,Nāyeon,0.0,965
1254,97144363,Small Odin,0.0,966
1255,97160911,Miss Chemical,0.0,967
1257,97184158,Jota San,0.0,968
1091,96143916,CaptJackShadow,0.0,969
1258,97194125,CaptEarl,0.0,970
1259,97201220,Trooper Luffy,0.0,971
1264,97287877,Jarvis Ztech,0.0,972
1089,96139324,Pirate McStouty,0.0,973
1088,96131574,Here Cums Elmo,0.0,974
1260,97206229,SilverSurferz,0.0,975
1086,96130927,Mr Pëppër,0.0,976
1261,97223990,WraithShot,0.0,977
1262,97224201,Lethal Pirate,0.0,978
1263,97250821,Pirate SM00th,0.0,979
1114,96201419,M3llow IFF,0.0,980
1229,96603070,Pirate beaver,0.0,981
1115,96201947,Small JucCy,0.0,982
1136,96230581,M3llow Dude,0.0,983
1168,96256955,KÖNİGSRASSE,0.0,984
1170,96257326,Small JMQ,0.0,985
1171,96258082,M3llow Switch,0.0,986
1172,96258173,M3llow hello,0.0,987
1173,96258521,MexiSpideyJay,0.0,988
1175,96259471,M3llow Yami,0.0,989
1176,96259916,Slayer x yMt3,0.0,990
1177,96260831,Pirate SOMALIA,0.0,991
1135,96229112,Nicolau07,0.0,992
1233,96645283,Pirate cass,0.0,993
1134,96228988,Pirate kicking,0.0,994
1178,96261561,Capo Spartanu,0.0,995
1179,96261631,M3llow Rëën,0.0,996
1180,96262558,master758,0.0,997
1181,96265202,Cotton95,0.0,998
1066,95922939,maLdiTa,0.0,999
1182,96265209,økills,0.0,1000
1184,96267065,Jounin Necro99,0.0,1001
1167,96256699,M3llow Death,0.0,1002
1165,96255103,M3llow JCO,0.0,1003
1164,96254835,Ashwillmore,0.0,1004
1163,96254604,GangsofWasepur,0.0,1005
1150,96242763,CaptainFelixᴿ,0.0,1006
1146,96240941,Mr TomaHawk,0.0,1007
1152,96245101,Falcon Solider,0.0,1008
1153,96245923,m3llow mannkalo,0.0,1009
1144,96240225,Mr Trandom,0.0,1010
1155,96246383,Under Boss Para,0.0,1011
1143,96239466,Happy Honda,0.0,1012
1156,96248420,Steelrone,0.0,1013
1142,96239377,Small Bürgerm,0.0,1014
45,1518877,Mini Marsh 02,0.0,1015
1158,96250012,M3llow Tuna,0.0,1016
1141,96238368,M3llow Blawb,0.0,1017
1159,96253426,VceN,0.0,1018
1161,96253645,Jounin Temp,0.0,1019
1162,96254479,Trooper Mox,0.0,1020
50,15850637,I Am SaltTea,0.0,1021
1138,96234544,ᵉᵐᶦ,0.0,1022
1185,96272103,Bully Maguire4,0.0,1023
1187,96273739,KillerX Nnoitra,0.0,1024
1188,96273838,M3llow Ewert,0.0,1025
1214,96471500,Psychologyst,0.0,1026
1215,96482453,KAITx Kz,0.0,1027
1216,96486128,F2P Dealerr,0.0,1028
1124,96214090,Midlánèr,0.0,1029
1220,96553958,M3llow Silence,0.0,1030
1123,96212776,Killer Riaz,0.0,1031
26,12507402,TeeroHPx,0.0,1032
1122,96212053,nøødle,0.0,1033
55,16092334,YouGotNickCrabs,0.0,1034
1225,96581509,M3llow 7empest,0.0,1035
1226,96583489,Pirate Kyozelia,0.0,1036
1228,96595307,Davy Chajones,0.0,1037
46,1519039,Mini Marsh 01,0.0,1038
1120,96207548,Interim Name,0.0,1039
1231,96617124,ÁltairSTARS,0.0,1040
1232,96625552,SlayerˣCaboツ,0.0,1041
56,16155630,Mjǫlnir,0.0,1042
1117,96204359,M3llow W44RD,0.0,1043
1125,96214479,Slàyer X Uchí,0.0,1044
1212,96429615,Slayer X Teavis,0.0,1045
1189,96274309,nr456 Chvaściu,0.0,1046
1211,96427511,乄Pirate Val,0.0,1047
1190,96277498,K9Nate,0.0,1048
1191,96280450,EntropicMalice,0.0,1049
1193,96285664,LITE MAN,0.0,1050
1196,96293177,Bobopudge,0.0,1051
1198,96295361,headless ripper,0.0,1052
1199,96297228,Kobe00,0.0,1053
1200,96298101,Small Murloc,0.0,1054
1130,96218659,Scarlgard,0.0,1055
1202,96299115,Welongsw,0.0,1056
1203,96312657,M3llow Fast,0.0,1057
1204,96326411,TigerSosa,0.0,1058
1205,96337662,Slayer X Snakę,0.0,1059
1206,96365102,dik fury,0.0,1060
1207,96378030,KillerX aloneF,0.0,1061
1208,96399935,M3llow Frîja,0.0,1062
1127,96216646,lepreal,0.0,1063
1210,96424810,PirateShinyJack,0.0,1064
1067,95936756,Baby Ravenx,0.0,1065
889,84480956,ACHRAF 07,0.0,1066
1065,9589695,ᴹᴰKentttyyy,0.0,1067
705,75596898,Chrollo 2,0.0,1068
246,4209884,AndrewB2017,0.0,1069
727,76274398,Evangelion00,0.0,1070
247,42331212,RodCopperbottom,0.0,1071
249,42659448,sǫᴅ BOT 6,0.0,1072
251,42989323,zeusS09,0.0,1073
257,43893200,LORDOFDRAGONS,0.0,1074
258,44071135,Fiona BASH,0.0,1075
712,76023324,Pirate POPEYEラ,0.0,1076
709,75881042,pirate omponG,0.0,1077
266,45778024,SlanterFarm,0.0,1078
271,47030081,Marreta Preta I,0.0,1079
700,75341412,Organic Orange,0.0,1080
801,80223861,Pirate Wiz,0.0,1081
698,75209116,Lýnx Mini Farm,0.0,1082
277,48649473,Pat king ll,0.0,1083
278,48675758,F A L C Ô N,0.0,1084
279,49137996,ɢɢ Candyrain,0.0,1085
692,74522049,Master Tèo,0.0,1086
691,74504631,BFLO,0.0,1087
689,74307326,tomizasu 0,0.0,1088
684,73915182,Lil Flexy I am8,0.0,1089
292,51276356,Fakiu BB,0.0,1090
672,72628943,Grrlglglg,0.0,1091
671,72557634,Hector133,0.0,1092
730,76345171,RengoJR,0.0,1093
733,76502028,Bar Liar Y,0.0,1094
238,40448251,Habib123ka4,0.0,1095
237,40419140,Lazzys beefstew,0.0,1096
797,80104536,Millzz,0.0,1097
796,80093965,S P L l F F,0.0,1098
794,7996506,BABY Jolan,0.0,1099
793,79940825,Hʋŋtɘʀ,0.0,1100
208,37763148,Fallin002,0.0,1101
214,38672458,Red Devilsss,0.0,1102
778,79360533,屮 Escan0r 屮,0.0,1103
773,78844814,Slayer LegionX,0.0,1104
772,78825352,nhàtaocóTV,0.0,1105
769,78800403,NASTHAEL,0.0,1106
765,78546222,XHĐ1989,0.0,1107
764,78405318,Pirate cimut,0.0,1108
224,39494780,tookax,0.0,1109
226,39666473,Fallin0001,0.0,1110
757,77796370,R R THANKS,0.0,1111
756,77771007,DjieSamSoee,0.0,1112
754,77753647,义Pirate义,0.0,1113
750,77644159,BabyBlackshadow,0.0,1114
748,77529769,rjmb,0.0,1115
746,77415864,KangBakso471,0.0,1116
230,39751049,Pirate Nebu II,0.0,1117
741,76856995,M3llow Izzy x,0.0,1118
234,4,SoujiroLEE,0.0,1119
669,72466066,Polcadot,0.0,1120
667,72334719,Taurus 0,0.0,1121
293,5128347,Corhejlo,0.0,1122
577,66715811,Noka AXL,0.0,1123
385,58681682,Lemon彩虹,0.0,1124
386,58698652,BubblesLvs2Farm,0.0,1125
388,58815176,Baby yakoô,0.0,1126
568,66337482,Mᴀᴛsᴜʀɪ,0.0,1127
566,66238127,Jeg forstar ikk,0.0,1128
565,66226973,A죽음,0.0,1129
562,66055533,Bye Tuga Farm,0.0,1130
559,65877360,ASHIMO LION,0.0,1131
391,58920386,M3llow Empress,0.0,1132
556,65548507,FarmerMoxina,0.0,1133
549,65004476,KFC chickenn,0.0,1134
401,59373607,ᵈᶦʳᵗʸZA,0.0,1135
546,64873354,Mini MongD,0.0,1136
545,64576781,Lil Flamma,0.0,1137
540,64357899,Lovebooty,0.0,1138
420,60665838,Bloodrocuted,0.0,1139
431,61827973,MSTTNCC,0.0,1140
442,61983631,FDantss,0.0,1141
457,62458819,自由ㅅ 小怪,0.0,1142
508,63736667,SabdopaloN Jr,0.0,1143
501,63622109,ÃquaBöťòĺ,0.0,1144
485,63389548,Jenderal Semut,0.0,1145
491,63498244,oDVHo F1,0.0,1146
575,66504517,Castratikon,0.0,1147
383,58455235,ServantTiger,0.0,1148
663,71782184,OmniManToo,0.0,1149
382,58443603,SlaveTiger,0.0,1150
299,51796131,Persian King 87,0.0,1151
301,52148124,JamesVeryT,0.0,1152
648,70669896,BANTENG BLAGU,0.0,1153
1,10078313,DolphynPanchito,0.0,1154
320,53653040,Troll Hüntęr,0.0,1155
334,55127138,TrollHüntręss,0.0,1156
335,55133103,Tsunade     WTF,0.0,1157
337,55157892,4Zinc,0.0,1158
339,55423883,suppermen  1,0.0,1159
340,5551404,mini Hoolee,0.0,1160
624,69220396,BigLoai,0.0,1161
622,69100400,saw FarhoD,0.0,1162
619,68760958,Mini Hanie 1,0.0,1163
349,55889857,CAP Farm,0.0,1164
350,55986797,Slayer X Leoboy,0.0,1165
606,68138742,乂 Zora 乂,0.0,1166
353,56189359,LuffyLikePuffy,0.0,1167
597,67465056,M WARSONGᴿᴬ,0.0,1168
363,57069821,齐天大圣17,0.0,1169
372,57893941,Carnitas955,0.0,1170
375,58137034,Valkilittl,0.0,1171
378,58310757,Killplus,0.0,1172
583,67069422,亗㋡PirateSTEVE,0.0,1173
1064,95833977,ᴳᴳ Ana,0.0,1174
202,37447605,ToTA966,0.0,1175
806,80309379,PirateDickHead,0.0,1176
100,20605198,AfroditA I,0.0,1177
1011,95491469,ᶜʳᵉᵉᴰ,0.0,1178
1009,95476219,MrFreewind,0.0,1179
1008,95473038,Dark PİRATE メ,0.0,1180
1006,95449096,M3llow 5010m0n,0.0,1181
1005,95413495,Pierrot CEO,0.0,1182
1004,95382558,Thê Jøkęr,0.0,1183
1003,95370607,Slayer X RexRie,0.0,1184
1002,95337325,BatuhanSahinn,0.0,1185
103,20946021,Pico10yearsold,0.0,1186
1000,95303176,EDlT NICKNAME,0.0,1187
999,94267350,Pirate Ørń,0.0,1188
998,93678362,cháN đờI,0.0,1189
106,21361332,12belaguks,0.0,1190
991,91938689,city xspd,0.0,1191
989,91456190,lorde edge,0.0,1192
985,91404607,Ｆ Ｕ Ｒ Ｙ,0.0,1193
107,21362209,Slayer X Rakay,0.0,1194
982,91345871,ꜰᴜɴᴋ シ,0.0,1195
981,91324773,DZ  亗  HUNTER,0.0,1196
979,90952973,RoyParker,0.0,1197
978,90945690,Kreeholio,0.0,1198
977,90940423,Valkyrie Valara,0.0,1199
976,90935992,Paperkylla,0.0,1200
1013,95540014,DevinoxD4th,0.0,1201
1016,95607392,Sharks2009,0.0,1202
192,35511600,Tests fckup,0.0,1203
1020,95667881,Ms Revane,0.0,1204
1062,95808013,Anbu Kyando,0.0,1205
1061,95769419,Small Yasuo vn,0.0,1206
1060,95698763,Jounin Storm,0.0,1207
68,16898698,Fr소nchy亗Yeo,0.0,1208
1057,95682056,Trooper Shinyai,0.0,1209
71,17232791,Chob73,0.0,1210
73,17373071,YSf,0.0,1211
1054,95680832,MrChunkiebean,0.0,1212
1051,95679932,Darth Guy,0.0,1213
1049,95678848,Your Lil Donutz,0.0,1214
1048,95678464,xPokerPQ,0.0,1215
77,17539883,Dixie  Normous,0.0,1216
1046,95678322,Mr DrAkEnN,0.0,1217
1045,95678108,Killer BKBL4Z3,0.0,1218
82,17739137,BabyChoda,0.0,1219
88,18401805,stoned farm 6,0.0,1220
1037,95677106,GWENDOLYN POOLE,0.0,1221
1032,95676696,FîshGold,0.0,1222
1031,95676651,Baby Lieber,0.0,1223
91,19025454,Rexy Scarlet,0.0,1224
1029,95676492,pirate snowman,0.0,1225
1027,95676360,PapaZiggᴿᴬ,0.0,1226
1025,95676117,Jounin Lima0128,0.0,1227
974,90827038,I Love 2285,0.0,1228
0,0,LiarsV,0.0,1229
972,90421701,MW NaMi,0.0,1230
881,84449449,ReignTwo,0.0,1231
872,83961633,SEDAT PeKeR,0.0,1232
870,83773499,Viddik,0.0,1233
865,83636766,belaguu,0.0,1234
145,27794057,Hoolee fm,0.0,1235
146,27831676,M3llow QUeen,0.0,1236
854,83429851,ᴮᴰᴳÇimut,0.0,1237
155,29115500,DN0,0.0,1238
839,82311998,M3llow Saksa,0.0,1239
834,81756302,SHSH神神,0.0,1240
165,30844064,Crystål,0.0,1241
832,81748803,SHSH月月,0.0,1242
166,30895403,ASAP Flacko,0.0,1243
169,31137582,ASTARTEA I,0.0,1244
828,81532426,pąpůť,0.0,1245
824,81359161,彡2 Angel ヅ,0.0,1246
822,81006115,Newbie 26H,0.0,1247
820,80867484,RussDaRabbit VS,0.0,1248
816,80699071,Pirate۞Gypsy,0.0,1249
814,80636643,FarmLouie1,0.0,1250
813,80565868,EVANGELION02,0.0,1251
186,34497254,Bitcorn,0.0,1252
190,35309022,LeugimPT2,0.0,1253
808,80358024,Pirate Storm,0.0,1254
967,89984847,z Lạc lạc z,0.0,1255
878,84184533,Fairy Tough,0.0,1256
136,26164401,A Coffee God,0.0,1257
886,84468905,HoneyCook,0.0,1258
966,89921027,Serito Кun,0.0,1259
963,89422675,supersim,0.0,1260
961,89230814,R  E P L A Y,0.0,1261
958,88919373,Sir Jacquouille,0.0,1262
953,88096540,Aom2564,0.0,1263
952,88028769,TikkaT3,0.0,1264
949,87981918,Piяate Jєwєl,0.0,1265
117,22634309,LAAMO,0.0,1266
943,86732270,JUANJO1,0.0,1267
942,86624714,Cro Patria ٚ,0.0,1268
940,86518330,BU Kelly,0.0,1269
127,24899358,Ranger 61,0.0,1270
918,85445513,ZAFAZ,0.0,1271
129,25459192,schys,0.0,1272
132,25538500,UKnowWho,0.0,1273
133,25782702,Îrïs,0.0,1274
901,84721426,Slayer X Yan,0.0,1275
900,84665686,711 pirate,0.0,1276
134,25866777,Amaiaz,0.0,1277
895,84500039,liloliks,0.0,1278
135,25947549,Oreana,0.0,1279
496,63579047,Licht Red Baron,0.0,1280
576,66506925,LaserCannondeth,-30254.0,1281
666,72197579,QuuenBankk,-4095028.0,1282
842,82887206,D1sasterx87,-6851148.0,1283
79,17647992,Laokiror,-32241194.0,1284
