,Date_Good,Name,Governor ID,KVK contrib,New Ranking,Gov Id,Formula,Old Ranking
0,2022-01-01,VikThōr,58883891,132478282.0,0,58883891,100377094.0,0.0
2,2022-01-01,义Kakaroto义,96502129,89682679.0,2,96502129,81952961.0,1.0
1,2022-01-01,CałîTheGreat,85689750,104321780.0,1,85689750,80596892.0,2.0
3,2022-01-01,I am Nerf,95459238,83975196.0,3,95459238,75580859.0,3.0
4,2022-01-01,Shanewarwolf,38232075,65335518.0,4,38232075,59676642.0,4.0
5,2022-01-01,Moxina,64115009,64441091.0,5,64115009,53176918.0,5.0
9,2022-01-01,义Rengoku义,10391630,54212930.0,9,10391630,51625444.0,6.0
7,2022-01-01,Grandpa OG,8042386,54775819.0,7,8042386,48997983.0,7.0
6,2022-01-01,diR,37239310,55889329.0,6,37239310,48601102.0,8.0
11,2022-01-01,RED SnappER,64237899,50772370.0,11,64237899,47006400.0,9.0
10,2022-01-01,TheRealMimi,217385,52495387.0,10,217385,46408887.0,10.0
8,2022-01-01,Jedi Mätty,95676399,54386028.0,8,95676399,45441108.0,11.0
17,2022-01-01,คtlคs,62739007,44338251.0,17,62739007,40473385.0,12.0
16,2022-01-01,I Am Lazzÿ,3534140,44350487.0,16,3534140,40239377.0,13.0
12,2022-01-01,Himurã,63598668,49173684.0,12,63598668,40152142.0,14.0
14,2022-01-01,HotShotTiger,58442808,47344458.0,14,58442808,39406284.0,15.0
21,2022-01-01,Busterblader,10327115,41901161.0,21,10327115,38831292.0,16.0
19,2022-01-01,ALMIGHTY BLACK,39756277,42663765.0,19,39756277,37592648.0,17.0
23,2022-01-01,BabyPuto,26254887,40453844.0,23,26254887,36007753.0,18.0
15,2022-01-01,PABAN,71320446,44832034.0,15,71320446,35314131.0,19.0
22,2022-01-01,ARISA OG,8918322,41578010.0,22,8918322,34167859.0,20.0
20,2022-01-01,Mr Bigfish,95676746,42250499.0,20,95676746,33214622.0,21.0
18,2022-01-01,LionsR0ar,12782581,43869763.0,18,12782581,32738973.0,22.0
25,2022-01-01,mantovinii,63932677,38079135.0,25,63932677,32645996.0,23.0
28,2022-01-01,Dantss个,50114134,35673698.0,28,50114134,32555366.0,24.0
13,2022-01-01,GGerard,14138612,49103769.0,13,14138612,31774638.0,25.0
24,2022-01-01,xNJx,2796071,40438770.0,24,2796071,31314654.0,26.0
34,2022-01-01,RubbMyNuts,13816815,31230318.0,34,13816815,29016532.0,27.0
33,2022-01-01,乄 Gembel 乄,33305369,31408441.0,33,33305369,28483752.0,28.0
29,2022-01-01,Flexÿ,63955350,35190033.0,29,63955350,28139857.0,29.0
32,2022-01-01,FlammA,57141256,31615561.0,32,57141256,27137673.0,30.0
31,2022-01-01,Vivadiva,96566351,31766142.0,31,96566351,26991789.0,31.0
37,2022-01-01,Odysseus シ,59797086,30097499.0,37,59797086,26834900.0,32.0
41,2022-01-01,父 Crystal 父,28618527,29283704.0,41,28618527,26719777.0,33.0
39,2022-01-01,CISILIA,63774991,29505023.0,39,63774991,25688202.0,34.0
40,2022-01-01,Marcusᴳᴺᴳ,54977338,29335920.0,40,54977338,25637168.0,35.0
47,2022-01-01,Executioner AF,18373874,27374703.0,47,18373874,25524553.0,36.0
51,2022-01-01,乂 HAXOR 乂,36397118,26520098.0,51,36397118,25499812.0,37.0
30,2022-01-01,Vēnomous OG,80489423,31841418.0,30,80489423,25121595.0,38.0
45,2022-01-01,SonicSuren,62942972,28171617.0,45,62942972,25077634.0,39.0
35,2022-01-01,Kоlуan,62080073,30642248.0,35,62080073,25070924.0,40.0
50,2022-01-01,GangstaAmmye个,15984647,26694539.0,50,15984647,24988720.0,41.0
48,2022-01-01,Sir Rockzo,52619890,26991942.0,48,52619890,24690123.0,42.0
53,2022-01-01,ᴰᴳ TheWall,683664,26374873.0,53,683664,24631979.0,43.0
49,2022-01-01,nail1ÿ,63886129,26959896.0,49,63886129,24262364.0,44.0
58,2022-01-01,义Anasboi义,67137328,24762530.0,58,67137328,23935304.0,45.0
27,2022-01-01,Chalder,63737713,36091011.0,27,63737713,23798521.0,46.0
65,2022-01-01,LyoKo,39673397,23829270.0,65,39673397,23628039.0,47.0
54,2022-01-01,Valkiara,47351877,25755662.0,54,47351877,23379854.0,48.0
66,2022-01-01,EzItzOnlyJay,76297693,23766721.0,66,76297693,23258301.0,49.0
26,2022-01-01,NEBs,66371997,36198106.0,26,66371997,23105919.0,50.0
42,2022-01-01,Suga 旬,49911535,29215403.0,42,49911535,22876161.0,51.0
75,2022-01-01,Haladîr,55086798,22896553.0,75,55086798,22668325.0,52.0
44,2022-01-01,Big Piens Shake,11694371,28237970.0,44,11694371,22366041.0,53.0
73,2022-01-01,PhyxiÂ,16759370,23205765.0,73,16759370,22208122.0,54.0
36,2022-01-01,Yakoo OG,46972060,30511635.0,36,46972060,22104397.0,55.0
56,2022-01-01,Alungga,23896432,25276742.0,56,23896432,21997975.0,56.0
52,2022-01-01,AssAssin A,52419470,26502400.0,52,52419470,21886093.0,57.0
78,2022-01-01,1LimitBreakr,28759255,22377753.0,78,28759255,21692316.0,58.0
55,2022-01-01,BokuToヅ,75888646,25293914.0,55,75888646,21663770.0,59.0
76,2022-01-01,Fallin000,33726432,22895587.0,76,33726432,21277411.0,60.0
87,2022-01-01,HunterDemons,56345194,21175486.0,87,56345194,21171454.0,61.0
81,2022-01-01,M3llow KiNg x,27082807,21784887.0,81,27082807,21153977.0,62.0
70,2022-01-01,Bubuhan Paculer,67999885,23382126.0,70,67999885,20929109.0,63.0
94,2022-01-01,Kingsummer OG,59331015,20669745.0,94,59331015,20492981.0,64.0
60,2022-01-01,亗BLS EVIL亗,40412748,24750347.0,60,40412748,20384045.0,65.0
96,2022-01-01,ᵗᵉᵃTime,15689544,20609854.0,96,15689544,20185809.0,66.0
64,2022-01-01,PʀøHᴀcJJk,12645110,23953395.0,64,12645110,20162450.0,67.0
67,2022-01-01,IrоnGiant,37732597,23708954.0,67,37732597,19940510.0,68.0
97,2022-01-01,暗丶BRAYAN亗,33738318,20592747.0,97,33738318,19681221.0,69.0
61,2022-01-01,RuKh,11904157,24395075.0,61,11904157,19642327.0,70.0
43,2022-01-01,Wings Shin,19435040,28448674.0,43,19435040,19453733.0,71.0
88,2022-01-01,MOTOROLА,38980106,21031357.0,88,38980106,19440180.0,72.0
93,2022-01-01,I Am Tea,95682829,20691816.0,93,95682829,19302067.0,73.0
46,2022-01-01,a4dani,73551691,27602845.0,46,73551691,19275350.0,74.0
107,2022-01-01,DHAFIR OG,68543872,19578161.0,107,68543872,19267274.0,75.0
84,2022-01-01,PM Nicha,77967742,21516889.0,84,77967742,18999150.0,76.0
74,2022-01-01,Royal Gazza,46678919,23137586.0,74,46678919,18982037.0,77.0
68,2022-01-01,DARK EVIL 亗,52515492,23589600.0,68,52515492,18771399.0,78.0
91,2022-01-01,Prоstoy,76216620,20823813.0,91,76216620,18577657.0,79.0
69,2022-01-01,Chrollо,58996561,23551186.0,69,58996561,18541897.0,80.0
102,2022-01-01,暗丶CaliSham,16921563,20060944.0,102,16921563,18533910.0,81.0
104,2022-01-01,Chapo Taco,12877754,19997760.0,104,12877754,18416106.0,82.0
83,2022-01-01,VARTOLÒ,52375803,21716108.0,83,52375803,18185052.0,83.0
109,2022-01-01,DaProd,73870935,19164208.0,109,73870935,18163019.0,84.0
98,2022-01-01,Lazy Lýnx,63013160,20527337.0,98,63013160,18120412.0,85.0
92,2022-01-01,G A M  OG,51304605,20732721.0,92,51304605,18061660.0,86.0
116,2022-01-01,MadPharoh,39759597,18227364.0,116,39759597,18008735.0,87.0
122,2022-01-01,daNny,76923099,17916816.0,122,76923099,17916816.0,88.0
113,2022-01-01,GangstaMaruDGAF,17736708,18488561.0,113,17736708,17857064.0,89.0
89,2022-01-01,Slayer X Aki,9957322,21013570.0,89,9957322,17692901.0,90.0
86,2022-01-01,TimeWizard x,51632421,21290908.0,86,51632421,17484720.0,91.0
79,2022-01-01,ɳɢʊpɪ OG,59010105,22273735.0,79,59010105,17279581.0,92.0
77,2022-01-01,Holdimonster,3747243,22424157.0,77,3747243,17140351.0,93.0
100,2022-01-01,Lazy ﾒ Blue,62946708,20334373.0,100,62946708,16823252.0,94.0
38,2022-01-01,fluorin4ek,54378153,30060291.0,38,54378153,16760153.0,95.0
71,2022-01-01,BerryMuffins,16512590,23298288.0,71,16512590,16728217.0,96.0
120,2022-01-01,Mmarsh,6960423,18040748.0,120,6960423,16720124.0,97.0
114,2022-01-01,Sham Crackers,63615619,18370496.0,114,63615619,16367727.0,98.0
127,2022-01-01,JOLAN,17854556,17314788.0,127,17854556,16345640.0,99.0
112,2022-01-01,Bōt,59324361,18507477.0,112,59324361,16327246.0,100.0
129,2022-01-01,Izzy 永,75144155,17124853.0,129,75144155,16190911.0,101.0
62,2022-01-01,minero21,98013414,24174512.0,62,98013414,16139127.0,102.0
145,2022-01-01,Léxyy,76034575,16241012.0,145,76034575,16138216.0,103.0
123,2022-01-01,Fist me Daddy,61944693,17904071.0,123,61944693,16065929.0,104.0
111,2022-01-01,mustachride,11749129,18685301.0,111,11749129,16025188.0,105.0
119,2022-01-01,I BlackHeart I,19004552,18169547.0,119,19004552,15975255.0,106.0
154,2022-01-01,Qitiandsheng永,53459290,15880424.0,154,53459290,15880424.0,107.0
118,2022-01-01,㋛Marreta Preta㋛,40299040,18210340.0,118,40299040,15851909.0,108.0
126,2022-01-01,MongD2,58810130,17429929.0,126,58810130,15710430.0,109.0
90,2022-01-01,Beast Doc,34382164,20969741.0,90,34382164,15535759.0,110.0
99,2022-01-01,Ibn E Ijaz,15038629,20372809.0,99,15038629,15520112.0,111.0
95,2022-01-01,NEMOᴹⱽ,55874646,20634966.0,95,55874646,15515164.0,112.0
162,2022-01-01,Kira Kira Arina,62608777,15419765.0,162,62608777,15321876.0,113.0
110,2022-01-01,Legend ReX,58216523,18883220.0,110,58216523,15246857.0,114.0
117,2022-01-01,AndrewB2000,7681587,18214471.0,117,7681587,15162197.0,115.0
103,2022-01-01,Battle BEAST,65484538,20038633.0,103,65484538,15019152.0,116.0
63,2022-01-01,メFeldjager,54912695,24156839.0,63,54912695,15014186.0,117.0
115,2022-01-01,Radnaxi,63968661,18319861.0,115,63968661,14988893.0,118.0
169,2022-01-01,M3llow Queen x,26877031,15101741.0,169,26877031,14932109.0,119.0
153,2022-01-01,Lazy DUST,63453000,15960914.0,153,63453000,14906071.0,120.0
173,2022-01-01,Wenskiee,84507550,14869555.0,173,84507550,14869555.0,121.0
80,2022-01-01,乂 HYDRA 乂,39250773,22271805.0,80,39250773,14855619.0,122.0
152,2022-01-01,RedPrinceAzazel,30199415,15989474.0,152,30199415,14822274.0,123.0
101,2022-01-01,真心 ąđy,25182362,20160271.0,101,25182362,14803639.0,124.0
82,2022-01-01,Omniscient いち,43782411,21775439.0,82,43782411,14686180.0,125.0
163,2022-01-01,Jäzzmine,67202956,15390160.0,163,67202956,14563432.0,126.0
166,2022-01-01,Lady Manor,13551576,15313275.0,166,13551576,14455000.0,127.0
139,2022-01-01,Sir Brraapp,69541181,16608236.0,139,69541181,14447210.0,128.0
156,2022-01-01,Dèvalish,76122309,15663274.0,156,76122309,14428854.0,129.0
168,2022-01-01,Daduck,53562053,15240796.0,168,53562053,14415672.0,130.0
161,2022-01-01,SALLOUM44,31352114,15431768.0,161,31352114,14354500.0,131.0
155,2022-01-01,Legend Kobe,21998284,15844668.0,155,21998284,14346920.0,132.0
143,2022-01-01,FHK HellAngel,39637709,16323959.0,143,39637709,14268371.0,133.0
149,2022-01-01,4Zinc 永,54530345,16116388.0,149,54530345,14228388.0,134.0
170,2022-01-01,CIMO,39412545,15090049.0,170,39412545,14221734.0,135.0
147,2022-01-01,MaddKING Ragnar,70209602,16182047.0,147,70209602,14218963.0,136.0
105,2022-01-01,Dårth Invader,41086563,19955481.0,105,41086563,14129400.0,137.0
151,2022-01-01,DesaSasarean OG,59171934,16044000.0,151,59171934,14103418.0,138.0
150,2022-01-01,RoҜメMACHINEメ,34054731,16066637.0,150,34054731,14009029.0,139.0
179,2022-01-01,Wings of Rainy,44460685,14321255.0,179,44460685,13965856.0,140.0
72,2022-01-01,实意ʚevyɞ,31895462,23245304.0,72,31895462,13834472.0,141.0
131,2022-01-01,MarvNNN591,30236269,17076783.0,131,30236269,13798160.0,142.0
185,2022-01-01,COMANDANDE,59400106,14086296.0,185,59400106,13710454.0,143.0
142,2022-01-01,SlayerX MUSTAFA,46131252,16353306.0,142,46131252,13673960.0,144.0
108,2022-01-01,Bobö,96201962,19263782.0,108,96201962,13651544.0,145.0
182,2022-01-01,Hoolee,5944784,14146065.0,182,5944784,13457744.0,146.0
140,2022-01-01,Slayer X Ch0N,80394569,16566026.0,140,80394569,13303829.0,147.0
144,2022-01-01,BigTruck,11740217,16294454.0,144,11740217,13147106.0,148.0
148,2022-01-01,Alischer,6488711,16177171.0,148,6488711,13101490.0,149.0
106,2022-01-01,Sytore亗,81772415,19781340.0,106,81772415,13088006.0,150.0
180,2022-01-01,LESHiy,62323092,14227938.0,180,62323092,13083976.0,151.0
203,2022-01-01,ĴØЌÉŔR,35538798,13086657.0,203,35538798,13053303.0,152.0
121,2022-01-01,LegendKitoki OG,62679050,17993560.0,121,62679050,12974128.0,153.0
165,2022-01-01,SonStrike,63897345,15368730.0,165,63897345,12919934.0,154.0
137,2022-01-01,义Headhuntr义,1080643,16734177.0,137,1080643,12909255.0,155.0
178,2022-01-01,Sgt Muerte,52663991,14414123.0,178,52663991,12878871.0,156.0
184,2022-01-01,KillerM92,13780200,14099724.0,184,13780200,12831415.0,157.0
138,2022-01-01,Nebu I,33851182,16674841.0,138,33851182,12697103.0,158.0
141,2022-01-01,ßIank,75084130,16436508.0,141,75084130,12658790.0,159.0
124,2022-01-01,tailor p,64044209,17683938.0,124,64044209,12645759.0,160.0
175,2022-01-01,Emhily,63122485,14543360.0,175,63122485,12570383.0,161.0
172,2022-01-01,Liusen,65527076,14915923.0,172,65527076,12518161.0,162.0
171,2022-01-01,IJOMI OG,76195639,14930471.0,171,76195639,12465038.0,163.0
183,2022-01-01,Portelá,63595204,14124532.0,183,63595204,12392134.0,164.0
181,2022-01-01,暗 SeroS 戰,20843787,14173427.0,181,20843787,12305910.0,165.0
125,2022-01-01,裁决Blade,95678399,17611797.0,125,95678399,12277422.0,166.0
146,2022-01-01,Slayer X Kvothe,49174922,16198263.0,146,49174922,12235451.0,167.0
217,2022-01-01,Moon4lite,20379195,12206797.0,217,20379195,12206797.0,168.0
218,2022-01-01,High Mage Cowl,53572619,12180576.0,218,53572619,12180576.0,169.0
134,2022-01-01,Cram337,85825206,16820873.0,134,85825206,12132689.0,170.0
160,2022-01-01,ᴬᵂMalek,90190464,15433874.0,160,90190464,12127829.0,171.0
209,2022-01-01,乂T E F K A乂,81742039,12804276.0,209,81742039,12111165.0,172.0
214,2022-01-01,RichKupo,64309507,12473922.0,214,64309507,12083682.0,173.0
196,2022-01-01,TF26 OG,53639563,13441700.0,196,53639563,12069364.0,174.0
174,2022-01-01,Dia X YB,64177151,14620462.0,174,64177151,12004711.0,175.0
191,2022-01-01,R U M A 云 OG,41779923,13631465.0,191,41779923,11996328.0,176.0
188,2022-01-01,No Zig For You,68599021,13914300.0,188,68599021,11970436.0,177.0
197,2022-01-01,sant9gо,57442278,13433297.0,197,57442278,11890706.0,178.0
199,2022-01-01,fæ relax 8J,60811314,13307987.0,199,60811314,11856145.0,179.0
224,2022-01-01,ᴿᵒʸᵃᴵK,51651109,11875608.0,224,51651109,11845123.0,180.0
187,2022-01-01,MyBubbles,17875970,13958617.0,187,17875970,11839067.0,181.0
136,2022-01-01,BEP 1,10806254,16794677.0,136,10806254,11808208.0,182.0
157,2022-01-01,BDGㅊALVINᴿⱽ,64525422,15607791.0,157,64525422,11791518.0,183.0
186,2022-01-01,Fîshy,62660905,14044830.0,186,62660905,11678107.0,184.0
230,2022-01-01,FrankIyn,7143022,11598437.0,230,7143022,11598437.0,185.0
128,2022-01-01,FirestormV,63119959,17226581.0,128,63119959,11576844.0,186.0
207,2022-01-01,Meowkata,13816660,12817219.0,207,13816660,11528630.0,187.0
198,2022-01-01,Élyséen OG,69915557,13312814.0,198,69915557,11438971.0,188.0
232,2022-01-01,パンダPandà,53565432,11444588.0,232,53565432,11384714.0,189.0
132,2022-01-01,I M StoneBank,79498103,16995524.0,132,79498103,11352766.0,190.0
237,2022-01-01,NIGHT GRAP,65767675,11316670.0,237,65767675,11316670.0,191.0
238,2022-01-01,DarthB殺無赦,39190271,11289358.0,238,39190271,11289358.0,192.0
190,2022-01-01,DĒMŒN,61847388,13631484.0,190,61847388,11209154.0,193.0
205,2022-01-01,PALL0,16709976,12893641.0,205,16709976,11018469.0,194.0
192,2022-01-01,雨Kuma雨,20446496,13622523.0,192,20446496,11015327.0,195.0
246,2022-01-01,PopeTheFvckBoy,24577697,11140063.0,246,24577697,10994865.0,196.0
242,2022-01-01,GangstaDrëkles,59438289,11179441.0,242,59438289,10951881.0,197.0
247,2022-01-01,19Alim93 Dealer,62399898,11051550.0,247,62399898,10858653.0,198.0
210,2022-01-01,PICCO,43307988,12788668.0,210,43307988,10755197.0,199.0
254,2022-01-01,Kiĺĺer wolf,61838834,10715312.0,254,61838834,10715312.0,200.0
208,2022-01-01,Just Morenth,95676642,12813165.0,208,95676642,10701995.0,201.0
213,2022-01-01,ᴿᴿVARTHAN,78024889,12495018.0,213,78024889,10675092.0,202.0
177,2022-01-01,Spаniard,76851235,14414222.0,177,76851235,10620432.0,203.0
212,2022-01-01,Rules OG,76373142,12661440.0,212,76373142,10572993.0,204.0
133,2022-01-01,xBigWoodx,16710828,16939852.0,133,16710828,10466564.0,205.0
229,2022-01-01,XeLLin,75908772,11713883.0,229,75908772,10456307.0,206.0
202,2022-01-01,FàttyPrime,53573536,13089110.0,202,53573536,10454807.0,207.0
259,2022-01-01,Blackshadow26,63559810,10451227.0,259,63559810,10439423.0,208.0
216,2022-01-01,くˢᶜᵃʳʸ,29489887,12236861.0,216,29489887,10438325.0,209.0
195,2022-01-01,SabdopaloN,77946659,13472872.0,195,77946659,10397130.0,210.0
130,2022-01-01,BDGㅊHR Habib,36145615,17097492.0,130,36145615,10353725.0,211.0
167,2022-01-01,Wings of Yolo,56223472,15267983.0,167,56223472,10309466.0,212.0
59,2022-01-01,Amen0sa,38132570,24755766.0,59,38132570,10269661.0,213.0
219,2022-01-01,暗 Toxic Arrow,17413785,12167583.0,219,17413785,10212223.0,214.0
228,2022-01-01,Chuck乂Norris,62399044,11729451.0,228,62399044,10159804.0,215.0
204,2022-01-01,ICHIGO OG,70015615,13025848.0,204,70015615,10153705.0,216.0
253,2022-01-01,ᴰᴷ mōøvik,76795427,10756393.0,253,76795427,10152796.0,217.0
255,2022-01-01,Kopi no sugar,64306210,10589813.0,255,64306210,10124641.0,218.0
176,2022-01-01,slanter,43110892,14422881.0,176,43110892,10075427.0,219.0
267,2022-01-01,火SmileDance,75398017,10243230.0,267,75398017,10028325.0,220.0
220,2022-01-01,Nīght Kīng,63480706,12094592.0,220,63480706,9891691.0,221.0
241,2022-01-01,Rack7,54128420,11226192.0,241,54128420,9889650.0,222.0
225,2022-01-01,El3ctricity,7568329,11869958.0,225,7568329,9864408.0,223.0
206,2022-01-01,SinnerPridE,53720198,12880273.0,206,53720198,9852164.0,224.0
244,2022-01-01,GangstaAza DGAF,21463108,11145331.0,244,21463108,9848133.0,225.0
265,2022-01-01,S i m o   CG,17625084,10378851.0,265,17625084,9847477.0,226.0
263,2022-01-01,Cooper  X,64394420,10396607.0,263,64394420,9797022.0,227.0
252,2022-01-01,Lazy lady bep,55784967,10825501.0,252,55784967,9770608.0,228.0
271,2022-01-01,Dave D,37726163,9996402.0,271,37726163,9770607.0,229.0
272,2022-01-01,SMOKYR,69366835,9980066.0,272,69366835,9766621.0,230.0
200,2022-01-01,n y a,41925878,13268747.0,200,41925878,9759953.0,231.0
236,2022-01-01,TheDarkFuryᶰf,71824582,11333884.0,236,71824582,9748602.0,232.0
201,2022-01-01,Pirate Jmcdo4,67133364,13105633.0,201,67133364,9720609.0,233.0
261,2022-01-01,Bajietong OG,14020401,10420056.0,261,14020401,9597559.0,234.0
273,2022-01-01,Fiona SMASH,42467519,9973681.0,273,42467519,9571693.0,235.0
194,2022-01-01,CAP 117,22505871,13538932.0,194,22505871,9550229.0,236.0
211,2022-01-01,C㋛㋛per,67174967,12702735.0,211,67174967,9545903.0,237.0
221,2022-01-01,Test Knight,52618268,12026766.0,221,52618268,9521647.0,238.0
222,2022-01-01,OSkadon OG,63921213,11983034.0,222,63921213,9445966.0,239.0
288,2022-01-01,goeland27,55565597,9259002.0,288,55565597,9259002.0,240.0
292,2022-01-01,Skaylerr IND,69765624,9212261.0,292,69765624,9212261.0,241.0
189,2022-01-01,BlēsT,96257100,13726681.0,189,96257100,9169761.0,242.0
296,2022-01-01,Dᵘcᵏ Marley,21464078,9135189.0,296,21464078,9135189.0,243.0
298,2022-01-01,Erwinlim,67980415,9110582.0,298,67980415,9110582.0,244.0
245,2022-01-01,暗 pequod,15186568,11144984.0,245,15186568,9097581.0,245.0
278,2022-01-01,Atreus591,70857667,9622217.0,278,70857667,9030636.0,246.0
300,2022-01-01,IamGilbo,20462120,9000046.0,300,20462120,9000046.0,247.0
281,2022-01-01,Capn Toph,62853017,9552050.0,281,62853017,8969009.0,248.0
235,2022-01-01,Ring shoes care,45764094,11363580.0,235,45764094,8957667.0,249.0
233,2022-01-01,Lazy Luffy,61950882,11437779.0,233,61950882,8954528.0,250.0
215,2022-01-01,VEGASS X,23025917,12457683.0,215,23025917,8880164.0,251.0
276,2022-01-01,Rin OG,60134257,9910722.0,276,60134257,8872395.0,252.0
279,2022-01-01,Bigboybobo,50653451,9609468.0,279,50653451,8778118.0,253.0
290,2022-01-01,Sol InvictuS,67145172,9247076.0,290,67145172,8715406.0,254.0
302,2022-01-01,HAYzOM,29587991,8993029.0,302,29587991,8677566.0,255.0
282,2022-01-01,PirateカEitschiカ,42028782,9524900.0,282,42028782,8650729.0,256.0
285,2022-01-01,Cimeng OG,81263107,9327924.0,285,81263107,8607515.0,257.0
284,2022-01-01,lunav,32601257,9409020.0,284,32601257,8570890.0,258.0
249,2022-01-01,zaidoun,64085623,10967210.0,249,64085623,8540202.0,259.0
248,2022-01-01,Driscie,83619899,10999600.0,248,83619899,8493665.0,260.0
226,2022-01-01,Chinese299,51061315,11854230.0,226,51061315,8485052.0,261.0
299,2022-01-01,Wings of Lib,56316995,9090830.0,299,56316995,8458084.0,262.0
293,2022-01-01,Irenerene,20533430,9145709.0,293,20533430,8348192.0,263.0
264,2022-01-01,Mschief Manage,76180743,10392017.0,264,76180743,8315975.0,264.0
159,2022-01-01,Mr Kaoz,55851284,15494528.0,159,55851284,8296937.0,265.0
334,2022-01-01,Hopesyy,27737243,8020027.0,334,27737243,8286804.0,266.0
297,2022-01-01,火Karamag火,75397619,9126345.0,297,75397619,8047793.0,267.0
328,2022-01-01,Hhh2,63871718,8207285.0,328,63871718,8045659.0,268.0
314,2022-01-01,乛ᴷᴳ김사나暁,83068025,8535197.0,314,83068025,8038003.0,269.0
286,2022-01-01,Jessy Jr,17256004,9315987.0,286,17256004,7973640.0,270.0
164,2022-01-01,Syaorân Li,25531562,15389681.0,164,25531562,7901463.0,271.0
337,2022-01-01,Pir8IrenêAdler,67195299,7942412.0,337,67195299,7895019.0,272.0
340,2022-01-01,artemɪsɪa,25534380,7818104.0,340,25534380,7800689.0,273.0
257,2022-01-01,Sheldecks雷龘,96209643,10481578.0,257,96209643,7738374.0,274.0
342,2022-01-01,Konstantinos Ma,63179189,7737425.0,342,63179189,7737425.0,275.0
311,2022-01-01,Twiceborn two,26291665,8675250.0,311,26291665,7718250.0,276.0
275,2022-01-01,Mashmattatoe,33910779,9934034.0,275,33910779,7693012.0,277.0
304,2022-01-01,Murdøc,97560095,8937046.0,304,97560095,7685270.0,278.0
289,2022-01-01,Pat kingllll,62720594,9258723.0,289,62720594,7677831.0,279.0
262,2022-01-01,Warlord Ragnär,63751320,10399310.0,262,63751320,7660212.0,280.0
227,2022-01-01,Kyłe,83956095,11832226.0,227,83956095,7658222.0,281.0
352,2022-01-01,Callysta34,62687626,7558950.0,352,62687626,7558950.0,282.0
85,2022-01-01,Slayer X Jørg,72969016,21369477.0,85,72969016,7437617.0,283.0
243,2022-01-01,Dod OG,69851361,11155278.0,243,69851361,7437220.0,284.0
344,2022-01-01,AngelOfImpurity,63858590,7696676.0,344,63858590,7426559.0,285.0
322,2022-01-01,JēliBēคN,12358600,8312316.0,322,12358600,7417792.0,286.0
258,2022-01-01,Queen Risk人,76869735,10470259.0,258,76869735,7379174.0,287.0
338,2022-01-01,Candyrain,48281776,7853147.0,338,48281776,7370036.0,288.0
270,2022-01-01,Phorak,11328321,10061783.0,270,11328321,7282797.0,289.0
358,2022-01-01,Yavuz EVIL,37112672,7391794.0,358,37112672,7172108.0,290.0
362,2022-01-01,ABØ AŁ HASSAN,63896422,7238727.0,362,63896422,7165562.0,291.0
307,2022-01-01,MUshO,12971051,8857885.0,307,12971051,7139163.0,292.0
287,2022-01-01,SlayerˣSiDji,83310067,9263971.0,287,83310067,7012383.0,293.0
306,2022-01-01,暗 Moises P,17376374,8905973.0,306,17376374,6988655.0,294.0
375,2022-01-01,Zea OG,52710496,6978445.0,375,52710496,6978445.0,295.0
333,2022-01-01,LITTLE Jon,63573884,8036185.0,333,63573884,6971916.0,296.0
317,2022-01-01,愛麗絲Alíce,95560188,8466723.0,317,95560188,6856329.0,297.0
251,2022-01-01,PR㋛LETAR,35224446,10853217.0,251,35224446,6837666.0,298.0
239,2022-01-01,Sapper88,37773820,11268071.0,239,37773820,6772798.0,299.0
323,2022-01-01,Slayer X Shadow,64023189,8310894.0,323,64023189,6751993.0,300.0
315,2022-01-01,A7X fold,63900101,8529873.0,315,63900101,6744618.0,301.0
367,2022-01-01,Pirateᴀᴄᴇ,16272006,7080139.0,367,16272006,6744301.0,302.0
277,2022-01-01,Z theFvcker,57177740,9663131.0,277,57177740,6708283.0,303.0
301,2022-01-01,CRAZY HAPIT,61918448,8995647.0,301,61918448,6681091.0,304.0
310,2022-01-01,1P FOX,52435883,8721555.0,310,52435883,6643968.0,305.0
308,2022-01-01,Playdz,61498739,8813978.0,308,61498739,6624125.0,306.0
394,2022-01-01,shadow 0805,63080564,6499578.0,394,63080564,6499578.0,307.0
364,2022-01-01,Craneokid,96219972,7222988.0,364,96219972,6401456.0,308.0
345,2022-01-01,ChongChong84,62189019,7677848.0,345,62189019,6364944.0,309.0
280,2022-01-01,暗 Winter,16908012,9571639.0,280,16908012,6362534.0,310.0
339,2022-01-01,Imperator Venum,81744680,7825368.0,339,81744680,6349425.0,311.0
331,2022-01-01,ʟaᴜʀa OG,80449273,8102536.0,331,80449273,6338062.0,312.0
349,2022-01-01,义Pillow义,96569933,7627986.0,349,96569933,6211087.0,313.0
330,2022-01-01,YouGotCrabs,12182229,8108496.0,330,12182229,6197909.0,314.0
395,2022-01-01,toops405,63733625,6497589.0,395,63733625,6177290.0,315.0
360,2022-01-01,Duᶜᵏ Peachy,10882519,7341938.0,360,10882519,6160165.0,316.0
260,2022-01-01,JaneHunston,16028895,10427425.0,260,16028895,6074894.0,317.0
318,2022-01-01,GÃËTØŪ,81750678,8461061.0,318,81750678,6051232.0,318.0
353,2022-01-01,KinG 2020,67180833,7547494.0,353,67180833,5945448.0,319.0
369,2022-01-01,KinSy,60296881,7065218.0,369,60296881,5911881.0,320.0
350,2022-01-01,HarukoHanada,62326004,7615813.0,350,62326004,5908888.0,321.0
57,2022-01-01,Lazy Dark,61954227,25055733.0,57,61954227,5894421.0,322.0
374,2022-01-01,Pooty Dealer,75767119,6991509.0,374,75767119,5858119.0,323.0
327,2022-01-01,Ringo X,63894724,8255517.0,327,63894724,5825339.0,324.0
320,2022-01-01,PERSAIN,11904784,8369219.0,320,11904784,5779023.0,325.0
414,2022-01-01,WomBort,17736681,5960674.0,414,17736681,5760021.0,326.0
424,2021-12-29,ᵛⁿMr Crab,52130105,5756575.0,424,52130105,5756575.0,327.0
231,2022-01-01,Slayer X Krawa,29216170,11566818.0,231,29216170,5687727.0,328.0
372,2022-01-01,Beast Eicosoco,39418334,7028574.0,372,39418334,5680097.0,329.0
256,2022-01-01,AbbyRigg Hèró,1616635,10483460.0,256,1616635,5673929.0,330.0
283,2022-01-01,ッNoLubeTheFvckr,95681780,9436370.0,283,95681780,5672589.0,331.0
305,2022-01-01,Đumoƞt,37765024,8925900.0,305,37765024,5612695.0,332.0
397,2022-01-01,Lego Batman,62935309,6339892.0,397,62935309,5611738.0,333.0
423,2022-01-01,M3llowMabrock x,63811771,5758755.0,423,63811771,5585697.0,334.0
347,2022-01-01,Ahmad 81,53474171,7654471.0,347,53474171,5551623.0,335.0
329,2022-01-01,o POMPEY o,73901502,8124009.0,329,73901502,5544364.0,336.0
361,2022-01-01,AlphaOmegA,11915882,7275480.0,361,11915882,5455659.0,337.0
376,2022-01-01,Míck Dundee,91393098,6943836.0,376,91393098,5438866.0,338.0
438,2022-01-01,Jœÿ Dealer,30421620,5422696.0,438,30421620,5422696.0,339.0
439,2022-01-01,Pirate SamKtr41,56558968,5417331.0,439,56558968,5417331.0,340.0
440,2022-01-01,Nemesis523,63860398,5396865.0,440,63860398,5396865.0,341.0
398,2022-01-01,BDGㅊHridxᴿⱽ,62756828,6327968.0,398,62756828,5362822.0,342.0
380,2022-01-01,火 FUEGOLEON,70132784,6896029.0,380,70132784,5336949.0,343.0
335,2022-01-01,Danrif 冬,53702653,8013487.0,335,53702653,5270501.0,344.0
373,2022-01-01,义Galatian义,67184899,7003547.0,373,67184899,5210203.0,345.0
407,2022-01-01,vɪcᴛoʀɪᴀ,40541417,6111162.0,407,40541417,5203438.0,346.0
410,2022-01-01,XNXX IND jowo,61932165,6091169.0,410,61932165,5174042.0,347.0
396,2022-01-01,Jackncoke,6017556,6401745.0,396,6017556,5151902.0,348.0
431,2022-01-01,KAOZ the FVCKER,95678089,5556595.0,431,95678089,5141984.0,349.0
445,2022-01-01,Guan Chau OG,61178797,5158514.0,445,61178797,5117564.0,350.0
435,2022-01-01,SlicckRiick,73399169,5473457.0,435,73399169,5104032.0,351.0
447,2022-01-01,MetteHit,79910580,5113422.0,447,79910580,5014703.0,352.0
448,2022-01-01,SlayerXARGOBEL,64905605,5101726.0,448,64905605,4933837.0,353.0
404,2022-01-01,Queen Terrible,69765691,6172479.0,404,69765691,4923233.0,354.0
452,2022-01-01,Bigstone,33876264,4922281.0,452,33876264,4916886.0,355.0
351,2022-01-01,۞Lissa۞,37756270,7608918.0,351,37756270,4870473.0,356.0
269,2022-01-01,Sirvano,60954941,10163055.0,269,60954941,4858873.0,357.0
460,2022-01-01,自由ㅅ 自在,59967543,4762023.0,460,59967543,4762023.0,358.0
295,2022-01-01,Scott I武统,95317724,9144129.0,295,95317724,4756878.0,359.0
467,2022-01-01,WIN CôngĐạt,67246450,4689806.0,467,67246450,4689806.0,360.0
402,2022-01-01,Fluff n Fatale,62104788,6215219.0,402,62104788,4671758.0,361.0
469,2022-01-01,ßRÈÈŽŸ,96558455,4668150.0,469,96558455,4667662.0,362.0
234,2022-01-01,DRIFTERS187,62166694,11371521.0,234,62166694,4621295.0,363.0
463,2022-01-01,Bye Tuga,63575767,4724369.0,463,63575767,4620325.0,364.0
442,2022-01-01,AtticusWiggleBs,80187532,5253043.0,442,80187532,4599751.0,365.0
377,2022-01-01,MatYaki,56267611,6937218.0,377,56267611,4595097.0,366.0
400,2022-01-01,MikeScofield OG,59692706,6256568.0,400,59692706,4582011.0,367.0
468,2022-01-01,JealousSs,67147404,4672390.0,468,67147404,4571775.0,368.0
415,2022-01-01,Yura09 OG,59151829,5938382.0,415,59151829,4571421.0,369.0
365,2022-01-01,ReindeerGames,86176618,7216039.0,365,86176618,4569443.0,370.0
416,2022-01-01,SlayerˣBoy,66802116,5899670.0,416,66802116,4557895.0,371.0
461,2022-01-01,Zãnøagã,83526855,4756743.0,461,83526855,4550158.0,372.0
319,2022-01-01,Alex18Croatia,21090207,8410785.0,319,21090207,4528364.0,373.0
451,2022-01-01,XyouX,63627672,5028638.0,451,63627672,4513719.0,374.0
409,2022-01-01,Slayer X KiMi,80781472,6093431.0,409,80781472,4504522.0,375.0
370,2022-01-01,R4j44,63951987,7045641.0,370,63951987,4461114.0,376.0
291,2022-01-01,Louie13,69545360,9243882.0,291,69545360,4440606.0,377.0
473,2022-01-01,Slayer Prëtty,66903398,4564919.0,473,66903398,4380614.0,378.0
474,2022-01-01,338 Win kvk,66337757,4523809.0,474,66337757,4379811.0,379.0
441,2022-01-01,COBIN,44665294,5333862.0,441,44665294,4349743.0,380.0
432,2022-01-01,ᴹʳ ŦǤØ,88203498,5532654.0,432,88203498,4329473.0,381.0
381,2022-01-01,乇mperor卩nus,78804129,6892929.0,381,78804129,4313903.0,382.0
462,2022-01-01,PirateBootstrap,79884545,4754159.0,462,79884545,4301065.0,383.0
444,2022-01-01,Gilded Goat,96242448,5162580.0,444,96242448,4270845.0,384.0
420,2022-01-01,KhaLᴇᴇsí,73925214,5807098.0,420,73925214,4248513.0,385.0
437,2022-01-01,Big Daddy BaBa,30316476,5449620.0,437,30316476,4225947.0,386.0
482,2022-01-01,SlayerₓFiSt0,83571282,4328848.0,482,83571282,4222442.0,387.0
491,2022-01-01,Wings of rss,77846662,4206215.0,491,77846662,4206215.0,388.0
486,2022-01-01,The Clownfish,11075518,4251994.0,486,11075518,4192883.0,389.0
478,2022-01-01,RV EMONᴮᴰ,61834122,4428668.0,478,61834122,4082877.0,390.0
371,2022-01-01,ᴹᴬᴸer OG,74585022,7041349.0,371,74585022,4062942.0,391.0
378,2022-01-01,PIRATE BARBAROS,75712086,6930200.0,378,75712086,4024224.0,392.0
508,2022-01-01,lord Sitrix,51415089,3908327.0,508,51415089,3908327.0,393.0
430,2022-01-01,SirKage,21464563,5622883.0,430,21464563,3857365.0,394.0
498,2022-01-01,ʇuɐɥɔɹǝW,39693303,4108234.0,498,39693303,3815533.0,395.0
488,2022-01-01,ᴹᴰjrwn,9322230,4230828.0,488,9322230,3807051.0,396.0
465,2022-01-01,bArBaBiAnCa,63686087,4709535.0,465,63686087,3792049.0,397.0
476,2022-01-01,PREDATOŔ,68605432,4455288.0,476,68605432,3782361.0,398.0
517,2022-01-01,bioruben,67058811,3755423.0,517,67058811,3755423.0,399.0
434,2022-01-01,lady talia,63469420,5489692.0,434,63469420,3668939.0,400.0
484,2022-01-01,Mve,3094944,4280020.0,484,3094944,3612241.0,401.0
454,2022-01-01,QuicheeeX,51380796,4870600.0,454,51380796,3571768.0,402.0
268,2022-01-01,Jurabige,68399761,10234414.0,268,68399761,3533475.0,403.0
500,2022-01-01,义Sala义,66466622,4090378.0,500,66466622,3479719.0,404.0
532,2022-01-01,PT PTT  ジ,77930129,3496213.0,532,77930129,3467626.0,405.0
535,2022-01-01,SHAFINᴿⱽ,62017877,3460114.0,535,62017877,3460114.0,406.0
513,2022-01-01,M3llow Row,97465809,3831896.0,513,97465809,3415061.0,407.0
541,2022-01-01,LUKMANHAKIM,84895741,3357201.0,541,84895741,3357201.0,408.0
455,2022-01-01,Novalk ALL,67116818,4851377.0,455,67116818,3350536.0,409.0
472,2022-01-01,Legend SabaT,66817290,4577567.0,472,66817290,3317803.0,410.0
519,2022-01-01,RC STING,58359807,3714248.0,519,58359807,3251422.0,411.0
529,2022-01-01,Taco Banderas,12168880,3545968.0,529,12168880,3237221.0,412.0
505,2022-01-01,ItsAki II,16353531,3967395.0,505,16353531,3209101.0,413.0
540,2022-01-01,Slayer X Zi,37421375,3362988.0,540,37421375,3098176.0,414.0
539,2022-01-01,Guam81,63720400,3389231.0,539,63720400,3090704.0,415.0
507,2022-01-01,Fatima Az zahra,68715283,3908664.0,507,68715283,3066928.0,416.0
561,2022-01-01,SlayerˣCous,83660407,3024606.0,561,83660407,3024606.0,417.0
509,2022-01-01,EVillord,65935461,3880357.0,509,65935461,3018485.0,418.0
562,2022-01-01,CYBele,60297432,3018691.0,562,60297432,3012004.0,419.0
542,2022-01-01,NjörD,79774474,3310513.0,542,79774474,2993399.0,420.0
564,2022-01-01,恒纪元之星,42882386,2978302.0,564,42882386,2978302.0,421.0
555,2022-01-01,DeadZēd,81744337,3097829.0,555,81744337,2971730.0,422.0
567,2022-01-01,F A I T H 善,83201249,2952251.0,567,83201249,2952251.0,423.0
458,2022-01-01,CANİK TR,79444007,4793594.0,458,79444007,2944171.0,424.0
568,2022-01-01,FaustPicaro,62074305,2942912.0,568,62074305,2942912.0,425.0
495,2022-01-01,Seon deok,56084361,4117926.0,495,56084361,2891566.0,426.0
518,2022-01-01,Loard2002 OG,71064808,3751804.0,518,71064808,2890594.0,427.0
343,2022-01-01,Pirate R4J44,67130734,7733568.0,343,67130734,2865770.0,428.0
525,2022-01-01,Lykth,76218861,3613421.0,525,76218861,2864873.0,429.0
560,2022-01-01,Ya ustal pzd,22020212,3030290.0,560,22020212,2859987.0,430.0
528,2022-01-01,Slayer GX,53938211,3572529.0,528,53938211,2857852.0,431.0
572,2022-01-01,YONUS,34359083,2789389.0,572,34359083,2789389.0,432.0
545,2022-01-01,SlayerXNoble,76025975,3229065.0,545,76025975,2759971.0,433.0
536,2022-01-01,Legend CöCö,19626853,3425489.0,536,19626853,2748210.0,434.0
575,2022-01-01,ɴooᴅʟᴇ,5716022,2720471.0,575,5716022,2720471.0,435.0
556,2022-01-01,Louylou,9771821,3068372.0,556,9771821,2701216.0,436.0
506,2022-01-01,Simontx OG,69847791,3915466.0,506,69847791,2699932.0,437.0
433,2022-01-01,Traxxxx,17780812,5520235.0,433,17780812,2655792.0,438.0
566,2022-01-01,SpartaCouilles,82856645,2967695.0,566,82856645,2635536.0,439.0
527,2022-01-01,PIRATE BALAZS,63572648,3607110.0,527,63572648,2629887.0,440.0
557,2022-01-01,ᵀᴴᴱWIZARD,53803289,3066738.0,557,53803289,2626479.0,441.0
531,2022-01-01,x   Z I O N   x,70218713,3499054.0,531,70218713,2563991.0,442.0
456,2022-01-01,Harutya OG,60334815,4827390.0,456,60334815,2540751.0,443.0
601,2022-01-01,Zenxer,58195110,2491098.0,601,58195110,2491098.0,444.0
546,2022-01-01,Slayer Xenicus,83714282,3226365.0,546,83714282,2437568.0,445.0
579,2022-01-01,Slayer X Safred,65429385,2686621.0,579,65429385,2406018.0,446.0
610,2022-01-01,Melo 06,55846661,2395673.0,610,55846661,2395673.0,447.0
591,2022-01-01,Oxiurus Maximus,53317858,2610996.0,591,53317858,2383282.0,448.0
526,2022-01-01,slayerxoeschapa,43366078,3610383.0,526,43366078,2366727.0,449.0
511,2022-01-01,SlayerˣDASH,57403982,3854033.0,511,57403982,2363310.0,450.0
593,2022-01-01,Slayer乂Tweety,73802284,2586909.0,593,73802284,2352334.0,451.0
605,2022-01-01,Slayer X Nemo,62241563,2463969.0,605,62241563,2346887.0,452.0
502,2022-01-01,义 LKW 义,96215472,4063377.0,502,96215472,2336118.0,453.0
606,2022-01-01,M3llow Goolins,57418518,2445534.0,606,57418518,2334005.0,454.0
580,2022-01-01,mustachfarm,16578265,2682610.0,580,16578265,2235771.0,455.0
332,2022-01-01,Gaia Kight Chao,15800654,8054624.0,332,15800654,2188567.0,456.0
547,2022-01-01,ᶦᶰᵈカラス,63286295,3202807.0,547,63286295,2188225.0,457.0
600,2022-01-01,Slayer Hispania,83556524,2494563.0,600,83556524,2156117.0,458.0
626,2022-01-01,kokoroo OG,39976329,2118321.0,626,39976329,2118321.0,459.0
538,2022-01-01,Ali Gátor,86002978,3411781.0,538,86002978,2075564.0,460.0
551,2022-01-01,Flintチだ院,74919143,3152484.0,551,74919143,2075043.0,461.0
624,2022-01-01,Pirate Hunter38,85832280,2136294.0,624,85832280,2064844.0,462.0
628,2022-01-01,尺V AsiF,62017843,2060109.0,628,62017843,2060109.0,463.0
571,2022-01-01,ᴍʀ Delaney,89893125,2803773.0,571,89893125,2009180.0,464.0
634,2022-01-01,Barbosah,53734445,1975208.0,634,53734445,1975208.0,465.0
521,2022-01-01,Edd Teague 37,61069638,3640419.0,521,61069638,1969770.0,466.0
638,2022-01-01,Bangᴿⱽ,58615587,1953072.0,638,58615587,1953072.0,467.0
408,2022-01-01,Slayer X Dwardo,63601569,6107987.0,408,63601569,1929770.0,468.0
639,2022-01-01,PIRATE  BIICHO,17502418,1935176.0,639,17502418,1911155.0,469.0
642,2022-01-01,Pochemuchka,10154350,1908960.0,642,10154350,1908960.0,470.0
644,2022-01-01,SlayerₓGANJA,79819283,1889015.0,644,79819283,1889015.0,471.0
493,2022-01-01,RJMB,76158410,4136544.0,493,76158410,1879930.0,472.0
625,2022-01-01,Tesssssss,33738298,2121591.0,625,33738298,1863126.0,473.0
648,2022-01-01,Irélia Rx,38390141,1851446.0,648,38390141,1851446.0,474.0
620,2022-01-01,Slayer X NOBITA,45486740,2170909.0,620,45486740,1840571.0,475.0
464,2022-01-01,Bamboo ALL,67074469,4715347.0,464,67074469,1822949.0,476.0
616,2022-01-01,Slayer x badboy,69199791,2223535.0,616,69199791,1773780.0,477.0
652,2022-01-01,Parrot Equuleus,55567655,1782898.0,652,55567655,1760969.0,478.0
643,2022-01-01,ᵛⁿDVHⁿᵛ,84652781,1894182.0,643,84652781,1755904.0,479.0
597,2022-01-01,Brown Sugar KWT,96204830,2518447.0,597,96204830,1707528.0,480.0
641,2022-01-01,SlayerˣAdragar,83307848,1911648.0,641,83307848,1689108.0,481.0
662,2022-01-01,ÆTERNALS,57922872,1624286.0,662,57922872,1624286.0,482.0
664,2022-01-01,TabZkie,27960822,1618575.0,664,27960822,1618575.0,483.0
666,2022-01-01,eagle tr,21494429,1587434.0,666,21494429,1587434.0,484.0
558,2022-01-01,ᴮᴰNIMROD,76490131,3057074.0,558,76490131,1569220.0,485.0
604,2022-01-01,Momma Chode,2743724,2473664.0,604,2743724,1561680.0,486.0
674,2022-01-01,BENORAN,79083099,1516581.0,674,79083099,1510676.0,487.0
640,2022-01-01,axiaKing ツ OG,40823396,1914136.0,640,40823396,1506680.0,488.0
665,2022-01-01,Queen jail,69665867,1614721.0,665,69665867,1502086.0,489.0
676,2022-01-01,C h i K a,47257003,1499390.0,676,47257003,1499390.0,490.0
618,2022-01-01,xpad,76218406,2202353.0,618,76218406,1481926.0,491.0
637,2022-01-01,ᴷᴳ김사나,77683403,1959414.0,637,77683403,1397432.0,492.0
682,2022-01-01,Alotta Fagina,16891821,1396401.0,682,16891821,1396401.0,493.0
550,2022-01-01,Seed420,65750039,3153703.0,550,65750039,1356756.0,494.0
687,2022-01-01,N A I F 个,85880212,1350280.0,687,85880212,1350280.0,495.0
631,2022-01-01,Funtôme Sakura,34869648,2009504.0,631,34869648,1347796.0,496.0
671,2022-01-01,ᴾᵁ Dreams,83563824,1543394.0,671,83563824,1329513.0,497.0
690,2022-01-01,Slayer X Erica,79607276,1321698.0,690,79607276,1321698.0,498.0
607,2022-01-01,GremlinQUEEN,23205212,2427215.0,607,23205212,1318956.0,499.0
694,2022-01-01,Small SupDup,97102262,1246136.0,694,97102262,1246136.0,500.0
696,2022-01-01,AdolfфStalin,61109803,1220493.0,696,61109803,1220493.0,501.0
698,2022-01-01,Dotsawnt,96196248,1200168.0,698,96196248,1200168.0,502.0
701,2022-01-01,Khaled Ben Wali,46217069,1165183.0,701,46217069,1165183.0,503.0
703,2022-01-01,Pro RoK,38895906,1119191.0,703,38895906,1119191.0,504.0
655,2022-01-01,Heo Bé Ba,79756107,1695108.0,655,79756107,1118036.0,505.0
704,2022-01-01,PIRATE x MAUNG,71363203,1095603.0,704,71363203,1095603.0,506.0
684,2022-01-01,miss u wim,60891605,1373564.0,684,60891605,1094850.0,507.0
670,2022-01-01,Hoa Queen,49219204,1546030.0,670,49219204,1054018.0,508.0
681,2022-01-01,ᴾᴿᴼシ F1,79837494,1401565.0,681,79837494,1013007.0,509.0
711,2022-01-01,Chipi2021,84863879,999475.0,711,84863879,999475.0,510.0
714,2022-01-01,RichCupcake,66006431,971955.0,714,66006431,971955.0,511.0
716,2022-01-01,Y Amlak K,73670637,964426.0,716,73670637,964426.0,512.0
710,2022-01-01,Mighty Ares OG,60222813,1010475.0,710,60222813,935875.0,513.0
685,2022-01-01,viddik,29137686,1361228.0,685,29137686,918033.0,514.0
695,2022-01-01,M3llow Poro,96055460,1222987.0,695,96055460,911840.0,515.0
706,2022-01-01,Slayer X ORHAN,77544243,1056877.0,706,77544243,896928.0,516.0
718,2022-01-01,サイタマ one punch,38997259,894415.0,718,38997259,894415.0,517.0
724,2022-01-01,ヅIsmail 义,34358347,820985.0,724,34358347,820643.0,518.0
646,2022-01-01,G҉a҉r҉i҉p҉,68627238,1884840.0,646,68627238,807164.0,519.0
728,2022-01-01,火 Z E Y Z,71841266,784549.0,728,71841266,772490.0,520.0
692,2022-01-01,BOB the FVCKER,48452348,1310145.0,692,48452348,760487.0,521.0
731,2022-01-01,Tsunade  Dealer,55094256,755633.0,731,55094256,755633.0,522.0
732,2022-01-01,BassPirateRed,62608636,752861.0,732,62608636,752861.0,523.0
730,2022-01-01,Boemen,37461942,761065.0,730,37461942,743703.0,524.0
736,2022-01-01,Lýnx Farm Boss,63115280,725821.0,736,63115280,725821.0,525.0
737,2022-01-01,ll Taiga ll,19036336,706631.0,737,19036336,706631.0,526.0
739,2022-01-01,DaBanker jr,23041197,682233.0,739,23041197,682233.0,527.0
742,2022-01-01,Explosive Skull,13371305,639963.0,742,13371305,639963.0,528.0
748,2022-01-01,么 Explech 么,62289360,596201.0,748,62289360,596201.0,529.0
725,2022-01-01,Tôn Vủ,67663968,813784.0,725,67663968,592728.0,530.0
757,2022-01-01,Slayer Zain,75075936,479678.0,757,75075936,479732.0,531.0
760,2022-01-01,UmayKhan,84881332,447750.0,760,84881332,447750.0,532.0
766,2022-01-01,Fatima Azahra,78593770,428731.0,766,78593770,428731.0,533.0
768,2022-01-01,SEMRUK,43133759,417482.0,768,43133759,417482.0,534.0
771,2022-01-01,Pirate TanteJiN,63495915,407037.0,771,63495915,407037.0,535.0
741,2022-01-01,AMNA CASB,51213820,651621.0,741,51213820,377614.0,536.0
774,2022-01-01,CallMeTea1,15888946,340658.0,774,15888946,340658.0,537.0
776,2022-01-01,baby Robobo,95677486,300319.0,776,95677486,300319.0,538.0
777,2022-01-01,NjörD Farm,66144116,298987.0,777,66144116,298987.0,539.0
784,2022-01-01,Wiggly lou,12529038,269150.0,784,12529038,257550.0,540.0
790,2022-01-01,Byxoy Batya,23038649,228252.0,790,23038649,228252.0,541.0
793,2022-01-01,BaxeN,63790695,210178.0,793,63790695,210178.0,542.0
808,2022-01-01,OG SN0WMAN,70504681,143947.0,808,70504681,143947.0,543.0
809,2022-01-01,Pirate of Death,49691603,142347.0,809,49691603,142347.0,544.0
811,2022-01-01,Apocó,18881145,136187.0,811,18881145,136185.0,545.0
813,2022-01-01,ヤ DarkHadi,72502696,131463.0,813,72502696,131463.0,546.0
817,2022-01-01,GroundZilla,63918303,123722.0,817,63918303,120800.0,547.0
821,2022-01-01,VonLohengramm,85009635,108438.0,821,85009635,108438.0,548.0
826,2022-01-01,ᴹᴰAken,84425529,99391.0,826,84425529,99391.0,549.0
827,2022-01-01,ヤGetLost,84039013,95585.0,827,84039013,95585.0,550.0
822,2022-01-01,모조 Mojo M,63082694,108340.0,822,63082694,92936.0,551.0
829,2022-01-01,sh3rl0ck,17742942,87554.0,829,17742942,87554.0,552.0
830,2022-01-01,RichCheese,63636671,82158.0,830,63636671,82158.0,553.0
795,2022-01-01,PirateLapu2x,65094873,179711.0,795,65094873,64301.0,554.0
838,2022-01-01,FarmingBubbles,21257492,54382.0,838,21257492,54382.0,555.0
839,2022-01-01,PICCO Farm,73495285,54160.0,839,73495285,54160.0,556.0
848,2022-01-01,Aquilasia,62763532,35122.0,848,62763532,35122.0,557.0
851,2022-01-01,RunnerD,55584994,28864.0,851,55584994,28864.0,558.0
841,2022-01-01,TheTrueFarmer,41855461,51789.0,841,41855461,15136.0,559.0
874,2022-01-01,Castle Black69,68737021,12704.0,874,68737021,12084.0,560.0
884,2022-01-01,Miniᴳᴺᴳ,55136170,6647.0,884,55136170,6647.0,561.0
888,2022-01-01,Executioner V3,22926716,4723.0,888,22926716,4723.0,562.0
893,2022-01-01,Mini HYDRA,34330811,3482.0,893,34330811,3482.0,563.0
898,2022-01-01,尤吉歐Eugéo,68007996,1287.0,898,68007996,1287.0,564.0
832,2022-01-01,Schylur,20528847,76849.0,832,20528847,561.0,565.0
963,2022-01-01,Zãnoagã,10918651,0.0,963,10918651,0.0,566.0
891,2022-01-01,NINOOX,60244782,4186.0,891,60244782,0.0,567.0
1269,2022-01-01,Ranger 61,24899358,0.0,1269,24899358,0.0,568.0
1247,2022-01-01,RussDaRabbit VS,80867484,0.0,1247,80867484,0.0,569.0
794,2022-01-01,ItsAki III,14739629,187886.0,794,14739629,0.0,570.0
1154,2022-01-01,Troll Hüntęr,53653040,0.0,1154,53653040,0.0,571.0
1037,2022-01-01,Mini Marsh 01,1519039,0.0,1037,1519039,0.0,572.0
900,2022-01-01,lovebird1,79101788,1227.0,900,79101788,0.0,573.0
1159,2022-01-01,mini Hoolee,5551404,0.0,1159,5551404,0.0,574.0
1273,2022-01-01,Îrïs,25782702,0.0,1273,25782702,0.0,575.0
1066,2022-01-01,ᴹᴰKentttyyy,9589695,0.0,1066,9589695,0.0,576.0
1112,2022-01-01,义Pirate义,77753647,0.0,1112,77753647,0.0,577.0
705,2022-01-01,황신원 of Roseee,49964501,1068870.0,705,49964501,0.0,578.0
1014,2022-01-01,Mini Marsh 02,1518877,0.0,1014,1518877,0.0,579.0
1160,2022-01-01,BigLoai,69220396,0.0,1160,69220396,0.0,580.0
927,2022-01-01,Marsh Farm 1,1181144,0.0,927,1181144,0.0,581.0
1069,2022-01-01,Evangelion00,76274398,0.0,1069,76274398,0.0,582.0
1167,2022-01-01,M WARSONGᴿᴬ,67465056,0.0,1167,67465056,0.0,583.0
1128,2022-01-01,A죽음,66226973,0.0,1128,66226973,0.0,584.0
1124,2022-01-01,BubblesLvs2Farm,58698652,0.0,1124,58698652,0.0,585.0
1121,2022-01-01,Corhejlo,5128347,0.0,1121,5128347,0.0,586.0
1153,2022-01-01,DolphynPanchito,10078313,0.0,1153,10078313,0.0,587.0
1276,2022-01-01,Amaiaz,25866777,0.0,1276,25866777,0.0,588.0
1109,2022-01-01,Fallin0001,39666473,0.0,1109,39666473,0.0,589.0
946,2022-01-01,GIYU T0MI0KA,97830892,0.0,946,97830892,0.0,590.0
1171,2022-01-01,Killplus,58310757,0.0,1171,58310757,0.0,591.0
1095,2022-01-01,Lazzys beefstew,40419140,0.0,1095,40419140,0.0,592.0
1088,2022-01-01,Lil Flexy I am8,73915182,0.0,1088,73915182,0.0,593.0
386,2022-01-01,MrBANvn1st,78823033,6758159.0,386,78823033,-772985.0,594.0
356,2022-01-01,メDorukメ,79819300,7480399.0,356,79819300,-1232710.0,595.0
1073,2022-01-01,LORDOFDRAGONS,43893200,0.0,1073,43893200,-1325040.0,596.0
709,2022-01-01,乄Daver乄,9775721,1023879.0,709,9775721,-2530229.0,597.0
715,2022-01-01,مصعب المهاجر,62770125,968299.0,715,62770125,-2700266.0,598.0
1168,2022-01-01,齐天大圣17,57069821,0.0,1168,57069821,-3058516.0,599.0
635,2022-01-01,Princeツ,85918614,1970821.0,635,85918614,-3644832.0,600.0
1215,2022-01-01,Dixie  Normous,17539883,0.0,1215,17539883,-5200600.0,601.0
193,2022-01-01,small big boy,76251114,13606442.0,193,76251114,-7074956.0,602.0
713,2022-01-01,User 21,13373896,976233.0,713,13373896,-11479820.0,603.0
419,2022-01-01,OnlyFuzZ,12168629,5875608.0,419,12168629,-38225488.0,604.0
417,2022-01-01,Ｓｌoｔｈ,10621502,5895651.0,417,10621502,,605.0
135,2022-01-01,ミBee Chill彡,75522322,16807009.0,135,,,
158,2022-01-01,㐅1 cödè ㋛,95673384,15592565.0,158,,,
223,2022-01-01,nguyennopro,68694772,11889710.0,223,,,
240,2022-01-01,SlayerQueenCali,83297380,11258406.0,240,,,
250,2022-01-01,Arif Rh01,61924943,10944498.0,250,,,
266,2022-01-01,Slēep,69090210,10378018.0,266,,,
274,2022-01-01,Kuzäッ,96708632,9949853.0,274,,,
294,2022-01-01,Pirate Thorine,80644934,9145611.0,294,,,
303,2022-01-01,Mr GerNbET,95677203,8990811.0,303,,,
309,2022-01-01,BloodhounderSpy,29028720,8748183.0,309,,,
312,2022-01-01,M3llow Angelヅ,80264477,8592027.0,312,,,
313,2022-01-01,Berserkerシ,85766430,8551591.0,313,,,
316,2021-12-02,Trooper Clînt,96204648,8488218.0,316,,,
321,2022-01-01,Slayer X Stag,50379414,8359092.0,321,,,
324,2022-01-01,Pirate LoMboK,73393192,8291172.0,324,,,
325,2022-01-01,紫英 Amethy,96291019,8276055.0,325,,,
326,2022-01-01,VoidPsycho,95674238,8268694.0,326,,,
336,2022-01-01,Salah Dawod,85371359,8012894.0,336,,,
341,2022-01-01,AmeAmeAmeAmeAme,97127787,7789481.0,341,,,
346,2022-01-01,Jöss īī,87426831,7662547.0,346,,,
348,2022-01-01,Pirate Zapp,63478483,7647150.0,348,,,
354,2022-01-01,乂TekasHI乂,69967186,7498840.0,354,,,
355,2022-01-01,SlayerMarieJ,83566332,7489522.0,355,,,
357,2022-01-01,SAAD EVIL,76760949,7463724.0,357,,,
359,2022-01-01,Roi René 49,57087134,7382968.0,359,,,
363,2022-01-01,Talivan MX,60141103,7237971.0,363,,,
366,2022-01-01,乂JØN GØD乂,63354285,7200028.0,366,,,
368,2022-01-01,Ahok OG,56911574,7073846.0,368,,,
379,2022-01-01,Pirate D waow,76050609,6908905.0,379,,,
382,2022-01-01,cBЯToU Dealer,96464896,6868077.0,382,,,
383,2022-01-01,M3llow Beardy,80252834,6794241.0,383,,,
384,2022-01-01,Suepapi,78599363,6776637.0,384,,,
385,2022-01-01,Legend Heimam,96249805,6759853.0,385,,,
387,2022-01-01,PrZBeeblebrox,96188922,6689994.0,387,,,
388,2022-01-01,亗 Mezy,95677291,6641045.0,388,,,
389,2022-01-01,SlayerˣSophieM,84084376,6619302.0,389,,,
390,2022-01-01,Pirate Solo,56668188,6598402.0,390,,,
391,2022-01-01,SlayerˣPosty,96216683,6513875.0,391,,,
392,2022-01-01,We7ed Evilメ,85773434,6513848.0,392,,,
393,2022-01-01,Eriegums,66408786,6506322.0,393,,,
399,2022-01-01,ツĀV㋛ŤĀŔ,66765325,6317680.0,399,,,
401,2022-01-01,M3llowSlice,80343055,6245092.0,401,,,
403,2022-01-01,Slayer 乂 Yput,80223445,6174643.0,403,,,
405,2022-01-01,Legend Hades21,85349703,6120703.0,405,,,
406,2022-01-01,M3llow bsunny,82308267,6112152.0,406,,,
411,2022-01-01,SAYUR KÖL,44986862,6066565.0,411,,,
412,2022-01-01,LOKI123,81439535,6027845.0,412,,,
413,2022-01-01,M3llow Pe㋛rs,66374084,6006608.0,413,,,
418,2022-01-01,Laffty,15570213,5890993.0,418,,,
421,2022-01-01,〤Amskit〤,96547985,5792349.0,421,,,
422,2022-01-01,Dr Bruce,84468452,5787550.0,422,,,
425,2022-01-01,ʷʷ Hoshi,70654401,5749788.0,425,,,
426,2022-01-01,Pirate Baio,61086085,5722880.0,426,,,
427,2022-01-01,virus dz,96130941,5681367.0,427,,,
428,2022-01-01,511 pirate,84483508,5659490.0,428,,,
429,2021-12-14,Death Z7o55,69584739,5652703.0,429,,,
436,2022-01-01,Kraken Paris,71406414,5458923.0,436,,,
443,2021-12-29,Mr Ǥuss,95681157,5185413.0,443,,,
446,2022-01-01,iKingRagnar,31074420,5146872.0,446,,,
449,2022-01-01,Aɢɴɪ,96119113,5080959.0,449,,,
450,2022-01-01,ᴳᵂKzadé 왕자,84118914,5080176.0,450,,,
453,2022-01-01,M3llow Quinton,96265564,4918602.0,453,,,
457,2022-01-01,G U E V A R Aツ,92000528,4796799.0,457,,,
459,2022-01-01,WaterM3llow,80207342,4781833.0,459,,,
466,2022-01-01,EKSESô,67609112,4703500.0,466,,,
470,2022-01-01,Pirates AbuZaki,86883323,4639235.0,470,,,
471,2021-12-14,ᴰᴰBlackHawk,70130949,4590711.0,471,,,
475,2022-01-01,Pirate Adjie,63375965,4509076.0,475,,,
477,2022-01-01,Cim Cimeterium,76112824,4452866.0,477,,,
479,2022-01-01,Pirate Nanaメ,62351996,4418785.0,479,,,
480,2022-01-01,VR Sage,87615855,4381504.0,480,,,
481,2022-01-01,BloodViking57,96234720,4369880.0,481,,,
483,2022-01-01,Small Snow,95677201,4306123.0,483,,,
485,2022-01-01,M3llow Orphic,80727532,4269458.0,485,,,
487,2022-01-01,Lemonちゃん,84998606,4245949.0,487,,,
489,2022-01-01,ExileANt,96191862,4229847.0,489,,,
490,2022-01-01,ᴄᴏʀᴘsᴇ,95680750,4229802.0,490,,,
492,2022-01-01,I AM STIK,97061961,4195809.0,492,,,
494,2022-01-01,SLAYERDanny,70189040,4133766.0,494,,,
496,2022-01-01,FREEZEDOM,83681926,4109756.0,496,,,
497,2022-01-01,HarryPoTHeaD420,71366499,4109042.0,497,,,
499,2022-01-01,LiarsV,95629433,4100553.0,499,,,
501,2022-01-01,仒 Changretta,74357168,4064503.0,501,,,
503,2022-01-01,Doctor Magu,84457284,4000651.0,503,,,
504,2022-01-01,August ᴰᴷ,69972191,3989363.0,504,,,
510,2022-01-01,M3llow Abdi1838,57008215,3855446.0,510,,,
512,2022-01-01,Slayer XTogepik,83303668,3841383.0,512,,,
514,2022-01-01,Cr3epsReborn,84422173,3824252.0,514,,,
515,2022-01-01,césar le bon,85506145,3768284.0,515,,,
516,2022-01-01,Sułtąnąツ,86108244,3757912.0,516,,,
520,2022-01-01,TheDANdaLoRiaN,80244425,3646276.0,520,,,
522,2022-01-01,Slayer X Lexa,55179400,3634070.0,522,,,
523,2022-01-01,亗Pirate Lee,66284657,3632383.0,523,,,
524,2022-01-01,Slayer Kowalski,96653681,3627165.0,524,,,
530,2021-12-29,义pirate Cange,39750664,3534872.0,530,,,
533,2022-01-01,D U N K E R,90184186,3487310.0,533,,,
534,2022-01-01,ɪɴsᴀɴᴇ,95680616,3469366.0,534,,,
537,2022-01-01,I Am NoTTeA,15856222,3416245.0,537,,,
543,2022-01-01,QasehManje,96294305,3305417.0,543,,,
544,2021-12-14,DaCura,92123052,3255478.0,544,,,
548,2022-01-01,SlayerVannalla,96237983,3195348.0,548,,,
549,2022-01-01,SlayerˣØrney,97822225,3191457.0,549,,,
552,2022-01-01,HaeSoö,91384301,3146048.0,552,,,
553,2022-01-01,Anbu Charlotte,95679756,3136968.0,553,,,
554,2022-01-01,Slayer 乂 Dext,84087218,3103529.0,554,,,
559,2022-01-01,Slayer X Morlan,96255688,3051073.0,559,,,
563,2022-01-01,A i n gˢᶠ,76585321,2991920.0,563,,,
565,2022-01-01,Pᴇʀɪsɪᴋ,96224387,2971302.0,565,,,
569,2022-01-01,Slayer X Minato,71268595,2903204.0,569,,,
570,2022-01-01,Koruoa MINI,91218417,2895103.0,570,,,
573,2022-01-01,SlayerDmoniak93,83594081,2748919.0,573,,,
574,2022-01-01,乂DEAD MAN乂,85461131,2741972.0,574,,,
576,2022-01-01,Adley H,84623577,2719353.0,576,,,
577,2022-01-01,Spider mansasin,74264682,2703112.0,577,,,
578,2022-01-01,M3llow Spider,88905382,2687621.0,578,,,
581,2022-01-01,Pirate Lofted,88318766,2667398.0,581,,,
582,2022-01-01,Dr Ragnarson,96253628,2664310.0,582,,,
583,2022-01-01,M3llow Evë,80025938,2661084.0,583,,,
584,2022-01-01,Slayer x SooKe,83311677,2659769.0,584,,,
585,2022-01-01,M3LLOW SQUIRREL,97642297,2659409.0,585,,,
586,2021-12-14,連Lin15,33752045,2654607.0,586,,,
587,2022-01-01,shark vn,77427239,2652171.0,587,,,
588,2022-01-01,Ᵽinkie,97560016,2648691.0,588,,,
589,2022-01-01,ᴼˢGrupeFrait,85261054,2632230.0,589,,,
590,2022-01-01,RagnaRöK,84452211,2622214.0,590,,,
592,2022-01-01,fOLLOWyOURfUN,96282361,2594164.0,592,,,
594,2022-01-01,Tōkyo,95689782,2582201.0,594,,,
595,2022-01-01,JOSE2,67548799,2556465.0,595,,,
596,2022-01-01,M3llow Linh,96272429,2521426.0,596,,,
598,2022-01-01,Pirate Drughi,87137976,2505478.0,598,,,
599,2022-01-01,Legend MoRpeh シ,96675956,2499336.0,599,,,
602,2022-01-01,Trooper Farmer,95636110,2484564.0,602,,,
603,2022-01-01,WeFiSt0ᶤᶺ,85448673,2476927.0,603,,,
608,2022-01-01,BUNNYメID,61460506,2411901.0,608,,,
609,2022-01-01,Harald OG,68635481,2407121.0,609,,,
611,2022-01-01,Slayer x Luffy,83301961,2344511.0,611,,,
612,2022-01-01,Jon Snow KN,27730064,2335842.0,612,,,
613,2021-12-29,Spider Bøy,96119582,2331084.0,613,,,
614,2022-01-01,BigBlkClock,48439949,2325791.0,614,,,
615,2022-01-01,Lady Nude,96181565,2325748.0,615,,,
617,2022-01-01,PIlyo,91434902,2205530.0,617,,,
619,2022-01-01,I Am Brayan,86151634,2193370.0,619,,,
621,2022-01-01,ImAnRSoul,97435707,2170555.0,621,,,
622,2022-01-01,M3llow Treez,96240899,2159707.0,622,,,
623,2022-01-01,Jablay Pirate,83446660,2142901.0,623,,,
627,2022-01-01,Antź,84472406,2105091.0,627,,,
629,2022-01-01,BunnyOfImpurity,7696305,2056955.0,629,,,
630,2022-01-01,Ru Gaming,28653501,2033883.0,630,,,
632,2022-01-01,M3llow AMIR,93578062,2001363.0,632,,,
633,2022-01-01,MAMPOS KAU SITU,96198317,1981627.0,633,,,
636,2022-01-01,DJ 143,96200352,1970399.0,636,,,
645,2021-12-29,ㅡLIGHTㅡ,96259184,1886326.0,645,,,
647,2022-01-01,PIRATE vilmos,64520739,1854592.0,647,,,
649,2022-01-01,Bl4cK Wid0W,96241549,1802103.0,649,,,
650,2022-01-01,ProfZebu,90147351,1786657.0,650,,,
651,2022-01-01,oCcr16,85779450,1782972.0,651,,,
653,2022-01-01,ᴺᴼMęrcy,96095459,1723856.0,653,,,
654,2022-01-01,mAdzz y҉,95676183,1696208.0,654,,,
656,2022-01-01,MBDB,55587705,1687203.0,656,,,
657,2022-01-01,ˢᶦ Rippat,76603428,1674699.0,657,,,
658,2022-01-01,ᴹᴰ Kanako,84992368,1671746.0,658,,,
659,2022-01-01,AgentCarterRN,78939625,1640700.0,659,,,
660,2022-01-01,Slayer Azzahra,92573671,1637501.0,660,,,
661,2022-01-01,slayerxCROSFIRE,76153330,1629277.0,661,,,
663,2022-01-01,Slayer ˣ The0,75577618,1621174.0,663,,,
667,2022-01-01,Slayer x kentru,64059118,1571853.0,667,,,
668,2022-01-01,Brals ᴾᴴ,95677008,1556157.0,668,,,
669,2022-01-01,BoUnCeR61,79935816,1550455.0,669,,,
672,2022-01-01,CHANBAOKAN,96105156,1533317.0,672,,,
673,2022-01-01,Changé 嫦娥,95668784,1516608.0,673,,,
675,2022-01-01,Little Jūles,84934733,1499481.0,675,,,
677,2022-01-01,Pirate Bellamy,22967631,1489104.0,677,,,
678,2022-01-01,Giock,84469048,1471578.0,678,,,
679,2022-01-01,not ryn,4445859,1439705.0,679,,,
680,2021-12-14,JustFocusTheKVK,71318742,1410112.0,680,,,
683,2022-01-01,Mutaseeem,90920459,1394387.0,683,,,
686,2021-12-14,FLOPO,34601789,1353647.0,686,,,
688,2022-01-01,sᴿ Mentum,82428994,1336499.0,688,,,
689,2022-01-01,Dybala junior,70821752,1325503.0,689,,,
691,2022-01-01,ScReamOuS,71224394,1313272.0,691,,,
693,2022-01-01,Jagermiester,96244148,1250034.0,693,,,
697,2022-01-01,M3llow TNT,96593085,1220121.0,697,,,
699,2022-01-01,Pirate Kyy,82052885,1198858.0,699,,,
700,2022-01-01,Slayer aBo Rwan,83318918,1169775.0,700,,,
702,2022-01-01,PIRATE Zebu,11963714,1144354.0,702,,,
707,2022-01-01,Salao Pablitox,83552022,1029207.0,707,,,
708,2022-01-01,Oddᵗᵘᵍᵃ,61647508,1026584.0,708,,,
712,2022-01-01,piratepunisher,56567751,981825.0,712,,,
717,2022-01-01,SlayerˣTjoho,90084857,937684.0,717,,,
719,2022-01-01,Jackosville,84482307,893286.0,719,,,
720,2022-01-01,GweC,87989436,866340.0,720,,,
721,2022-01-01,Z3roCooL,84483050,848933.0,721,,,
722,2021-12-02,Mrpoppoybutthol,72346203,845439.0,722,,,
723,2022-01-01,G v B,83664660,842154.0,723,,,
726,2022-01-01,Babelou,96233893,810756.0,726,,,
727,2022-01-01,popie the great,84496079,803212.0,727,,,
729,2021-12-14,Lan Thương,88367615,777547.0,729,,,
733,2022-01-01,Reaperメ,85790011,747084.0,733,,,
734,2022-01-01,QuȺcksilver,82284361,735700.0,734,,,
735,2022-01-01,Moonraiser 2,91433759,735321.0,735,,,
738,2022-01-01,Slayer Almada,62548492,689292.0,738,,,
740,2022-01-01,〤MôSsMô〤,96549640,654563.0,740,,,
743,2022-01-01,Moustfa,84061546,635763.0,743,,,
744,2022-01-01,busdriver01,84489261,619361.0,744,,,
745,2021-12-14,THUG  القرم,16519446,617806.0,745,,,
746,2022-01-01,Ryoujii,95677955,614880.0,746,,,
747,2022-01-01,LUKMAN CAVA,84899781,601175.0,747,,,
749,2022-01-01,PolarT,76319094,562924.0,749,,,
750,2022-01-01,ᴰᴴWidoW,84468847,560084.0,750,,,
751,2022-01-01,M3llow Thinker,96246071,553863.0,751,,,
752,2022-01-01,Mr Kiraln,95676768,548631.0,752,,,
753,2022-01-01,Kayy00,68734401,527528.0,753,,,
754,2022-01-01,AlbabtooˣSalyr,83321029,506272.0,754,,,
755,2022-01-01,Harryslad,74240206,495633.0,755,,,
756,2022-01-01,SLAYERxVëdgë,84981994,489602.0,756,,,
758,2021-12-14,Åmmōnïå,56131025,468461.0,758,,,
759,2022-01-01,GeasLite,89617826,456836.0,759,,,
761,2021-12-14,Saddam68,61901644,445209.0,761,,,
762,2022-01-01,Pirate Desrt,89179743,442591.0,762,,,
763,2022-01-01,Not RK,6432716,433884.0,763,,,
764,2022-01-01,SlayerX Blablaa,65107216,430754.0,764,,,
765,2022-01-01,Slayer X Jixco,60304697,430591.0,765,,,
767,2022-01-01,Memorize 150421,53399282,426473.0,767,,,
769,2022-01-01,Pirate Wind,77220907,409456.0,769,,,
770,2022-01-01,Red Hulk Smash,59951634,408723.0,770,,,
772,2022-01-01,Nuạnoi,85229521,360375.0,772,,,
773,2022-01-01,Trooper Aomlove,96616712,342877.0,773,,,
775,2022-01-01,BokutoTW,27364120,310086.0,775,,,
778,2022-01-01,Trooper 尺ひﾉ,95676053,283162.0,778,,,
779,2022-01-01,LYN ZERO,76058615,279047.0,779,,,
780,2022-01-01,Dod 1,70615113,277422.0,780,,,
781,2022-01-01,Mikhæl,83529205,275405.0,781,,,
782,2022-01-01,CisiliA JR,79394174,274270.0,782,,,
783,2022-01-01,ツLeGeND SiTA,95486999,273590.0,783,,,
785,2022-01-01,Jerooooo,96165300,255417.0,785,,,
786,2021-12-14,ṩĶÿ ễ,76771772,246996.0,786,,,
787,2022-01-01,slayerX Qqueen,95822497,239891.0,787,,,
788,2022-01-01,Pirate Arcane,96224409,235695.0,788,,,
789,2022-01-01,RikoSaikawa,96007827,232565.0,789,,,
791,2022-01-01,Doggytanian,77762406,218221.0,791,,,
792,2021-12-14,Slayer X BTK,91606916,217302.0,792,,,
796,2022-01-01,Duckinpirates,87481833,176882.0,796,,,
797,2022-01-01,LUKMAN ARCHER,81531635,168173.0,797,,,
798,2022-01-01,BankOfRisk人,77645158,167472.0,798,,,
799,2021-12-29,A7 fold f2P,95544761,162679.0,799,,,
800,2022-01-01,Sartorial Man,75316554,158704.0,800,,,
801,2022-01-01,Pseudonymmm,84578178,155026.0,801,,,
802,2022-01-01,Small Mitsuki,95667863,154926.0,802,,,
803,2021-12-09,RemiiXxScuff,60059471,151764.0,803,,,
804,2022-01-01,paul04,96299025,149391.0,804,,,
805,2022-01-01,Slayer ROSE,80858495,148898.0,805,,,
806,2021-12-09,Bitasuka,79282837,146913.0,806,,,
807,2022-01-01,Old Theory,23947755,145208.0,807,,,
810,2022-01-01,xMalcom,96101018,139084.0,810,,,
812,2022-01-01,IchigoF1,68350663,133793.0,812,,,
814,2021-12-09,ᴹᴰSoma,84993931,131053.0,814,,,
815,2021-12-09,M3llow Set,96004591,129671.0,815,,,
816,2022-01-01,Queen Tigro,73461895,126106.0,816,,,
818,2022-01-01,ㅤPirate  Peace,98091482,115812.0,818,,,
819,2022-01-01,ItsAki IV,3909496,113899.0,819,,,
820,2022-01-01,Pirate Scarlett,95492445,109699.0,820,,,
823,2022-01-01,busdriver02,89303794,102836.0,823,,,
824,2022-01-01,JonnyKr 爺 2,69070665,101323.0,824,,,
825,2022-01-01,M3llow ZooTeR,96287173,100252.0,825,,,
828,2021-12-14,Pirate Begal,62988416,89598.0,828,,,
831,2022-01-01,SoujiroLEE,54234687,76918.0,831,,,
833,2022-01-01,ᴰᵀVƯƠNG,79488330,76409.0,833,,,
834,2022-01-01,Kvitravn Q,62903562,75558.0,834,,,
835,2022-01-01,Shahrivar,96577092,70081.0,835,,,
836,2022-01-01,BlēstFoodz,68019444,65247.0,836,,,
837,2022-01-01,NotSpicyMikee,5091253,57774.0,837,,,
840,2022-01-01,M3llow Choncc,58351719,53891.0,840,,,
842,2022-01-01,jedifarm,36769449,48161.0,842,,,
843,2022-01-01,亗 Solo Igris,95676757,46574.0,843,,,
844,2022-01-01,CallMeTea2,12971479,42738.0,844,,,
845,2022-01-01,TeMeHb,96410358,41754.0,845,,,
846,2022-01-01,ロストチャイルド,86570708,41081.0,846,,,
847,2022-01-01,チュパ,85942663,37842.0,847,,,
849,2022-01-01,Atyaf H,85461302,34136.0,849,,,
850,2022-01-01,TinyTifa2,63706408,33294.0,850,,,
852,2022-01-01,HEathens,58839227,28643.0,852,,,
853,2022-01-01,SM Jupiter 98,86290332,28179.0,853,,,
854,2022-01-01,Haniyasu G,73884186,27824.0,854,,,
855,2022-01-01,KillerXLeonidas,79799254,26818.0,855,,,
856,2022-01-01,Valkixo,73993251,25361.0,856,,,
857,2022-01-01,PRADA013,15114224,24914.0,857,,,
858,2022-01-01,xM3llow KiNg,20619443,24744.0,858,,,
859,2022-01-01,HISPAN0,1097477,24081.0,859,,,
860,2022-01-01,Guan Chau 2,66424168,23059.0,860,,,
861,2022-01-01,Pirate Nemo,70764354,22989.0,861,,,
862,2022-01-01,iKingRagnarr,35820841,22441.0,862,,,
863,2022-01-01,Pirate Sage,80257931,22041.0,863,,,
864,2022-01-01,LegendsNevaDie,88010657,21732.0,864,,,
865,2022-01-01,彡1 Angel ヅ,80959999,20099.0,865,,,
866,2022-01-01,AhBengKoh,60303728,19963.0,866,,,
867,2022-01-01,KOLAYMAUNG,92688471,15538.0,867,,,
868,2021-12-14,M3llow Shawarma,45187068,15316.0,868,,,
869,2021-12-14,ManiLAPIRATES,84993930,14788.0,869,,,
870,2022-01-01,Jounin Rey Vago,96217658,14720.0,870,,,
871,2022-01-01,ナハト ファウスト,36594863,14430.0,871,,,
872,2022-01-01,퀸GuangLingメ,59069826,14280.0,872,,,
873,2022-01-01,ゼロツー      002,58968368,13469.0,873,,,
875,2021-12-09,乂BILLY乂,70093676,12269.0,875,,,
876,2022-01-01,义 daeny 义,67704983,11698.0,876,,,
877,2022-01-01,Katara0304,38821571,11328.0,877,,,
878,2022-01-01,Nighty Fury,66190912,10823.0,878,,,
879,2022-01-01,Akenkeren2,86238869,10581.0,879,,,
880,2022-01-01,Lýnx Boss Farm,64319584,10006.0,880,,,
881,2022-01-01,BoosShakeShack,22274656,8748.0,881,,,
882,2022-01-01,Leo 0,83345137,8496.0,882,,,
883,2021-12-14,LegendDingus,95677139,7613.0,883,,,
885,2021-12-14,VALIANT Gekk,77727751,6435.0,885,,,
886,2021-12-14,Rifmoplet,70797559,5441.0,886,,,
887,2022-01-01,IM BLAGUK777,86247358,4890.0,887,,,
889,2022-01-01,Slugger187,78025780,4654.0,889,,,
890,2022-01-01,Pirate Pengwing,64016617,4278.0,890,,,
892,2022-01-01,Shepinski,6438579,4088.0,892,,,
894,2022-01-01,Farm Nit,57637301,3270.0,894,,,
895,2022-01-01,City xpd,81517208,1867.0,895,,,
896,2022-01-01,Proseccco,65163560,1427.0,896,,,
897,2022-01-01,Deadly Arrow,27930287,1375.0,897,,,
899,2022-01-01,Sudirman OG,90562328,1234.0,899,,,
901,2022-01-01,Low Fi Daver,28491704,1190.0,901,,,
902,2022-01-01,sinnerpride2,58025104,886.0,902,,,
903,2022-01-01,HatredCopter,53410809,764.0,903,,,
904,2021-12-14,analuiso,78782252,696.0,904,,,
905,2022-01-01,SiBuluBulu,70882216,573.0,905,,,
906,2022-01-01,Pirate Alim,29801029,444.0,906,,,
907,2022-01-01,Fehme,85366544,424.0,907,,,
908,2022-01-01,rank dark ue,59160864,242.0,908,,,
909,2022-01-01,Grandpa Farm4,50846273,140.0,909,,,
910,2021-12-09,GerNbET,91438459,56.0,910,,,
911,2021-12-29,Trooper Mal,97125033,0.0,911,,,
912,2021-12-09,Mr sheaffer,97123715,0.0,912,,,
913,2021-12-09,Trooperkamikaze,97121989,0.0,913,,,
914,2021-12-09,M3llow Rod,96170888,0.0,914,,,
915,2021-12-09,Groot DK,97091638,0.0,915,,,
916,2022-01-01,x  ACE  x,96174821,0.0,916,,,
917,2021-12-09,Mr neGspoD,96176549,0.0,917,,,
918,2021-12-09,Q U E E N I E E,97101811,0.0,918,,,
919,2021-12-09,Boss Paperkylla,96167374,0.0,919,,,
920,2021-12-09,Sneaky Link,96241263,0.0,920,,,
921,2021-11-22,Small REnAR,96191138,0.0,921,,,
922,2021-12-09,PirateMatuPatu,96776653,0.0,922,,,
923,2021-12-09,IronMan z4,96200949,0.0,923,,,
924,2021-12-09,SlayerXSkipper,96650925,0.0,924,,,
925,2021-12-09,Killer X Marco,96199430,0.0,925,,,
926,2021-12-09,Pirate Ryōta,96700452,0.0,926,,,
928,2021-12-14,x ETH x Farm,96197953,0.0,928,,,
929,2021-12-09,M3llows Thorgir,96197563,0.0,929,,,
930,2021-12-09,TilValhallaa,96970314,0.0,930,,,
931,2022-01-01,Bortron,16508127,0.0,931,,,
932,2021-12-09,父SɦǟʀҜ父,97075355,0.0,932,,,
933,2021-12-09,Aşhu Maşhu,96161791,0.0,933,,,
934,2021-12-09,SwordsManZoro,97086973,0.0,934,,,
935,2021-12-09,Thor pipaskat,96197094,0.0,935,,,
936,2021-12-09,Chuunin Swag,97091387,0.0,936,,,
937,2021-12-09,M3llow Touch,96195946,0.0,937,,,
938,2021-12-09,TINApie,96195262,0.0,938,,,
939,2021-12-14,Mr BushCyrix,97078494,0.0,939,,,
940,2021-12-09,M3llow Khęprį,97175946,0.0,940,,,
941,2021-12-09,Rømanoff,96153296,0.0,941,,,
942,2021-12-09,M3llow FatChub,96054558,0.0,942,,,
943,2022-01-01,Q80 HUNTER,96121928,0.0,943,,,
944,2022-01-01,Sherl0cked,10205602,0.0,944,,,
945,2021-12-09,Dr AnderStrange,96104411,0.0,945,,,
947,2021-12-09,M3llow Adam,96057102,0.0,947,,,
948,2021-12-09,DE4DPO0L,98020847,0.0,948,,,
949,2021-12-09,D3VYN,98226089,0.0,949,,,
950,2021-12-09,Trooper Cacimo,96053409,0.0,950,,,
951,2021-12-09,Princess Avalie,96126999,0.0,951,,,
952,2021-12-09,JouninﾒH1R4Mﾒ,96025702,0.0,952,,,
953,2021-12-09,KannaK0bayashi,96008726,0.0,953,,,
954,2021-12-09,BLACKVAGOAL,98398193,0.0,954,,,
955,2021-12-09,Will Tuga III,99203747,0.0,955,,,
956,2021-12-09,Slayer X Lukob,96006500,0.0,956,,,
957,2021-12-09,Blueberriesi,99283317,0.0,957,,,
958,2021-12-09,Slayer ˣPēēp,99495030,0.0,958,,,
959,2021-12-09,Miss Riah Swann,97387239,0.0,959,,,
960,2021-12-09,Pirate Cyclöne,96128033,0.0,960,,,
961,2021-12-09,THOR 27PH,97125698,0.0,961,,,
962,2021-12-09,M3llow Airumi,96140979,0.0,962,,,
964,2021-12-09,Nāyeon,96148458,0.0,964,,,
965,2021-12-09,Small Odin,97144363,0.0,965,,,
966,2021-12-09,Miss Chemical,97160911,0.0,966,,,
967,2021-12-09,Jota San,97184158,0.0,967,,,
968,2021-12-09,CaptJackShadow,96143916,0.0,968,,,
969,2021-12-09,CaptEarl,97194125,0.0,969,,,
970,2021-12-09,Trooper Luffy,97201220,0.0,970,,,
971,2021-12-09,Jarvis Ztech,97287877,0.0,971,,,
972,2021-12-09,Pirate McStouty,96139324,0.0,972,,,
973,2021-12-09,Here Cums Elmo,96131574,0.0,973,,,
974,2021-12-09,SilverSurferz,97206229,0.0,974,,,
975,2021-12-09,Mr Pëppër,96130927,0.0,975,,,
976,2021-12-09,WraithShot,97223990,0.0,976,,,
977,2021-12-09,Lethal Pirate,97224201,0.0,977,,,
978,2021-12-09,Pirate SM00th,97250821,0.0,978,,,
979,2021-12-09,M3llow IFF,96201419,0.0,979,,,
980,2021-12-09,Pirate beaver,96603070,0.0,980,,,
981,2021-12-09,Small JucCy,96201947,0.0,981,,,
982,2021-12-09,M3llow Dude,96230581,0.0,982,,,
983,2021-12-09,KÖNİGSRASSE,96256955,0.0,983,,,
984,2022-01-01,Small JMQ,96257326,0.0,984,,,
985,2021-12-09,M3llow Switch,96258082,0.0,985,,,
986,2021-12-09,M3llow hello,96258173,0.0,986,,,
987,2021-12-09,MexiSpideyJay,96258521,0.0,987,,,
988,2021-12-09,M3llow Yami,96259471,0.0,988,,,
989,2021-12-09,Slayer x yMt3,96259916,0.0,989,,,
990,2021-12-09,Pirate SOMALIA,96260831,0.0,990,,,
991,2021-12-09,Nicolau07,96229112,0.0,991,,,
992,2021-12-09,Pirate cass,96645283,0.0,992,,,
993,2021-12-09,Pirate kicking,96228988,0.0,993,,,
994,2021-12-09,Capo Spartanu,96261561,0.0,994,,,
995,2021-12-09,M3llow Rëën,96261631,0.0,995,,,
996,2021-12-09,master758,96262558,0.0,996,,,
997,2021-12-09,Cotton95,96265202,0.0,997,,,
998,2021-12-09,maLdiTa,95922939,0.0,998,,,
999,2021-12-09,økills,96265209,0.0,999,,,
1000,2021-12-09,Jounin Necro99,96267065,0.0,1000,,,
1001,2021-12-09,M3llow Death,96256699,0.0,1001,,,
1002,2021-12-09,M3llow JCO,96255103,0.0,1002,,,
1003,2021-12-09,Ashwillmore,96254835,0.0,1003,,,
1004,2021-12-09,GangsofWasepur,96254604,0.0,1004,,,
1005,2021-12-09,CaptainFelixᴿ,96242763,0.0,1005,,,
1006,2021-12-09,Mr TomaHawk,96240941,0.0,1006,,,
1007,2021-12-09,Falcon Solider,96245101,0.0,1007,,,
1008,2021-12-09,m3llow mannkalo,96245923,0.0,1008,,,
1009,2021-12-09,Mr Trandom,96240225,0.0,1009,,,
1010,2021-12-09,Under Boss Para,96246383,0.0,1010,,,
1011,2021-12-09,Happy Honda,96239466,0.0,1011,,,
1012,2021-12-09,Steelrone,96248420,0.0,1012,,,
1013,2021-12-09,Small Bürgerm,96239377,0.0,1013,,,
1015,2021-12-09,M3llow Tuna,96250012,0.0,1015,,,
1016,2021-12-09,M3llow Blawb,96238368,0.0,1016,,,
1017,2021-12-09,VceN,96253426,0.0,1017,,,
1018,2021-12-09,Jounin Temp,96253645,0.0,1018,,,
1019,2021-12-14,Trooper Mox,96254479,0.0,1019,,,
1020,2022-01-01,I Am SaltTea,15850637,0.0,1020,,,
1021,2021-12-09,ᵉᵐᶦ,96234544,0.0,1021,,,
1022,2021-12-09,Bully Maguire4,96272103,0.0,1022,,,
1023,2022-01-01,KillerX Nnoitra,96273739,0.0,1023,,,
1024,2021-12-09,M3llow Ewert,96273838,0.0,1024,,,
1025,2021-12-09,Psychologyst,96471500,0.0,1025,,,
1026,2021-12-09,KAITx Kz,96482453,0.0,1026,,,
1027,2021-12-09,F2P Dealerr,96486128,0.0,1027,,,
1028,2021-12-09,Midlánèr,96214090,0.0,1028,,,
1029,2021-12-09,M3llow Silence,96553958,0.0,1029,,,
1030,2021-12-09,Killer Riaz,96212776,0.0,1030,,,
1031,2021-12-14,TeeroHPx,12507402,0.0,1031,,,
1032,2021-11-22,nøødle,96212053,0.0,1032,,,
1033,2022-01-01,YouGotNickCrabs,16092334,0.0,1033,,,
1034,2021-12-09,M3llow 7empest,96581509,0.0,1034,,,
1035,2021-12-09,Pirate Kyozelia,96583489,0.0,1035,,,
1036,2021-12-09,Davy Chajones,96595307,0.0,1036,,,
1038,2021-12-09,Interim Name,96207548,0.0,1038,,,
1039,2021-12-09,ÁltairSTARS,96617124,0.0,1039,,,
1040,2021-12-09,SlayerˣCaboツ,96625552,0.0,1040,,,
1041,2021-12-09,Mjǫlnir,16155630,0.0,1041,,,
1042,2021-12-09,M3llow W44RD,96204359,0.0,1042,,,
1043,2021-12-09,Slàyer X Uchí,96214479,0.0,1043,,,
1044,2021-12-09,Slayer X Teavis,96429615,0.0,1044,,,
1045,2021-12-09,nr456 Chvaściu,96274309,0.0,1045,,,
1046,2021-12-09,乄Pirate Val,96427511,0.0,1046,,,
1047,2021-12-09,K9Nate,96277498,0.0,1047,,,
1048,2021-12-09,EntropicMalice,96280450,0.0,1048,,,
1049,2021-12-09,LITE MAN,96285664,0.0,1049,,,
1050,2021-12-09,Bobopudge,96293177,0.0,1050,,,
1051,2021-12-09,headless ripper,96295361,0.0,1051,,,
1052,2021-12-09,Kobe00,96297228,0.0,1052,,,
1053,2021-12-09,Small Murloc,96298101,0.0,1053,,,
1054,2021-12-09,Scarlgard,96218659,0.0,1054,,,
1055,2021-12-09,Welongsw,96299115,0.0,1055,,,
1056,2021-12-09,M3llow Fast,96312657,0.0,1056,,,
1057,2022-01-01,TigerSosa,96326411,0.0,1057,,,
1058,2021-12-09,Slayer X Snakę,96337662,0.0,1058,,,
1059,2021-12-09,dik fury,96365102,0.0,1059,,,
1060,2021-12-09,KillerX aloneF,96378030,0.0,1060,,,
1061,2021-12-09,M3llow Frîja,96399935,0.0,1061,,,
1062,2021-12-09,lepreal,96216646,0.0,1062,,,
1063,2021-12-09,PirateShinyJack,96424810,0.0,1063,,,
1064,2021-12-09,Baby Ravenx,95936756,0.0,1064,,,
1065,2021-12-09,ACHRAF 07,84480956,0.0,1065,,,
1067,2021-11-22,Chrollo 2,75596898,0.0,1067,,,
1068,2022-01-01,AndrewB2017,4209884,0.0,1068,,,
1070,2022-01-01,RodCopperbottom,42331212,0.0,1070,,,
1071,2022-01-01,sǫᴅ BOT 6,42659448,0.0,1071,,,
1072,2021-12-02,zeusS09,42989323,0.0,1072,,,
1074,2022-01-01,Fiona BASH,44071135,0.0,1074,,,
1075,2021-12-09,Pirate POPEYEラ,76023324,0.0,1075,,,
1076,2021-12-09,pirate omponG,75881042,0.0,1076,,,
1077,2022-01-01,SlanterFarm,45778024,0.0,1077,,,
1078,2022-01-01,Marreta Preta I,47030081,0.0,1078,,,
1079,2022-01-01,Organic Orange,75341412,0.0,1079,,,
1080,2021-12-09,Pirate Wiz,80223861,0.0,1080,,,
1081,2022-01-01,Lýnx Mini Farm,75209116,0.0,1081,,,
1082,2022-01-01,Pat king ll,48649473,0.0,1082,,,
1083,2022-01-01,F A L C Ô N,48675758,0.0,1083,,,
1084,2021-11-22,ɢɢ Candyrain,49137996,0.0,1084,,,
1085,2021-12-09,Master Tèo,74522049,0.0,1085,,,
1086,2021-12-09,BFLO,74504631,0.0,1086,,,
1087,2022-01-01,tomizasu 0,74307326,0.0,1087,,,
1089,2022-01-01,Fakiu BB,51276356,0.0,1089,,,
1090,2022-01-01,Grrlglglg,72628943,0.0,1090,,,
1091,2021-12-09,Hector133,72557634,0.0,1091,,,
1092,2021-12-02,RengoJR,76345171,0.0,1092,,,
1093,2021-12-29,Bar Liar Y,76502028,0.0,1093,,,
1094,2021-12-09,Habib123ka4,40448251,0.0,1094,,,
1096,2021-12-09,Millzz,80104536,0.0,1096,,,
1097,2021-12-09,S P L l F F,80093965,0.0,1097,,,
1098,2021-12-09,BABY Jolan,7996506,0.0,1098,,,
1099,2021-12-09,Hʋŋtɘʀ,79940825,0.0,1099,,,
1100,2022-01-01,Fallin002,37763148,0.0,1100,,,
1101,2022-01-01,Red Devilsss,38672458,0.0,1101,,,
1102,2021-12-14,屮 Escan0r 屮,79360533,0.0,1102,,,
1103,2021-12-09,Slayer LegionX,78844814,0.0,1103,,,
1104,2021-12-09,nhàtaocóTV,78825352,0.0,1104,,,
1105,2022-01-01,NASTHAEL,78800403,0.0,1105,,,
1106,2021-12-02,XHĐ1989,78546222,0.0,1106,,,
1107,2021-12-09,Pirate cimut,78405318,0.0,1107,,,
1108,2022-01-01,tookax,39494780,0.0,1108,,,
1110,2022-01-01,R R THANKS,77796370,0.0,1110,,,
1111,2021-12-09,DjieSamSoee,77771007,0.0,1111,,,
1113,2022-01-01,BabyBlackshadow,77644159,0.0,1113,,,
1114,2021-11-22,rjmb,77529769,0.0,1114,,,
1115,2021-12-09,KangBakso471,77415864,0.0,1115,,,
1116,2022-01-01,Pirate Nebu II,39751049,0.0,1116,,,
1117,2021-12-09,M3llow Izzy x,76856995,0.0,1117,,,
1118,2021-11-22,SoujiroLEE,4,0.0,1118,,,
1119,2021-12-29,Polcadot,72466066,0.0,1119,,,
1120,2022-01-01,Taurus 0,72334719,0.0,1120,,,
1122,2022-01-01,Noka AXL,66715811,0.0,1122,,,
1123,2022-01-01,Lemon彩虹,58681682,0.0,1123,,,
1125,2022-01-01,Baby yakoô,58815176,0.0,1125,,,
1126,2022-01-01,Mᴀᴛsᴜʀɪ,66337482,0.0,1126,,,
1127,2021-12-14,Jeg forstar ikk,66238127,0.0,1127,,,
1129,2022-01-01,Bye Tuga Farm,66055533,0.0,1129,,,
1130,2021-12-14,ASHIMO LION,65877360,0.0,1130,,,
1131,2021-12-09,M3llow Empress,58920386,0.0,1131,,,
1132,2022-01-01,FarmerMoxina,65548507,0.0,1132,,,
1133,2021-12-09,KFC chickenn,65004476,0.0,1133,,,
1134,2021-12-09,ᵈᶦʳᵗʸZA,59373607,0.0,1134,,,
1135,2022-01-01,Mini MongD,64873354,0.0,1135,,,
1136,2022-01-01,Lil Flamma,64576781,0.0,1136,,,
1137,2021-12-09,Lovebooty,64357899,0.0,1137,,,
1138,2022-01-01,Bloodrocuted,60665838,0.0,1138,,,
1139,2022-01-01,MSTTNCC,61827973,0.0,1139,,,
1140,2022-01-01,FDantss,61983631,0.0,1140,,,
1141,2021-11-22,自由ㅅ 小怪,62458819,0.0,1141,,,
1142,2022-01-01,SabdopaloN Jr,63736667,0.0,1142,,,
1143,2021-12-09,ÃquaBöťòĺ,63622109,0.0,1143,,,
1144,2021-12-14,Jenderal Semut,63389548,0.0,1144,,,
1145,2022-01-01,oDVHo F1,63498244,0.0,1145,,,
1146,2022-01-01,Castratikon,66504517,0.0,1146,,,
1147,2022-01-01,ServantTiger,58455235,0.0,1147,,,
1148,2022-01-01,OmniManToo,71782184,0.0,1148,,,
1149,2022-01-01,SlaveTiger,58443603,0.0,1149,,,
1150,2021-12-14,Persian King 87,51796131,0.0,1150,,,
1151,2021-12-14,JamesVeryT,52148124,0.0,1151,,,
1152,2022-01-01,BANTENG BLAGU,70669896,0.0,1152,,,
1155,2022-01-01,TrollHüntręss,55127138,0.0,1155,,,
1156,2021-11-22,Tsunade     WTF,55133103,0.0,1156,,,
1157,2021-12-09,4Zinc,55157892,0.0,1157,,,
1158,2022-01-01,suppermen  1,55423883,0.0,1158,,,
1161,2022-01-01,saw FarhoD,69100400,0.0,1161,,,
1162,2022-01-01,Mini Hanie 1,68760958,0.0,1162,,,
1163,2022-01-01,CAP Farm,55889857,0.0,1163,,,
1164,2022-01-01,Slayer X Leoboy,55986797,0.0,1164,,,
1165,2021-12-09,乂 Zora 乂,68138742,0.0,1165,,,
1166,2021-11-22,LuffyLikePuffy,56189359,0.0,1166,,,
1169,2022-01-01,Carnitas955,57893941,0.0,1169,,,
1170,2021-11-22,Valkilittl,58137034,0.0,1170,,,
1172,2021-12-09,亗㋡PirateSTEVE,67069422,0.0,1172,,,
1173,2021-12-09,ᴳᴳ Ana,95833977,0.0,1173,,,
1174,2021-12-02,ToTA966,37447605,0.0,1174,,,
1175,2021-12-09,PirateDickHead,80309379,0.0,1175,,,
1176,2022-01-01,AfroditA I,20605198,0.0,1176,,,
1177,2022-01-01,ᶜʳᵉᵉᴰ,95491469,0.0,1177,,,
1178,2021-12-09,MrFreewind,95476219,0.0,1178,,,
1179,2021-12-09,Dark PİRATE メ,95473038,0.0,1179,,,
1180,2021-12-09,M3llow 5010m0n,95449096,0.0,1180,,,
1181,2021-12-09,Pierrot CEO,95413495,0.0,1181,,,
1182,2021-12-09,Thê Jøkęr,95382558,0.0,1182,,,
1183,2021-12-09,Slayer X RexRie,95370607,0.0,1183,,,
1184,2021-12-09,BatuhanSahinn,95337325,0.0,1184,,,
1185,2021-12-29,Pico10yearsold,20946021,0.0,1185,,,
1186,2021-12-09,EDlT NICKNAME,95303176,0.0,1186,,,
1187,2021-12-09,Pirate Ørń,94267350,0.0,1187,,,
1188,2021-12-02,cháN đờI,93678362,0.0,1188,,,
1189,2021-12-09,12belaguks,21361332,0.0,1189,,,
1190,2022-01-01,city xspd,91938689,0.0,1190,,,
1191,2022-01-01,lorde edge,91456190,0.0,1191,,,
1192,2021-12-09,Ｆ Ｕ Ｒ Ｙ,91404607,0.0,1192,,,
1193,2022-01-01,Slayer X Rakay,21362209,0.0,1193,,,
1194,2021-12-09,ꜰᴜɴᴋ シ,91345871,0.0,1194,,,
1195,2021-12-09,DZ  亗  HUNTER,91324773,0.0,1195,,,
1196,2021-12-09,RoyParker,90952973,0.0,1196,,,
1197,2021-12-09,Kreeholio,90945690,0.0,1197,,,
1198,2021-12-09,Valkyrie Valara,90940423,0.0,1198,,,
1199,2021-12-09,Paperkylla,90935992,0.0,1199,,,
1200,2021-12-09,DevinoxD4th,95540014,0.0,1200,,,
1201,2022-01-01,Sharks2009,95607392,0.0,1201,,,
1202,2022-01-01,Tests fckup,35511600,0.0,1202,,,
1203,2021-11-22,Ms Revane,95667881,0.0,1203,,,
1204,2021-12-09,Anbu Kyando,95808013,0.0,1204,,,
1205,2022-01-01,Small Yasuo vn,95769419,0.0,1205,,,
1206,2021-12-09,Jounin Storm,95698763,0.0,1206,,,
1207,2022-01-01,Fr소nchy亗Yeo,16898698,0.0,1207,,,
1208,2021-12-09,Trooper Shinyai,95682056,0.0,1208,,,
1209,2022-01-01,Chob73,17232791,0.0,1209,,,
1210,2022-01-01,YSf,17373071,0.0,1210,,,
1211,2021-12-09,MrChunkiebean,95680832,0.0,1211,,,
1212,2022-01-01,Darth Guy,95679932,0.0,1212,,,
1213,2021-12-09,Your Lil Donutz,95678848,0.0,1213,,,
1214,2021-12-09,xPokerPQ,95678464,0.0,1214,,,
1216,2021-12-09,Mr DrAkEnN,95678322,0.0,1216,,,
1217,2021-12-09,Killer BKBL4Z3,95678108,0.0,1217,,,
1218,2021-12-02,BabyChoda,17739137,0.0,1218,,,
1219,2021-11-22,stoned farm 6,18401805,0.0,1219,,,
1220,2021-12-09,GWENDOLYN POOLE,95677106,0.0,1220,,,
1221,2021-12-09,FîshGold,95676696,0.0,1221,,,
1222,2021-11-22,Baby Lieber,95676651,0.0,1222,,,
1223,2022-01-01,Rexy Scarlet,19025454,0.0,1223,,,
1224,2021-12-09,pirate snowman,95676492,0.0,1224,,,
1225,2021-12-09,PapaZiggᴿᴬ,95676360,0.0,1225,,,
1226,2021-12-09,Jounin Lima0128,95676117,0.0,1226,,,
1227,2022-01-01,I Love 2285,90827038,0.0,1227,,,
1228,2021-11-22,LiarsV,0,0.0,1228,,,
1229,2022-01-01,MW NaMi,90421701,0.0,1229,,,
1230,2021-12-09,ReignTwo,84449449,0.0,1230,,,
1231,2022-01-01,SEDAT PeKeR,83961633,0.0,1231,,,
1232,2022-01-01,Viddik,83773499,0.0,1232,,,
1233,2021-12-09,belaguu,83636766,0.0,1233,,,
1234,2022-01-01,Hoolee fm,27794057,0.0,1234,,,
1235,2021-12-09,M3llow QUeen,27831676,0.0,1235,,,
1236,2021-12-09,ᴮᴰᴳÇimut,83429851,0.0,1236,,,
1237,2022-01-01,DN0,29115500,0.0,1237,,,
1238,2021-12-09,M3llow Saksa,82311998,0.0,1238,,,
1239,2022-01-01,SHSH神神,81756302,0.0,1239,,,
1240,2022-01-01,Crystål,30844064,0.0,1240,,,
1241,2022-01-01,SHSH月月,81748803,0.0,1241,,,
1242,2022-01-01,ASAP Flacko,30895403,0.0,1242,,,
1243,2022-01-01,ASTARTEA I,31137582,0.0,1243,,,
1244,2022-01-01,pąpůť,81532426,0.0,1244,,,
1245,2022-01-01,彡2 Angel ヅ,81359161,0.0,1245,,,
1246,2021-12-09,Newbie 26H,81006115,0.0,1246,,,
1248,2021-12-09,Pirate۞Gypsy,80699071,0.0,1248,,,
1249,2022-01-01,FarmLouie1,80636643,0.0,1249,,,
1250,2022-01-01,EVANGELION02,80565868,0.0,1250,,,
1251,2022-01-01,Bitcorn,34497254,0.0,1251,,,
1252,2021-12-14,LeugimPT2,35309022,0.0,1252,,,
1253,2022-01-01,Pirate Storm,80358024,0.0,1253,,,
1254,2021-12-29,z Lạc lạc z,89984847,0.0,1254,,,
1255,2021-12-09,Fairy Tough,84184533,0.0,1255,,,
1256,2021-12-09,A Coffee God,26164401,0.0,1256,,,
1257,2021-12-14,HoneyCook,84468905,0.0,1257,,,
1258,2021-12-09,Serito Кun,89921027,0.0,1258,,,
1259,2021-11-22,supersim,89422675,0.0,1259,,,
1260,2021-12-09,R  E P L A Y,89230814,0.0,1260,,,
1261,2022-01-01,Sir Jacquouille,88919373,0.0,1261,,,
1262,2021-12-09,Aom2564,88096540,0.0,1262,,,
1263,2021-12-09,TikkaT3,88028769,0.0,1263,,,
1264,2022-01-01,Piяate Jєwєl,87981918,0.0,1264,,,
1265,2021-12-09,LAAMO,22634309,0.0,1265,,,
1266,2021-12-09,JUANJO1,86732270,0.0,1266,,,
1267,2022-01-01,Cro Patria ٚ,86624714,0.0,1267,,,
1268,2021-12-09,BU Kelly,86518330,0.0,1268,,,
1270,2021-12-09,ZAFAZ,85445513,0.0,1270,,,
1271,2022-01-01,schys,25459192,0.0,1271,,,
1272,2021-12-09,UKnowWho,25538500,0.0,1272,,,
1274,2021-12-09,Slayer X Yan,84721426,0.0,1274,,,
1275,2021-12-09,711 pirate,84665686,0.0,1275,,,
1277,2021-12-09,liloliks,84500039,0.0,1277,,,
1278,2022-01-01,Oreana,25947549,0.0,1278,,,
1279,2022-01-01,Licht Red Baron,63579047,0.0,1279,,,
1280,2022-01-01,LaserCannondeth,66506925,-30254.0,1280,,,
1281,2021-12-29,QuuenBankk,72197579,-4095028.0,1281,,,
1282,2021-12-14,D1sasterx87,82887206,-6851148.0,1282,,,
1283,2022-01-01,Laokiror,17647992,-32241194.0,1283,,,
